,iso6393,language,languageLabel,nativeSpeakers,totalSpeakers,ID,Name,Macroarea,Latitude,Longitude,Glottocode,ISO639P3code,Level,Countries,Family_ID,Language_ID_x,Closest_ISO369P3code,First_Year_Of_Documentation,Last_Year_Of_Documentation,Is_Isolate,Language_ID_y,classification,path,top_family_id,first_subfamily_id,top_family,top_family_level,first_subfamily,first_subfamily_level,mainScript
0,cmn,http://www.wikidata.org/entity/Q9192,Mandarin,918000000,,mand1415,Mandarin Chinese,Eurasia,40.0209,116.228,mand1415,cmn,language,CN;KP;LA;MM;MN;RU;TW;VN,sino1245,,cmn,,,False,mand1415,sino1245/sini1245/clas1255/midd1354/nort3155/mand1471,"['sino1245', 'sini1245', 'clas1255', 'midd1354', 'nort3155', 'mand1471']",sino1245,sini1245,Sino-Tibetan,family,Sinitic,family,
1,eng,http://www.wikidata.org/entity/Q1860,English,753359540,,stan1293,English,Africa;Eurasia;South America,53.0,-1.0,stan1293,eng,language,AU;BM;BR;BZ;CA;CC;CK;CU;CX;DO;FK;GB;GG;GI;GP;GS;GT;GY;HN;IE;IM;IO;JE;KY;LR;MX;NF;PN;SH;SR;UM;US;VE;ZA,indo1319,,eng,,,False,stan1293,indo1319/clas1257/germ1287/nort3152/west2793/nort3175/angl1264/angl1265/late1254/merc1242/macr1271,"['indo1319', 'clas1257', 'germ1287', 'nort3152', 'west2793', 'nort3175', 'angl1264', 'angl1265', 'late1254', 'merc1242', 'macr1271']",indo1319,clas1257,Indo-European,family,Classical Indo-European,family,
2,spa,http://www.wikidata.org/entity/Q1321,Spanish,485000000,,stan1288,Spanish,Eurasia,40.4414,-1.11788,stan1288,spa,language,AD;AR;BO;BR;BZ;CL;CO;CR;CU;DO;EC;ES;FR;GI;GT;GY;HN;HT;MA;MX;NI;PA;PE;PR;PT;PY;SV;US;UY;VE,indo1319,,spa,,,False,stan1288,indo1319/clas1257/ital1284/lati1262/lati1263/impe1234/roma1334/ital1285/west2813/shif1234/sout3183/west2838/cast1243,"['indo1319', 'clas1257', 'ital1284', 'lati1262', 'lati1263', 'impe1234', 'roma1334', 'ital1285', 'west2813', 'shif1234', 'sout3183', 'west2838', 'cast1243']",indo1319,clas1257,Indo-European,family,Classical Indo-European,family,
3,arb,http://www.wikidata.org/entity/Q122602987,Standard Arabic,335000000,,stan1318,Standard Arabic,Eurasia,27.9625,43.8525,stan1318,arb,language,AE;BH;DJ;DZ;EG;ER;IL;IQ;JO;KM;KW;LB;LY;MA;OM;PS;QA;SA;SD;SO;SY;TD;TN;TZ;YE,afro1255,,arb,,,False,stan1318,afro1255/semi1276/west2786/cent2236/arab1394/arab1395,"['afro1255', 'semi1276', 'west2786', 'cent2236', 'arab1394', 'arab1395']",afro1255,semi1276,Afro-Asiatic,family,Semitic,family,
4,ben,http://www.wikidata.org/entity/Q9610,Bangla,300000000,,beng1280,Bengali,Eurasia,24.0,90.0,beng1280,ben,language,BD;IN;NP,indo1319,,ben,,,False,beng1280,indo1319/clas1257/indo1320/indo1321/midd1375/cont1248/indo1323/oriy1254/gaud1237/gaud1238,"['indo1319', 'clas1257', 'indo1320', 'indo1321', 'midd1375', 'cont1248', 'indo1323', 'oriy1254', 'gaud1237', 'gaud1238']",indo1319,clas1257,Indo-European,family,Classical Indo-European,family,
5,por,http://www.wikidata.org/entity/Q5146,Portuguese,221000000,,port1283,Portuguese,Eurasia,39.91,-8.1,port1283,por,language,AD;AR;BO;BR;CO;ES;FR;GF;GY;PE;PT;PY;SR;UY;VE,indo1319,,por,,,False,port1283,indo1319/clas1257/ital1284/lati1262/lati1263/impe1234/roma1334/ital1285/west2813/shif1234/sout3183/west2838/gali1263/macr1272/braz1247,"['indo1319', 'clas1257', 'ital1284', 'lati1262', 'lati1263', 'impe1234', 'roma1334', 'ital1285', 'west2813', 'shif1234', 'sout3183', 'west2838', 'gali1263', 'macr1272', 'braz1247']",indo1319,clas1257,Indo-European,family,Classical Indo-European,family,
6,rus,http://www.wikidata.org/entity/Q7737,Russian,154000000,,russ1263,Russian,Eurasia,59.0,50.0,russ1263,rus,language,BY;CN;EE;FI;GE;KG;KP;KZ;LT;LV;MD;MN;NO;PL;RO;RU;SJ;TM;UA;UZ,indo1319,,rus,,,False,russ1263,indo1319/clas1257/balt1263/slav1255/east1426,"['indo1319', 'clas1257', 'balt1263', 'slav1255', 'east1426']",indo1319,clas1257,Indo-European,family,Classical Indo-European,family,
7,jpn,http://www.wikidata.org/entity/Q5287,Japanese,128000000,,nucl1643,Japanese,Eurasia,35.0,135.0,nucl1643,jpn,language,JP,japo1237,,jpn,,,False,nucl1643,japo1237/japa1256/japa1258,"['japo1237', 'japa1256', 'japa1258']",japo1237,japa1256,Japonic,family,Japanesic,family,
8,pan,http://www.wikidata.org/entity/Q58635,Punjabi,125000000,,panj1256,Eastern Panjabi,Eurasia,30.0368,75.6702,panj1256,pan,language,BD;IN;PK,indo1319,,pan,,,False,panj1256,indo1319/clas1257/indo1320/indo1321/midd1375/cont1248/indo1324/sind1278/lahn1241/east2727,"['indo1319', 'clas1257', 'indo1320', 'indo1321', 'midd1375', 'cont1248', 'indo1324', 'sind1278', 'lahn1241', 'east2727']",indo1319,clas1257,Indo-European,family,Classical Indo-European,family,
9,mar,http://www.wikidata.org/entity/Q1571,Marathi,83100000,,mara1378,Marathi,Eurasia,17.9344,76.6665,mara1378,mar,language,IN,indo1319,,mar,,,False,mara1378,indo1319/clas1257/indo1320/indo1321/midd1375/cont1248/indo1325/mara1416/mara1422/oldm1248/mode1268,"['indo1319', 'clas1257', 'indo1320', 'indo1321', 'midd1375', 'cont1248', 'indo1325', 'mara1416', 'mara1422', 'oldm1248', 'mode1268']",indo1319,clas1257,Indo-European,family,Classical Indo-European,family,
10,tel,http://www.wikidata.org/entity/Q8097,Telugu,82000000,,telu1262,Telugu,Eurasia,16.4529,78.7024,telu1262,tel,language,IN,drav1251,,tel,,,False,telu1262,drav1251/sout3133/sout3139/telu1265,"['drav1251', 'sout3133', 'sout3139', 'telu1265']",drav1251,sout3133,Dravidian,family,South Dravidian,family,
11,wuu,http://www.wikidata.org/entity/Q34290,Wu Chinese,81400000,,wuch1236,Wu Chinese,Eurasia,29.8621,119.682,wuch1236,wuu,language,CN,sino1245,,wuu,,,False,wuch1236,sino1245/sini1245/clas1255/midd1354/wuhu1234/wuic1234,"['sino1245', 'sini1245', 'clas1255', 'midd1354', 'wuhu1234', 'wuic1234']",sino1245,sini1245,Sino-Tibetan,family,Sinitic,family,Hans
12,kor,http://www.wikidata.org/entity/Q9176,Korean,77300000,,kore1280,Korean,Eurasia,37.54,126.98,kore1280,kor,language,CN;KP;KR;RU,kore1284,,kor,,,False,kore1280,kore1284,['kore1284'],kore1284,,Koreanic,family,,,
13,fra,http://www.wikidata.org/entity/Q150,French,77200000,,stan1290,French,Eurasia,48.0,2.0,stan1290,fra,language,AD;BE;CA;CH;FR;GF;IT;LU;MC;PM;TF;US,indo1319,,fra,,,False,stan1290,indo1319/clas1257/ital1284/lati1262/lati1263/impe1234/roma1334/ital1285/west2813/shif1234/nort3208/gall1280/oila1234/cent2283/macr1273/glob1239,"['indo1319', 'clas1257', 'ital1284', 'lati1262', 'lati1263', 'impe1234', 'roma1334', 'ital1285', 'west2813', 'shif1234', 'nort3208', 'gall1280', 'oila1234', 'cent2283', 'macr1273', 'glob1239']",indo1319,clas1257,Indo-European,family,Classical Indo-European,family,
14,tam,http://www.wikidata.org/entity/Q5885,Tamil,75000000,,tami1289,Tamil,Eurasia,10.520219,78.825989,tami1289,tam,language,IN;LK,drav1251,,tam,,,False,tami1289,drav1251/sout3133/sout3138/tami1291/tami1292/tami1293/tami1294/tami1297/tami1298/tami1299/tami1300,"['drav1251', 'sout3133', 'sout3138', 'tami1291', 'tami1292', 'tami1293', 'tami1294', 'tami1297', 'tami1298', 'tami1299', 'tami1300']",drav1251,sout3133,Dravidian,family,South Dravidian,family,
15,yue,http://www.wikidata.org/entity/Q7033959,Yue Chinese,73100000,,yuec1235,Yue Chinese,Eurasia,23.0,113.0,yuec1235,yue,language,CN;VN,sino1245,,yue,,,False,yuec1235,sino1245/sini1245/clas1255/midd1354/yuep1234,"['sino1245', 'sini1245', 'clas1255', 'midd1354', 'yuep1234']",sino1245,sini1245,Sino-Tibetan,family,Sinitic,family,Hant
16,urd,http://www.wikidata.org/entity/Q1617,Urdu,68600000,,urdu1245,Urdu,Eurasia,25.0,67.0,urdu1245,urd,language,AF;BD;IN;PK,indo1319,,urd,,,False,urdu1245,indo1319/clas1257/indo1320/indo1321/midd1375/cont1248/midl1245/shau1239/indo1322/west2812/hind1270,"['indo1319', 'clas1257', 'indo1320', 'indo1321', 'midd1375', 'cont1248', 'midl1245', 'shau1239', 'indo1322', 'west2812', 'hind1270']",indo1319,clas1257,Indo-European,family,Classical Indo-European,family,
17,jav,http://www.wikidata.org/entity/Q33549,Javanese,68300000,,java1254,Javanese,Papunesia,-7.001,109.287,java1254,jav,language,ID;MY,aust1307,,jav,,,False,java1254,aust1307/mala1545/java1253/mode1251/glob1245,"['aust1307', 'mala1545', 'java1253', 'mode1251', 'glob1245']",aust1307,mala1545,Austronesian,family,Malayo-Polynesian,family,
18,vie,http://www.wikidata.org/entity/Q9199,Vietnamese,68058620,,viet1252,Vietnamese,Eurasia,20.681188,105.774071,viet1252,vie,language,CN;LA;VN,aust1305,,vie,,,False,viet1252,aust1305/viet1250/viet1251,"['aust1305', 'viet1250', 'viet1251']",aust1305,viet1250,Austroasiatic,family,Vietic,family,
19,ita,http://www.wikidata.org/entity/Q652,Italian,64800000,,ital1282,Italian,Eurasia,43.0464,12.6489,ital1282,ita,language,AT;CH;FR;HR;IT;SI;SM;VA,indo1319,,ita,,,False,ital1282,indo1319/clas1257/ital1284/lati1262/lati1263/impe1234/roma1334/ital1285/ital1286/ital1287/cent2427,"['indo1319', 'clas1257', 'ital1284', 'lati1262', 'lati1263', 'impe1234', 'roma1334', 'ital1285', 'ital1286', 'ital1287', 'cent2427']",indo1319,clas1257,Indo-European,family,Classical Indo-European,family,
20,arz,http://www.wikidata.org/entity/Q29919,Egyptian Arabic,64600000,,egyp1253,Egyptian Arabic,Africa;Eurasia,31.0,31.0,egyp1253,arz,language,EG;IL;LY,afro1255,,arz,,,False,egyp1253,afro1255/semi1276/west2786/cent2236/arab1394/arab1395/egyp1251/egyp1254,"['afro1255', 'semi1276', 'west2786', 'cent2236', 'arab1394', 'arab1395', 'egyp1251', 'egyp1254']",afro1255,semi1276,Afro-Asiatic,family,Semitic,family,Arab
21,deu,http://www.wikidata.org/entity/Q188,German,58452300,,stan1295,German,Eurasia,48.649,12.4676,stan1295,deu,language,AT;BE;CH;CZ;DE;DK;FR;HU;IT;LI;LU;NL;PL;RO;SI;SK,indo1319,,deu,,,False,stan1295,indo1319/clas1257/germ1287/nort3152/west2793/high1289/high1286/midd1349/mode1258/uppe1464/glob1243,"['indo1319', 'clas1257', 'germ1287', 'nort3152', 'west2793', 'high1289', 'high1286', 'midd1349', 'mode1258', 'uppe1464', 'glob1243']",indo1319,clas1257,Indo-European,family,Classical Indo-European,family,
22,guj,http://www.wikidata.org/entity/Q5137,Gujarati,56400000,,guja1252,Gujarati,Eurasia,22.687,71.0962,guja1252,guj,language,BD;IN;PK,indo1319,,guj,,,False,guja1252,indo1319/clas1257/indo1320/indo1321/midd1375/cont1248/midl1245/apab1234/guja1255/guja1256,"['indo1319', 'clas1257', 'indo1320', 'indo1321', 'midd1375', 'cont1248', 'midl1245', 'apab1234', 'guja1255', 'guja1256']",indo1319,clas1257,Indo-European,family,Classical Indo-European,family,
23,pes,http://www.wikidata.org/entity/Q3513637,Iranian Persian,52800000,,west2369,Western Farsi,Eurasia,32.9,53.3,west2369,pes,language,AF;AZ;IQ;IR;TM;TR,indo1319,,pes,,,False,west2369,indo1319/clas1257/indo1320/iran1271/iran1269/sout3157/midd1352/mode1259/fars1254/fars1255,"['indo1319', 'clas1257', 'indo1320', 'iran1271', 'iran1269', 'sout3157', 'midd1352', 'mode1259', 'fars1254', 'fars1255']",indo1319,clas1257,Indo-European,family,Classical Indo-European,family,
24,bho,http://www.wikidata.org/entity/Q33268,Bhojpuri,52200000,,bhoj1244,Bhojpuri,Eurasia,26.458455,84.817115,bhoj1244,bho,language,IN;NP,indo1319,,bho,,,False,bhoj1244,indo1319/clas1257/indo1320/indo1321/midd1375/cont1248/midl1245/shau1239/biha1245/mait1254/bhoj1246,"['indo1319', 'clas1257', 'indo1320', 'indo1321', 'midd1375', 'cont1248', 'midl1245', 'shau1239', 'biha1245', 'mait1254', 'bhoj1246']",indo1319,clas1257,Indo-European,family,Classical Indo-European,family,Deva
25,hak,http://www.wikidata.org/entity/Q33375,Hakka Chinese,48200000,,hakk1236,Hakka Chinese,Eurasia,25.0,116.0,hakk1236,hak,language,CN;TW,sino1245,,hak,,,False,hakk1236,sino1245/sini1245/clas1255/midd1354,"['sino1245', 'sini1245', 'clas1255', 'midd1354']",sino1245,sini1245,Sino-Tibetan,family,Sinitic,family,Hans
26,cjy,http://www.wikidata.org/entity/Q56479,Jin,46900000,,jiny1235,Jinyu Chinese,Eurasia,38.8284,111.278,jiny1235,cjy,language,CN,sino1245,,cjy,,,False,jiny1235,sino1245/sini1245/clas1255/midd1354/nort3155,"['sino1245', 'sini1245', 'clas1255', 'midd1354', 'nort3155']",sino1245,sini1245,Sino-Tibetan,family,Sinitic,family,Hans
27,apc,http://www.wikidata.org/entity/Q56593,Levantine Arabic,44000000,,nort3139,Levantine Arabic,Eurasia,34.1709,36.0468,nort3139,apc,language,IL;LB;SY;TR,afro1255,,apc,,,False,nort3139,afro1255/semi1276/west2786/cent2236/arab1394/arab1395/leva1239,"['afro1255', 'semi1276', 'west2786', 'cent2236', 'arab1394', 'arab1395', 'leva1239']",afro1255,semi1276,Afro-Asiatic,family,Semitic,family,Arab
28,hau,http://www.wikidata.org/entity/Q56475,Hausa,43900000,,haus1257,Hausa,Africa,11.1513,8.7804,haus1257,hau,language,BF;BJ;CM;NE;NG;TD,afro1255,,hau,,,False,haus1257,afro1255/chad1250/west2785/west2714/west2718,"['afro1255', 'chad1250', 'west2785', 'west2714', 'west2718']",afro1255,chad1250,Afro-Asiatic,family,Chadic,family,
29,ind,http://www.wikidata.org/entity/Q9240,Indonesian,43627550,,indo1316,Standard Indonesian,Papunesia,-7.33458,109.716,indo1316,ind,language,ID;NL;PH;SA;SG;US,aust1307,,ind,,,False,indo1316,aust1307/mala1545/mala1554/mala1538/nucl1806/stan1327,"['aust1307', 'mala1545', 'mala1554', 'mala1538', 'nucl1806', 'stan1327']",aust1307,mala1545,Austronesian,family,Malayo-Polynesian,family,
30,kan,http://www.wikidata.org/entity/Q33673,Kannada,43600000,,nucl1305,Kannada,Eurasia,13.5878,76.1198,nucl1305,kan,language,IN,drav1251,,kan,,,False,nucl1305,drav1251/sout3133/sout3138/tami1291/bada1263/kann1259/kann1255,"['drav1251', 'sout3133', 'sout3138', 'tami1291', 'bada1263', 'kann1259', 'kann1255']",drav1251,sout3133,Dravidian,family,South Dravidian,family,
31,arq,http://www.wikidata.org/entity/Q56499,Algerian Arabic,42252851,,alge1239,Algerian Arabic,Africa,35.4208,3.23033,alge1239,arq,language,DZ;MA;TN,afro1255,,arq,,,False,alge1239,afro1255/semi1276/west2786/cent2236/arab1394/arab1395/nort3191/west3017/magh1239,"['afro1255', 'semi1276', 'west2786', 'cent2236', 'arab1394', 'arab1395', 'nort3191', 'west3017', 'magh1239']",afro1255,semi1276,Afro-Asiatic,family,Semitic,family,Arab
32,pol,http://www.wikidata.org/entity/Q809,Polish,39700000,,poli1260,Polish,Eurasia,51.8439,18.6255,poli1260,pol,language,BY;CZ;DE;LT;PL;RU;SK;UA,indo1319,,pol,,,False,poli1260,indo1319/clas1257/balt1263/slav1255/west2792/lech1241/poli1262,"['indo1319', 'clas1257', 'balt1263', 'slav1255', 'west2792', 'lech1241', 'poli1262']",indo1319,clas1257,Indo-European,family,Classical Indo-European,family,
33,yor,http://www.wikidata.org/entity/Q34311,Yoruba,37800000,,yoru1245,Yoruba,Africa,7.15345,3.67225,yoru1245,yor,language,BJ;NG,atla1278,,yor,,,False,yoru1245,atla1278/volt1241/benu1247/defo1239/yoru1244/edek1238/edea1234/east2738/sout3186/nucl1747/lucu1239,"['atla1278', 'volt1241', 'benu1247', 'defo1239', 'yoru1244', 'edek1238', 'edea1234', 'east2738', 'sout3186', 'nucl1747', 'lucu1239']",atla1278,volt1241,Atlantic-Congo,family,Volta-Congo,family,
34,hsn,http://www.wikidata.org/entity/Q13220,Xiang Chinese,37300000,,xian1251,Xiang Chinese,Eurasia,27.66847,111.47112,xian1251,hsn,language,CN,sino1245,,hsn,,,False,xian1251,sino1245/sini1245/clas1255/midd1354,"['sino1245', 'sini1245', 'clas1255', 'midd1354']",sino1245,sini1245,Sino-Tibetan,family,Sinitic,family,Hans
35,mal,http://www.wikidata.org/entity/Q36236,Malayalam,37100000,,mala1464,Malayalam,Eurasia,9.59208,76.7651,mala1464,mal,language,IN,drav1251,,mal,,,False,mala1464,drav1251/sout3133/sout3138/tami1291/tami1292/tami1293/tami1294/tami1297/tami1298/mala1541,"['drav1251', 'sout3133', 'sout3138', 'tami1291', 'tami1292', 'tami1293', 'tami1294', 'tami1297', 'tami1298', 'mala1541']",drav1251,sout3133,Dravidian,family,South Dravidian,family,
36,ory,http://www.wikidata.org/entity/Q33810,Odia,34500000,,oriy1255,Odia,Eurasia,21.0,85.0,oriy1255,ory,language,IN,indo1319,,ory,,,False,oriy1255,indo1319/clas1257/indo1320/indo1321/midd1375/cont1248/indo1323/oriy1254/macr1269,"['indo1319', 'clas1257', 'indo1320', 'indo1321', 'midd1375', 'cont1248', 'indo1323', 'oriy1254', 'macr1269']",indo1319,clas1257,Indo-European,family,Classical Indo-European,family,
37,mai,http://www.wikidata.org/entity/Q36109,Maithili,33900000,,mait1250,Maithili,Eurasia,26.3817,86.2211,mait1250,mai,language,IN;NP,indo1319,,mai,,,False,mait1250,indo1319/clas1257/indo1320/indo1321/midd1375/cont1248/midl1245/shau1239/biha1245/mait1254,"['indo1319', 'clas1257', 'indo1320', 'indo1321', 'midd1375', 'cont1248', 'midl1245', 'shau1239', 'biha1245', 'mait1254']",indo1319,clas1257,Indo-European,family,Classical Indo-European,family,Deva
38,mya,http://www.wikidata.org/entity/Q9228,Burmese,32900000,,nucl1310,Burmese,Eurasia,20.7926,93.9665,nucl1310,mya,language,BD;MM;TH,sino1245,,mya,,,False,nucl1310,sino1245/burm1265/lolo1265/burm1266/sout3159/mran1234/nucl1811,"['sino1245', 'burm1265', 'lolo1265', 'burm1266', 'sout3159', 'mran1234', 'nucl1811']",sino1245,burm1265,Sino-Tibetan,family,Burmo-Qiangic,family,
39,sun,http://www.wikidata.org/entity/Q34002,Sundanese,32400000,,sund1252,Sundanese,Papunesia,-6.89708,107.106,sund1252,sun,language,ID,aust1307,,sun,,,False,sund1252,aust1307/mala1545,"['aust1307', 'mala1545']",aust1307,mala1545,Austronesian,family,Malayo-Polynesian,family,
40,apd,http://www.wikidata.org/entity/Q56573,Sudanese Arabic,31900000,,suda1236,Sudanese Arabic,Africa,17.8021,33.3179,suda1236,apd,language,CF;EG;ER;ET;LY;SD;TD,afro1255,,apd,,,False,suda1236,afro1255/semi1276/west2786/cent2236/arab1394/arab1395/egyp1251/egyp1254/suda1235/east2897,"['afro1255', 'semi1276', 'west2786', 'cent2236', 'arab1394', 'arab1395', 'egyp1251', 'egyp1254', 'suda1235', 'east2897']",afro1255,semi1276,Afro-Asiatic,family,Semitic,family,Arab
41,ary,http://www.wikidata.org/entity/Q56426,Moroccan Arabic,27500000,,moro1292,Moroccan Arabic,Africa,32.5,-7.5,moro1292,ary,language,DZ;EH;MA,afro1255,,ary,,,False,moro1292,afro1255/semi1276/west2786/cent2236/arab1394/arab1395/nort3191/west3017/magh1239,"['afro1255', 'semi1276', 'west2786', 'cent2236', 'arab1394', 'arab1395', 'nort3191', 'west3017', 'magh1239']",afro1255,semi1276,Afro-Asiatic,family,Semitic,family,Arab
42,ibo,http://www.wikidata.org/entity/Q33578,Igbo,27000000,,nucl1417,Igbo,Africa,4.62705,7.23441,nucl1417,ibo,language,NG,atla1278,,ibo,,,False,nucl1417,atla1278/volt1241/benu1247/igbo1258/igbo1259/cent2417,"['atla1278', 'volt1241', 'benu1247', 'igbo1258', 'igbo1259', 'cent2417']",atla1278,volt1241,Atlantic-Congo,family,Volta-Congo,family,
43,ukr,http://www.wikidata.org/entity/Q8798,Ukrainian,26900000,,ukra1253,Ukrainian,Eurasia,49.796,29.945,ukra1253,ukr,language,BY;HU;MD;PL;RO;RU;SK;UA,indo1319,,ukr,,,False,ukra1253,indo1319/clas1257/balt1263/slav1255/east1426/ukra1257,"['indo1319', 'clas1257', 'balt1263', 'slav1255', 'east1426', 'ukra1257']",indo1319,clas1257,Indo-European,family,Classical Indo-European,family,
44,snd,http://www.wikidata.org/entity/Q33997,Sindhi,24600000,,sind1272,Sindhi,Eurasia,26.0,69.0,sind1272,snd,language,IN;PK,indo1319,,snd,,,False,sind1272,indo1319/clas1257/indo1320/indo1321/midd1375/cont1248/indo1324/sind1278/sind1279/sind1282,"['indo1319', 'clas1257', 'indo1320', 'indo1321', 'midd1375', 'cont1248', 'indo1324', 'sind1278', 'sind1279', 'sind1282']",indo1319,clas1257,Indo-European,family,Classical Indo-European,family,
45,ron,http://www.wikidata.org/entity/Q7913,Romanian,24300000,,roma1327,Romanian,Eurasia,46.3913,24.2256,roma1327,ron,language,BG;HU;MD;RO;RS;UA,indo1319,,ron,,,False,roma1327,indo1319/clas1257/ital1284/lati1262/lati1263/impe1234/roma1334/east2714/nort3361/east2865,"['indo1319', 'clas1257', 'ital1284', 'lati1262', 'lati1263', 'impe1234', 'roma1334', 'east2714', 'nort3361', 'east2865']",indo1319,clas1257,Indo-European,family,Classical Indo-European,family,
46,tgl,http://www.wikidata.org/entity/Q34057,Tagalog,23600000,,taga1270,Tagalog,Papunesia,14.06,121.747,taga1270,tgl,language,PH,aust1307,,tgl,,,False,taga1270,aust1307/mala1545/grea1284/cent2246/taga1280/taga1269,"['aust1307', 'mala1545', 'grea1284', 'cent2246', 'taga1280', 'taga1269']",aust1307,mala1545,Austronesian,family,Malayo-Polynesian,family,
47,nld,http://www.wikidata.org/entity/Q7411,Dutch,23100000,,dutc1256,Dutch,Eurasia,52.0,5.0,dutc1256,nld,language,AW;BE;BQ;BR;CW;DE;GF;GY;NL;SR;SX,indo1319,,nld,,,False,dutc1256,indo1319/clas1257/germ1287/nort3152/west2793/macr1270/midd1347/mode1257/glob1241,"['indo1319', 'clas1257', 'germ1287', 'nort3152', 'west2793', 'macr1270', 'midd1347', 'mode1257', 'glob1241']",indo1319,clas1257,Indo-European,family,Classical Indo-European,family,
48,aec,http://www.wikidata.org/entity/Q56592,Saʽidi Arabic,22400000,,said1239,Saidi Arabic,Africa,25.4132,30.5302,said1239,aec,language,EG;SD,afro1255,,aec,,,False,said1239,afro1255/semi1276/west2786/cent2236/arab1394/arab1395/egyp1251/egyp1254,"['afro1255', 'semi1276', 'west2786', 'cent2236', 'arab1394', 'arab1395', 'egyp1251', 'egyp1254']",afro1255,semi1276,Afro-Asiatic,family,Semitic,family,Arab
49,gan,http://www.wikidata.org/entity/Q33475,Gan Chinese,22100000,,ganc1239,Gan Chinese,Eurasia,27.9896,115.166,ganc1239,gan,language,CN,sino1245,,gan,,,False,ganc1239,sino1245/sini1245/clas1255/midd1354,"['sino1245', 'sini1245', 'clas1255', 'midd1354']",sino1245,sini1245,Sino-Tibetan,family,Sinitic,family,Hans
50,awa,http://www.wikidata.org/entity/Q29579,Awadhi,22000000,,awad1243,Awadhi,Eurasia,27.5907,82.4663,awad1243,awa,language,IN;NP,indo1319,,awa,,,False,awad1243,indo1319/clas1257/indo1320/indo1321/midd1375/cont1248/midl1245/shau1239/east2726/awad1245,"['indo1319', 'clas1257', 'indo1320', 'indo1321', 'midd1375', 'cont1248', 'midl1245', 'shau1239', 'east2726', 'awad1245']",indo1319,clas1257,Indo-European,family,Classical Indo-European,family,Deva
51,amh,http://www.wikidata.org/entity/Q28244,Amharic,21900000,,amha1245,Amharic,Africa,11.708182,39.543456,amha1245,amh,language,DJ;ET,afro1255,,amh,,,False,amha1245,afro1255/semi1276/west2786/ethi1244/sout3078/amha1244,"['afro1255', 'semi1276', 'west2786', 'ethi1244', 'sout3078', 'amha1244']",afro1255,semi1276,Afro-Asiatic,family,Semitic,family,
52,pbu,http://www.wikidata.org/entity/Q12642194,Northern Pashto,20900000,,nort2646,Northern Pashto,Eurasia,34.0,71.33,nort2646,pbu,language,AF;IN;PK,indo1319,,pbu,,,False,nort2646,indo1319/clas1257/indo1320/iran1271/iran1269/pash1269/nucl1276,"['indo1319', 'clas1257', 'indo1320', 'iran1271', 'iran1269', 'pash1269', 'nucl1276']",indo1319,clas1257,Indo-European,family,Classical Indo-European,family,
53,tha,http://www.wikidata.org/entity/Q9217,Thai,20700000,,thai1261,Thai,Eurasia,14.192,100.671,thai1261,tha,language,KH;MM;TH,taik1256,,tha,,,False,thai1261,taik1256/kamt1241/daic1238/daic1237/cent2251/wenm1239/sapa1255/sout3184/sput1235/laot1235,"['taik1256', 'kamt1241', 'daic1238', 'daic1237', 'cent2251', 'wenm1239', 'sapa1255', 'sout3184', 'sput1235', 'laot1235']",taik1256,kamt1241,Tai-Kadai,family,Kam-Tai,family,
54,mag,http://www.wikidata.org/entity/Q33728,Magahi,20700000,,maga1260,Magahi,Eurasia,25.0915,85.3335,maga1260,mag,language,IN,indo1319,,mag,,,False,maga1260,indo1319/clas1257/indo1320/indo1321/midd1375/cont1248/midl1245/shau1239/biha1245/mait1254,"['indo1319', 'clas1257', 'indo1320', 'indo1321', 'midd1375', 'cont1248', 'midl1245', 'shau1239', 'biha1245', 'mait1254']",indo1319,clas1257,Indo-European,family,Classical Indo-European,family,Deva
55,skr,http://www.wikidata.org/entity/Q33902,Saraiki,20009000,,sera1259,Saraiki,Eurasia,29.5534,71.906,sera1259,skr,language,IN;PK,indo1319,,skr,,,False,sera1259,indo1319/clas1257/indo1320/indo1321/midd1375/cont1248/indo1324/sind1278/lahn1241/hind1274/sira1271,"['indo1319', 'clas1257', 'indo1320', 'indo1321', 'midd1375', 'cont1248', 'indo1324', 'sind1278', 'lahn1241', 'hind1274', 'sira1271']",indo1319,clas1257,Indo-European,family,Classical Indo-European,family,Arab
56,lin,http://www.wikidata.org/entity/Q36217,Lingala,20000000,,ling1263,Kinshasa Lingala,Africa,-4.409174,15.28532,ling1263,lin,language,CD;CF;CG,atla1278,,lin,,,False,ling1263,atla1278/volt1241/benu1247/bant1294/sout3152/narr1281/cent2260/nort3376/rive1266/ngir1248/ngir1252/ngir1254/boba1248/boba1249/boba1250/ling1269,"['atla1278', 'volt1241', 'benu1247', 'bant1294', 'sout3152', 'narr1281', 'cent2260', 'nort3376', 'rive1266', 'ngir1248', 'ngir1252', 'ngir1254', 'boba1248', 'boba1249', 'boba1250', 'ling1269']",atla1278,volt1241,Atlantic-Congo,family,Volta-Congo,family,
57,hbs,http://www.wikidata.org/entity/Q9301,Serbo-Croatian,19000000,,sout1528,Serbian-Croatian-Bosnian,Eurasia,44.15,18.81,sout1528,hbs,language,RS,indo1319,,hbs,,,False,sout1528,indo1319/clas1257/balt1263/slav1255/sout3147/west2804,"['indo1319', 'clas1257', 'balt1263', 'slav1255', 'sout3147', 'west2804']",indo1319,clas1257,Indo-European,family,Classical Indo-European,family,
58,tzm,http://www.wikidata.org/entity/Q49741,Central Atlas Tamazight,17000000,,cent2194,Central Moroccan Berber,Africa,32.7415,-2.40872,cent2194,tzm,language,DZ;MA,afro1255,,tzm,,,False,cent2194,afro1255/berb1260/kaby1244/atla1275,"['afro1255', 'berb1260', 'kaby1244', 'atla1275']",afro1255,berb1260,Afro-Asiatic,family,Berber,family,Latn
59,khm,http://www.wikidata.org/entity/Q9205,Khmer,16600000,,cent1989,Central Khmer,Eurasia,12.0515,105.015,cent1989,khm,language,KH;LA;TH;VN,aust1305,,khm,,,False,cent1989,aust1305/khme1253,"['aust1305', 'khme1253']",aust1305,khme1253,Austroasiatic,family,Khmeric,family,
60,hne,http://www.wikidata.org/entity/Q33158,Chhattisgarhi,16300000,,chha1249,Chhattisgarhi,Eurasia,20.3601,82.0483,chha1249,hne,language,IN,indo1319,,hne,,,False,chha1249,indo1319/clas1257/indo1320/indo1321/midd1375/cont1248/midl1245/shau1239/east2726,"['indo1319', 'clas1257', 'indo1320', 'indo1321', 'midd1375', 'cont1248', 'midl1245', 'shau1239', 'east2726']",indo1319,clas1257,Indo-European,family,Classical Indo-European,family,Deva
61,som,http://www.wikidata.org/entity/Q13275,Somali,16200000,,soma1255,Somali,Africa,4.778704,45.152856,soma1255,som,language,DJ;ET;KE;SO,afro1255,,som,,,False,soma1255,afro1255/cush1243/east2699/lowl1267/sout3055/main1283/omot1245/east2653,"['afro1255', 'cush1243', 'east2699', 'lowl1267', 'sout3055', 'main1283', 'omot1245', 'east2653']",afro1255,cush1243,Afro-Asiatic,family,Cushitic,family,
62,swh,http://www.wikidata.org/entity/Q3197533,Kiswahili,16010110,,swah1253,Swahili,Africa,-8.25605,37.624,swah1253,swh,language,BI;KE;MZ;RW;SO;TZ;UG,atla1278,,swh,,,False,swah1253,atla1278/volt1241/benu1247/bant1294/sout3152/narr1281/east2731/nort3203/nort3209/coas1317/saba1282/swah1254/momb1256,"['atla1278', 'volt1241', 'benu1247', 'bant1294', 'sout3152', 'narr1281', 'east2731', 'nort3203', 'nort3209', 'coas1317', 'saba1282', 'swah1254', 'momb1256']",atla1278,volt1241,Atlantic-Congo,family,Volta-Congo,family,
63,ceb,http://www.wikidata.org/entity/Q33239,Cebuano,15900000,,cebu1242,Cebuano,Papunesia,8.38799,124.367,cebu1242,ceb,language,PH,aust1307,,ceb,,,False,cebu1242,aust1307/mala1545/grea1284/cent2246/bisa1268,"['aust1307', 'mala1545', 'grea1284', 'cent2246', 'bisa1268']",aust1307,mala1545,Austronesian,family,Malayo-Polynesian,family,Latn
64,acm,http://www.wikidata.org/entity/Q56232,Iraqi Arabic,15700000,,meso1252,Gilit Mesopotamian Arabic,Eurasia,33.8178,43.1095,meso1252,acm,language,IQ;IR;JO;SY;TR,afro1255,,acm,,,False,meso1252,afro1255/semi1276/west2786/cent2236/arab1394/arab1395/east2729,"['afro1255', 'semi1276', 'west2786', 'cent2236', 'arab1394', 'arab1395', 'east2729']",afro1255,semi1276,Afro-Asiatic,family,Semitic,family,Arab
65,asm,http://www.wikidata.org/entity/Q29401,Assamese,15300000,,assa1263,Assamese,Eurasia,26.0876,91.2932,assa1263,asm,language,BD;BT;IN,indo1319,,asm,,,False,assa1263,indo1319/clas1257/indo1320/indo1321/midd1375/cont1248/indo1323/oriy1254/gaud1237/kamt1240/assa1262,"['indo1319', 'clas1257', 'indo1320', 'indo1321', 'midd1375', 'cont1248', 'indo1323', 'oriy1254', 'gaud1237', 'kamt1240', 'assa1262']",indo1319,clas1257,Indo-European,family,Classical Indo-European,family,
66,sin,http://www.wikidata.org/entity/Q13267,Sinhala,15300000,,sinh1246,Sinhala,Eurasia,8.0,81.0,sinh1246,sin,language,LK,indo1319,,sin,,,False,sinh1246,indo1319/clas1257/indo1320/indo1321/midd1375/sinh1245/sinh1247,"['indo1319', 'clas1257', 'indo1320', 'indo1321', 'midd1375', 'sinh1245', 'sinh1247']",indo1319,clas1257,Indo-European,family,Classical Indo-European,family,
67,tts,http://www.wikidata.org/entity/Q33417,Isan,15000000,,nort2741,Northeastern Thai,Eurasia,16.03,103.67,nort2741,tts,language,KH;LA;TH,taik1256,,tts,,,False,nort2741,taik1256/kamt1241/daic1238/daic1237/cent2251/wenm1239/sapa1255/sout3184/sput1235/laot1235/sako1234,"['taik1256', 'kamt1241', 'daic1238', 'daic1237', 'cent2251', 'wenm1239', 'sapa1255', 'sout3184', 'sput1235', 'laot1235', 'sako1234']",taik1256,kamt1241,Tai-Kadai,family,Kam-Tai,family,Thai
68,mad,http://www.wikidata.org/entity/Q36213,Madurese,15000000,,nucl1460,Madurese,Papunesia,-7.0,113.0,nucl1460,mad,language,ID,aust1307,,mad,,,False,nucl1460,aust1307/mala1545/madu1247,"['aust1307', 'mala1545', 'madu1247']",aust1307,mala1545,Austronesian,family,Malayo-Polynesian,family,Latn
69,ell,http://www.wikidata.org/entity/Q36510,Modern Greek,15000000,,mode1248,Modern Greek,Eurasia,38.36,23.13,mode1248,ell,language,AL;BG;CY;EG;GR;IT;MK;RO;TR;UA,indo1319,,ell,,,False,mode1248,indo1319/clas1257/grae1234/gree1276/east2798/cent2404/koin1234/mode1266/nucl1783,"['indo1319', 'clas1257', 'grae1234', 'gree1276', 'east2798', 'cent2404', 'koin1234', 'mode1266', 'nucl1783']",indo1319,clas1257,Indo-European,family,Classical Indo-European,family,
70,kmr,http://www.wikidata.org/entity/Q36163,Kurmanji,14600000,,nort2641,Northern Kurdish,Eurasia,37.0,43.0,nort2641,kmr,language,AM;AZ;IQ;IR;JO;KW;SY;TM;TR,indo1319,,kmr,,,False,nort2641,indo1319/clas1257/indo1320/iran1271/iran1269/cent2317/cent2318/nort3177/laki1246/kurd1259,"['indo1319', 'clas1257', 'indo1320', 'iran1271', 'iran1269', 'cent2317', 'cent2318', 'nort3177', 'laki1246', 'kurd1259']",indo1319,clas1257,Indo-European,family,Classical Indo-European,family,
71,fuv,http://www.wikidata.org/entity/Q36129,Nigerian Fulfulde,14500000,,nige1253,Hausa States Fulfulde,Africa,10.9972,11.1188,nige1253,fuv,language,CM;NG;TD,atla1278,,fuv,,,False,nige1253,atla1278/nort3146/peul1234/fula1264/fula1265,"['atla1278', 'nort3146', 'peul1234', 'fula1264', 'fula1265']",atla1278,nort3146,Atlantic-Congo,family,North-Central Atlantic,family,Latn
72,bar,http://www.wikidata.org/entity/Q29540,Bavarian,14100000,,bava1246,Bavarian,Eurasia,47.9232,13.246,bava1246,bar,language,AT;CH;CZ;DE;IT;RO;SI,indo1319,,bar,,,False,bava1246,indo1319/clas1257/germ1287/nort3152/west2793/high1289/high1286/midd1349/mode1258/baye1239,"['indo1319', 'clas1257', 'germ1287', 'nort3152', 'west2793', 'high1289', 'high1286', 'midd1349', 'mode1258', 'baye1239']",indo1319,clas1257,Indo-European,family,Classical Indo-European,family,Latn
73,bgc,http://www.wikidata.org/entity/Q33410,Haryanvi,14000000,,hary1238,Haryanvi,Eurasia,29.0166,76.0432,hary1238,bgc,language,IN,indo1319,,bgc,,,False,hary1238,indo1319/clas1257/indo1320/indo1321/midd1375/cont1248/midl1245/shau1239/indo1322/west2812/hary1239,"['indo1319', 'clas1257', 'indo1320', 'indo1321', 'midd1375', 'cont1248', 'midl1245', 'shau1239', 'indo1322', 'west2812', 'hary1239']",indo1319,clas1257,Indo-European,family,Classical Indo-European,family,Deva
74,tgk,http://www.wikidata.org/entity/Q9260,Tajik,14000000,,taji1245,Tajik,Eurasia,38.8213,68.5549,taji1245,tgk,language,AF;CN;KG;TJ;UZ,indo1319,,tgk,,,False,taji1245,indo1319/clas1257/indo1320/iran1271/iran1269/sout3157/midd1352/mode1259/fars1254/fars1255/east2745/taji1250,"['indo1319', 'clas1257', 'indo1320', 'iran1271', 'iran1269', 'sout3157', 'midd1352', 'mode1259', 'fars1254', 'fars1255', 'east2745', 'taji1250']",indo1319,clas1257,Indo-European,family,Classical Indo-European,family,
75,syl,http://www.wikidata.org/entity/Q2044560,Sylheti,13980000,,sylh1242,Sylheti,Eurasia,24.83724,92.25347,sylh1242,syl,language,BD;IN;MM,indo1319,,syl,,,False,sylh1242,indo1319/clas1257/indo1320/indo1321/midd1375/cont1248/indo1323/oriy1254/gaud1237/gaud1238/east2744,"['indo1319', 'clas1257', 'indo1320', 'indo1321', 'midd1375', 'cont1248', 'indo1323', 'oriy1254', 'gaud1237', 'gaud1238', 'east2744']",indo1319,clas1257,Indo-European,family,Classical Indo-European,family,Beng
76,azb,http://www.wikidata.org/entity/Q3449805,South Azerbaijani,13800000,,sout2697,South Azerbaijani,Eurasia,36.5137,48.4302,sout2697,azb,language,AF;AZ;IQ;IR;TR,turk1311,,azb,,,False,sout2697,turk1311/comm1245/oghu1243/nucl1769/azer1255,"['turk1311', 'comm1245', 'oghu1243', 'nucl1769', 'azer1255']",turk1311,comm1245,Turkic,family,Common Turkic,family,Arab
77,ctg,http://www.wikidata.org/entity/Q33173,Chittagonian,13000000,,chit1275,Chittagonian,Eurasia,20.831,93.1695,chit1275,ctg,language,BD,indo1319,,ctg,,,False,chit1275,indo1319/clas1257/indo1320/indo1321/midd1375/cont1248/indo1323/oriy1254/gaud1237/gaud1238/sout3182,"['indo1319', 'clas1257', 'indo1320', 'indo1321', 'midd1375', 'cont1248', 'indo1323', 'oriy1254', 'gaud1237', 'gaud1238', 'sout3182']",indo1319,clas1257,Indo-European,family,Classical Indo-European,family,Beng
78,kaz,http://www.wikidata.org/entity/Q9252,Kazakh,12900000,,kaza1248,Kazakh,Eurasia,51.17,71.454,kaza1248,kaz,language,AF;CN;IR;KG;KZ;MN;RU;TJ;TM;UZ,turk1311,,kaz,,,False,kaza1248,turk1311/comm1245/kipc1240/kipc1239/sout3396/sout2701,"['turk1311', 'comm1245', 'kipc1240', 'kipc1239', 'sout3396', 'sout2701']",turk1311,comm1245,Turkic,family,Common Turkic,family,
79,hun,http://www.wikidata.org/entity/Q9067,Hungarian,12600000,,hung1274,Hungarian,Eurasia,46.9068585714,19.6555271429,hung1274,hun,language,AT;HR;HU;RO;RS;SI;SK;UA,ural1272,,hun,,,False,hung1274,ural1272/hung1287,"['ural1272', 'hung1287']",ural1272,hung1287,Uralic,family,Hungaric,family,
80,zul,http://www.wikidata.org/entity/Q10179,Zulu,12100000,,zulu1248,Zulu,Africa,-28.9,30.2,zulu1248,zul,language,BW;LS;MZ;SZ;ZA,atla1278,,zul,,,False,zulu1248,atla1278/volt1241/benu1247/bant1294/sout3152/narr1281/east2731/sout3387/nucl1826/dims1234/ngun1280/ngun1276/nucl1827/ngun1267,"['atla1278', 'volt1241', 'benu1247', 'bant1294', 'sout3152', 'narr1281', 'east2731', 'sout3387', 'nucl1826', 'dims1234', 'ngun1280', 'ngun1276', 'nucl1827', 'ngun1267']",atla1278,volt1241,Atlantic-Congo,family,Volta-Congo,family,
81,kin,http://www.wikidata.org/entity/Q33573,Kinyarwanda,12100000,,kiny1244,Kinyarwanda,Africa,-1.56771,29.6441,kiny1244,kin,language,BI;CD;RW;TZ;UG,atla1278,,kin,,,False,kiny1244,atla1278/volt1241/benu1247/bant1294/sout3152/narr1281/east2731/nort3203/grea1289/west2842/kivu1239/rwan1241,"['atla1278', 'volt1241', 'benu1247', 'bant1294', 'sout3152', 'narr1281', 'east2731', 'nort3203', 'grea1289', 'west2842', 'kivu1239', 'rwan1241']",atla1278,volt1241,Atlantic-Congo,family,Volta-Congo,family,
82,nya,http://www.wikidata.org/entity/Q33273,Chewa,12000000,,nyan1308,Nyanja,Africa,-14.8047,32.8108,nyan1308,nya,language,MW;MZ;SZ;TZ;ZM;ZW,atla1278,,nya,,,False,nyan1308,atla1278/volt1241/benu1247/bant1294/sout3152/narr1281/east2731/tumb1253/sena1271/nyan1319,"['atla1278', 'volt1241', 'benu1247', 'bant1294', 'sout3152', 'narr1281', 'east2731', 'tumb1253', 'sena1271', 'nyan1319']",atla1278,volt1241,Atlantic-Congo,family,Volta-Congo,family,
83,aeb,http://www.wikidata.org/entity/Q56240,Tunisian Arabic,11600000,,tuni1259,Tunisian Arabic,Africa;Eurasia,33.7966,9.56156,tuni1259,aeb,language,DZ;LY;TN,afro1255,,aeb,,,False,tuni1259,afro1255/semi1276/west2786/cent2236/arab1394/arab1395/nort3191/west3017/magh1239/malt1259,"['afro1255', 'semi1276', 'west2786', 'cent2236', 'arab1394', 'arab1395', 'nort3191', 'west3017', 'magh1239', 'malt1259']",afro1255,semi1276,Afro-Asiatic,family,Semitic,family,Arab
84,ayn,http://www.wikidata.org/entity/Q56578,Sanʽani Arabic,11400000,,sana1295,Sanaani Arabic,Eurasia,15.6552,44.8412,sana1295,ayn,language,SA;YE,afro1255,,ayn,,,False,sana1295,afro1255/semi1276/west2786/cent2236/arab1394/arab1395/arab1393/jude1277,"['afro1255', 'semi1276', 'west2786', 'cent2236', 'arab1394', 'arab1395', 'arab1393', 'jude1277']",afro1255,semi1276,Afro-Asiatic,family,Semitic,family,Arab
85,mnp,http://www.wikidata.org/entity/Q36457,Northern Min,11000000,,minb1236,Min Bei Chinese,Eurasia,27.05,118.32,minb1236,mnp,language,CN,sino1245,,mnp,,,False,minb1236,sino1245/sini1245/minn1248/inla1267/minb1244,"['sino1245', 'sini1245', 'minn1248', 'inla1267', 'minb1244']",sino1245,sini1245,Sino-Tibetan,family,Sinitic,family,Latn
86,aka,http://www.wikidata.org/entity/Q28026,Akan,11000000,,akan1250,Akan,Africa,6.34756,-1.33254,akan1250,aka,language,GH;TG,atla1278,,aka,,,False,akan1250,atla1278/volt1241/kwav1236/nyoa1234/poto1254/tano1248/cent2262/akan1251,"['atla1278', 'volt1241', 'kwav1236', 'nyoa1234', 'poto1254', 'tano1248', 'cent2262', 'akan1251']",atla1278,volt1241,Atlantic-Congo,family,Volta-Congo,family,
87,pbt,http://www.wikidata.org/entity/Q16112855,Southern Pashto,10900000,,sout2649,Southern Pashto,Eurasia,31.5,65.7,sout2649,pbt,language,AF;IR;PK;TJ;TM,indo1319,,pbt,,,False,sout2649,indo1319/clas1257/indo1320/iran1271/iran1269/pash1269/nucl1276,"['indo1319', 'clas1257', 'indo1320', 'iran1271', 'iran1269', 'pash1269', 'nucl1276']",indo1319,clas1257,Indo-European,family,Classical Indo-European,family,Arab
88,run,http://www.wikidata.org/entity/Q33583,Kirundi,10800000,,rund1242,Rundi,Africa,-2.94,29.97,rund1242,run,language,BI;CD;RW;TZ;UG,atla1278,,run,,,False,rund1242,atla1278/volt1241/benu1247/bant1294/sout3152/narr1281/east2731/nort3203/grea1289/west2842/kivu1239/rwan1241/rund1244,"['atla1278', 'volt1241', 'benu1247', 'bant1294', 'sout3152', 'narr1281', 'east2731', 'nort3203', 'grea1289', 'west2842', 'kivu1239', 'rwan1241', 'rund1244']",atla1278,volt1241,Atlantic-Congo,family,Volta-Congo,family,
89,ces,http://www.wikidata.org/entity/Q9056,Czech,10700000,,czec1258,Czech,Eurasia,49.873398,15.10437,czec1258,ces,language,AT;CZ;PL;SK,indo1319,,ces,,,False,czec1258,indo1319/clas1257/balt1263/slav1255/west2792/czec1260,"['indo1319', 'clas1257', 'balt1263', 'slav1255', 'west2792', 'czec1260']",indo1319,clas1257,Indo-European,family,Classical Indo-European,family,
90,acq,http://www.wikidata.org/entity/Q56579,Taʽizzi-Adeni Arabic,10500000,,taiz1242,Ta'izzi-Adeni Arabic,Eurasia,13.6555,45.6411,taiz1242,acq,language,ER;SA;YE,afro1255,,acq,,,False,taiz1242,afro1255/semi1276/west2786/cent2236/arab1394/arab1395/arab1393,"['afro1255', 'semi1276', 'west2786', 'cent2236', 'arab1394', 'arab1395', 'arab1393']",afro1255,semi1276,Afro-Asiatic,family,Semitic,family,Arab
91,uig,http://www.wikidata.org/entity/Q13263,Uyghur,10400000,,uigh1240,Uighur,Eurasia,43.88,87.38,uigh1240,uig,language,CN;IN;KG;KZ;MN;PK;UZ,turk1311,,uig,,,False,uigh1240,turk1311/comm1245/kipc1240/uygh1241/uygh1240/uigh1243,"['turk1311', 'comm1245', 'kipc1240', 'uygh1241', 'uygh1240', 'uigh1243']",turk1311,comm1245,Turkic,family,Common Turkic,family,
92,cdo,http://www.wikidata.org/entity/Q36455,Eastern Min,10300000,,mind1253,Min Dong Chinese,Eurasia,26.0,119.5,mind1253,cdo,language,CN,sino1245,,cdo,,,False,mind1253,sino1245/sini1245/minn1248/coas1318,"['sino1245', 'sini1245', 'minn1248', 'coas1318']",sino1245,sini1245,Sino-Tibetan,family,Sinitic,family,Hans
93,gsw,http://www.wikidata.org/entity/Q131339,Alemannic,10000000,,swis1247,Central Alemannic,Eurasia,47.0516,8.46419,swis1247,gsw,language,AT;CH;DE;FR;IT;LI,indo1319,,gsw,,,False,swis1247,indo1319/clas1257/germ1287/nort3152/west2793/high1289/high1286/midd1349/mode1258/alem1243/sout3294,"['indo1319', 'clas1257', 'germ1287', 'nort3152', 'west2793', 'high1289', 'high1286', 'midd1349', 'mode1258', 'alem1243', 'sout3294']",indo1319,clas1257,Indo-European,family,Classical Indo-European,family,Latn
94,mup,http://www.wikidata.org/entity/Q33413,Malvi,10000000,,malv1243,Malvi,Eurasia,23.488,75.562,malv1243,mup,language,IN,indo1319,,mup,,,False,malv1243,indo1319/clas1257/indo1320/indo1321/midd1375/cont1248/midl1245/bhil1254,"['indo1319', 'clas1257', 'indo1320', 'indo1321', 'midd1375', 'cont1248', 'midl1245', 'bhil1254']",indo1319,clas1257,Indo-European,family,Classical Indo-European,family,
95,prs,http://www.wikidata.org/entity/Q178440,Dari,9600000,,dari1249,Dari,Eurasia,34.39757,66.14961,dari1249,prs,language,AF;IR;PK;TJ;TM,indo1319,,prs,,,False,dari1249,indo1319/clas1257/indo1320/iran1271/iran1269/sout3157/midd1352/mode1259/fars1254/fars1255/east2745,"['indo1319', 'clas1257', 'indo1320', 'iran1271', 'iran1269', 'sout3157', 'midd1352', 'mode1259', 'fars1254', 'fars1255', 'east2745']",indo1319,clas1257,Indo-European,family,Classical Indo-European,family,
96,hat,http://www.wikidata.org/entity/Q33491,Haitian Creole,9600000,,hait1244,Haitian,North America,18.795135,-72.136115,hait1244,hat,language,DO;HT,indo1319,,hat,,,False,hait1244,indo1319/clas1257/ital1284/lati1262/lati1263/impe1234/roma1334/ital1285/west2813/shif1234/nort3208/gall1280/oila1234/cent2283/macr1273/circ1240,"['indo1319', 'clas1257', 'ital1284', 'lati1262', 'lati1263', 'impe1234', 'roma1334', 'ital1285', 'west2813', 'shif1234', 'nort3208', 'gall1280', 'oila1234', 'cent2283', 'macr1273', 'circ1240']",indo1319,clas1257,Indo-European,family,Classical Indo-European,family,
97,dhd,http://www.wikidata.org/entity/Q633359,Dhundari,9600000,,dhun1238,Dhundari,Eurasia,26.473,76.198,dhun1238,dhd,language,IN,indo1319,,dhd,,,False,dhun1238,indo1319/clas1257/indo1320/indo1321/midd1375/cont1248/midl1245/apab1234/guja1255/raja1256/east2890,"['indo1319', 'clas1257', 'indo1320', 'indo1321', 'midd1375', 'cont1248', 'midl1245', 'apab1234', 'guja1255', 'raja1256', 'east2890']",indo1319,clas1257,Indo-European,family,Classical Indo-European,family,
98,heb,http://www.wikidata.org/entity/Q9288,Hebrew,9303950,,hebr1245,Modern Hebrew,Eurasia,31.1056,35.0179,hebr1245,heb,language,IL;JO;LB;PS;SY,afro1255,,heb,,,False,hebr1245,afro1255/semi1276/west2786/cent2236/nort3165/cana1267/hebr1246,"['afro1255', 'semi1276', 'west2786', 'cent2236', 'nort3165', 'cana1267', 'hebr1246']",afro1255,semi1276,Afro-Asiatic,family,Semitic,family,
99,knc,http://www.wikidata.org/entity/Q15637215,Central Kanuri,9270000,,cent2050,Central Kanuri,Africa,11.8,13.13,cent2050,knc,language,CM;NE;NG;SD;TD,saha1256,,knc,,,False,cent2050,saha1256/west2505/kanu1279/kanu1281/east2718,"['saha1256', 'west2505', 'kanu1279', 'kanu1281', 'east2718']",saha1256,west2505,Saharan,family,Western Saharan,family,
100,azj,http://www.wikidata.org/entity/Q3515311,North Azerbaijani,9220610,,nort2697,North Azerbaijani,Eurasia,40.97768,46.4737,nort2697,azj,language,AM;AZ;GE;IR;RU;TR,turk1311,,azj,,,False,nort2697,turk1311/comm1245/oghu1243/nucl1769/azer1255,"['turk1311', 'comm1245', 'oghu1243', 'nucl1769', 'azer1255']",turk1311,comm1245,Turkic,family,Common Turkic,family,
101,ilo,http://www.wikidata.org/entity/Q35936,Ilocano,9100000,,ilok1237,Iloko,Papunesia,15.9361,120.993,ilok1237,ilo,language,PH,aust1307,,ilo,,,False,ilok1237,aust1307/mala1545/nort3238,"['aust1307', 'mala1545', 'nort3238']",aust1307,mala1545,Austronesian,family,Malayo-Polynesian,family,Latn
102,bul,http://www.wikidata.org/entity/Q7918,Bulgarian,9000000,,bulg1262,Bulgarian,Eurasia,43.3646,25.047,bulg1262,bul,language,BG;GR;MD;MK;RO;RS;TR;UA,indo1319,,bul,,,False,bulg1262,indo1319/clas1257/balt1263/slav1255/sout3147/east2269/mace1252,"['indo1319', 'clas1257', 'balt1263', 'slav1255', 'sout3147', 'east2269', 'mace1252']",indo1319,clas1257,Indo-European,family,Classical Indo-European,family,
103,sna,http://www.wikidata.org/entity/Q34004,Shona,8300000,,shon1251,Shona,Africa,-17.20849,29.75725,shon1251,sna,language,BW;ZA;ZM;ZW,atla1278,,sna,,,False,shon1251,atla1278/volt1241/benu1247/bant1294/sout3152/narr1281/east2731/sout3387/shon1250/core1255/plat1259/cent2310,"['atla1278', 'volt1241', 'benu1247', 'bant1294', 'sout3152', 'narr1281', 'east2731', 'sout3387', 'shon1250', 'core1255', 'plat1259', 'cent2310']",atla1278,volt1241,Atlantic-Congo,family,Volta-Congo,family,
104,hil,http://www.wikidata.org/entity/Q35978,Hiligaynon,8200000,,hili1240,Hiligaynon,Papunesia,10.4018,122.974,hili1240,hil,language,PH,aust1307,,hil,,,False,hili1240,aust1307/mala1545/grea1284/cent2246/bisa1268/cent2263/peri1261/capi1240,"['aust1307', 'mala1545', 'grea1284', 'cent2246', 'bisa1268', 'cent2263', 'peri1261', 'capi1240']",aust1307,mala1545,Austronesian,family,Malayo-Polynesian,family,Latn
105,xho,http://www.wikidata.org/entity/Q13218,Xhosa,8177300,,xhos1239,Xhosa,Africa,-31.0389,28.0769,xhos1239,xho,language,BW;LS;ZA,atla1278,,xho,,,False,xhos1239,atla1278/volt1241/benu1247/bant1294/sout3152/narr1281/east2731/sout3387/nucl1826/dims1234/ngun1280/ngun1276/nucl1827/ngun1267,"['atla1278', 'volt1241', 'benu1247', 'bant1294', 'sout3152', 'narr1281', 'east2731', 'sout3387', 'nucl1826', 'dims1234', 'ngun1280', 'ngun1276', 'nucl1827', 'ngun1267']",atla1278,volt1241,Atlantic-Congo,family,Volta-Congo,family,
106,bfy,http://www.wikidata.org/entity/Q2356364,Bagheli,8000000,,bagh1251,Bagheli,Eurasia,24.6837,87.4994,bagh1251,bfy,language,IN;NP,indo1319,,bfy,,,False,bagh1251,indo1319/clas1257/indo1320/indo1321/midd1375/cont1248/midl1245/shau1239/east2726/awad1245,"['indo1319', 'clas1257', 'indo1320', 'indo1321', 'midd1375', 'cont1248', 'midl1245', 'shau1239', 'east2726', 'awad1245']",indo1319,clas1257,Indo-European,family,Classical Indo-European,family,Deva
107,shi,http://www.wikidata.org/entity/Q34152,Tashelhit,8000000,,tach1250,Tachelhit,Africa,29.7854,-7.77879,tach1250,shi,language,DZ;MA,afro1255,,shi,,,False,tach1250,afro1255/berb1260/kaby1244/atla1275,"['afro1255', 'berb1260', 'kaby1244', 'atla1275']",afro1255,berb1260,Afro-Asiatic,family,Berber,family,Tfng
108,bel,http://www.wikidata.org/entity/Q9091,Belarusian,7600000,,bela1254,Belarusian,Eurasia,53.2307,25.6038,bela1254,bel,language,BY;LT;LV;PL;RU;UA,indo1319,,bel,,,False,bela1254,indo1319/clas1257/balt1263/slav1255/east1426,"['indo1319', 'clas1257', 'balt1263', 'slav1255', 'east1426']",indo1319,clas1257,Indo-European,family,Classical Indo-European,family,
109,mos,http://www.wikidata.org/entity/Q36096,Mooré,7600000,,moss1236,Mossi,Africa,11.95,-1.32,moss1236,mos,language,BF;CI;GH;ML;TG,atla1278,,mos,,,False,moss1236,atla1278/volt1241/nort3149/gura1261/cent2243/nort2777/bwam1248/otiv1239/nucl1743/gurm1247/west2461/nucl1748/nort3234/moss1237/moss1238,"['atla1278', 'volt1241', 'nort3149', 'gura1261', 'cent2243', 'nort2777', 'bwam1248', 'otiv1239', 'nucl1743', 'gurm1247', 'west2461', 'nucl1748', 'nort3234', 'moss1237', 'moss1238']",atla1278,volt1241,Atlantic-Congo,family,Volta-Congo,family,Latn
110,nap,http://www.wikidata.org/entity/Q33845,Neapolitan language,7500000,,neap1235,Continental Southern Italian,Eurasia,39.2288,16.4225,neap1235,nap,language,IT,indo1319,,nap,,,False,neap1235,indo1319/clas1257/ital1284/lati1262/lati1263/impe1234/roma1334/ital1285/ital1286/ital1287/sout3428,"['indo1319', 'clas1257', 'ital1284', 'lati1262', 'lati1263', 'impe1234', 'roma1334', 'ital1285', 'ital1286', 'ital1287', 'sout3428']",indo1319,clas1257,Indo-European,family,Classical Indo-European,family,Latn
111,vmw,http://www.wikidata.org/entity/Q33882,Makhuwa,7430000,,makh1264,Makhuwa,Africa,-14.8509,38.8052,makh1264,vmw,language,MZ,atla1278,,vmw,,,False,makh1264,atla1278/volt1241/benu1247/bant1294/sout3152/narr1281/east2731/maku1247/maku1279,"['atla1278', 'volt1241', 'benu1247', 'bant1294', 'sout3152', 'narr1281', 'east2731', 'maku1247', 'maku1279']",atla1278,volt1241,Atlantic-Congo,family,Volta-Congo,family,Latn
112,ckb,http://www.wikidata.org/entity/Q36811,Sorani,7250000,,cent1972,Central Kurdish,Eurasia,35.6539,45.8077,cent1972,ckb,language,IQ;IR,indo1319,,ckb,,,False,cent1972,indo1319/clas1257/indo1320/iran1271/iran1269/cent2317/cent2318/nort3177/laki1246/kurd1259,"['indo1319', 'clas1257', 'indo1320', 'iran1271', 'iran1269', 'cent2317', 'cent2318', 'nort3177', 'laki1246', 'kurd1259']",indo1319,clas1257,Indo-European,family,Classical Indo-European,family,Arab
113,sat,http://www.wikidata.org/entity/Q33965,Santali,7200000,,sant1410,Santali,Eurasia,25.0317,87.8185,sant1410,sat,language,BD;BT;IN;NP,aust1305,,sat,,,False,sant1410,aust1305/mund1335/nort3151/kher1245/sant1457,"['aust1305', 'mund1335', 'nort3151', 'kher1245', 'sant1457']",aust1305,mund1335,Austroasiatic,family,Mundaic,family,Olck
114,afr,http://www.wikidata.org/entity/Q14196,Afrikaans,7200000,,afri1274,Afrikaans,Africa,-31.63272,20.46356,afri1274,afr,language,BW;MZ;NA;ZA;ZM;ZW,indo1319,,afr,,,False,afri1274,indo1319/clas1257/germ1287/nort3152/west2793/macr1270/midd1347/mode1257/glob1241/afri1273,"['indo1319', 'clas1257', 'germ1287', 'nort3152', 'west2793', 'macr1270', 'midd1347', 'mode1257', 'glob1241', 'afri1273']",indo1319,clas1257,Indo-European,family,Classical Indo-European,family,
115,sck,http://www.wikidata.org/entity/Q765922,Nagpuri,7000000,,sadr1248,Sadri,Eurasia,23.6585,84.8114,sadr1248,sck,language,BD;IN,indo1319,,sck,,,False,sadr1248,indo1319/clas1257/indo1320/indo1321/midd1375/cont1248/midl1245/shau1239/biha1245/mait1254/sada1243/sadr1250/sada1242,"['indo1319', 'clas1257', 'indo1320', 'indo1321', 'midd1375', 'cont1248', 'midl1245', 'shau1239', 'biha1245', 'mait1254', 'sada1243', 'sadr1250', 'sada1242']",indo1319,clas1257,Indo-European,family,Classical Indo-European,family,Deva
116,tum,http://www.wikidata.org/entity/Q34138,Tumbuka,7000000,,tumb1250,Tumbuka,Africa,-11.3297,33.3738,tumb1250,tum,language,MW;ZM,atla1278,,tum,,,False,tumb1250,atla1278/volt1241/benu1247/bant1294/sout3152/narr1281/east2731/tumb1253/tumb1252,"['atla1278', 'volt1241', 'benu1247', 'bant1294', 'sout3152', 'narr1281', 'east2731', 'tumb1253', 'tumb1252']",atla1278,volt1241,Atlantic-Congo,family,Volta-Congo,family,Latn
117,tuk,http://www.wikidata.org/entity/Q9267,Turkmen,6975120,,turk1304,Turkmen,Eurasia,37.08719,59.17574,turk1304,tuk,language,AF;IQ;IR;PK;TJ;TM;TR;UZ,turk1311,,tuk,,,False,turk1304,turk1311/comm1245/oghu1243/nucl1769/east2334,"['turk1311', 'comm1245', 'oghu1243', 'nucl1769', 'east2334']",turk1311,comm1245,Turkic,family,Common Turkic,family,
118,kas,http://www.wikidata.org/entity/Q33552,Kashmiri,6900000,,kash1277,Kashmiri,Eurasia,34.166825,74.330455,kash1277,kas,language,IN;PK,indo1319,,kas,,,False,kash1277,indo1319/clas1257/indo1320/indo1321/midd1375/dard1244/kash1285,"['indo1319', 'clas1257', 'indo1320', 'indo1321', 'midd1375', 'dard1244', 'kash1285']",indo1319,clas1257,Indo-European,family,Classical Indo-European,family,
119,hye,http://www.wikidata.org/entity/Q8785,Armenian,6700000,,nucl1235,Eastern Armenian,Eurasia,40.0,45.0,nucl1235,hye,language,AM;AZ;GE;IR;SY;TR,indo1319,,hye,,,False,nucl1235,indo1319/clas1257/arme1241/east2768,"['indo1319', 'clas1257', 'arme1241', 'east2768']",indo1319,clas1257,Indo-European,family,Classical Indo-European,family,
120,kik,http://www.wikidata.org/entity/Q33587,Gikuyu,6623000,,kiku1240,Kikuyu,Africa,-0.29005,36.719,kiku1240,kik,language,KE,atla1278,,kik,,,False,kiku1240,atla1278/volt1241/benu1247/bant1294/sout3152/narr1281/east2731/nort3203/cent2274/giku1234,"['atla1278', 'volt1241', 'benu1247', 'bant1294', 'sout3152', 'narr1281', 'east2731', 'nort3203', 'cent2274', 'giku1234']",atla1278,volt1241,Atlantic-Congo,family,Volta-Congo,family,
121,pst,http://www.wikidata.org/entity/Q5061628,Central Pashto,6520000,,cent1973,Central Pashto,Eurasia,31.9153,69.4529,cent1973,pst,language,AF;PK,indo1319,,pst,,,False,cent1973,indo1319/clas1257/indo1320/iran1271/iran1269/pash1269/nucl1276,"['indo1319', 'clas1257', 'indo1320', 'iran1271', 'iran1269', 'pash1269', 'nucl1276']",indo1319,clas1257,Indo-European,family,Classical Indo-European,family,Arab
122,lua,http://www.wikidata.org/entity/Q34173,Luba-Kasai,6300000,,luba1249,Luba-Lulua,Africa,-5.72717,22.4422,luba1249,lua,language,AO;CD,atla1278,,lua,,,False,luba1249,atla1278/volt1241/benu1247/bant1294/sout3152/narr1281/cent2260/luba1253/luba1254/luba1255/bang1371,"['atla1278', 'volt1241', 'benu1247', 'bant1294', 'sout3152', 'narr1281', 'cent2260', 'luba1253', 'luba1254', 'luba1255', 'bang1371']",atla1278,volt1241,Atlantic-Congo,family,Volta-Congo,family,Latn
123,lmn,http://www.wikidata.org/entity/Q33474,Lambadi,6000000,,lamb1269,Lambadi,Eurasia,16.5734,76.9717,lamb1269,lmn,language,IN,indo1319,,lmn,,,False,lamb1269,indo1319/clas1257/indo1320/indo1321/midd1375/cont1248/midl1245/apab1234/guja1255/raja1256/west2831,"['indo1319', 'clas1257', 'indo1320', 'indo1321', 'midd1375', 'cont1248', 'midl1245', 'apab1234', 'guja1255', 'raja1256', 'west2831']",indo1319,clas1257,Indo-European,family,Classical Indo-European,family,Telu
124,nod,http://www.wikidata.org/entity/Q565110,Lanna,6000000,,nort2740,Northern Thai,Eurasia,18.857495,100.20739,nort2740,nod,language,LA;MM;TH,taik1256,,nod,,,False,nort2740,taik1256/kamt1241/daic1238/daic1237/cent2251/wenm1239/sapa1255/sout3184/sout2743/shan1276/sout2744/yuan1245,"['taik1256', 'kamt1241', 'daic1238', 'daic1237', 'cent2251', 'wenm1239', 'sapa1255', 'sout3184', 'sout2743', 'shan1276', 'sout2744', 'yuan1245']",taik1256,kamt1241,Tai-Kadai,family,Kam-Tai,family,Lana
125,slk,http://www.wikidata.org/entity/Q9058,Slovak,6000000,,slov1269,Slovak,Eurasia,48.545705,18.78479,slov1269,slk,language,AT;CZ;HU;PL;RS;SK;UA,indo1319,,slk,,,False,slov1269,indo1319/clas1257/balt1263/slav1255/west2792/czec1260,"['indo1319', 'clas1257', 'balt1263', 'slav1255', 'west2792', 'czec1260']",indo1319,clas1257,Indo-European,family,Classical Indo-European,family,
126,sot,http://www.wikidata.org/entity/Q34340,Sesotho,6000000,,sout2807,Southern Sotho,Africa,-28.78,27.89,sout2807,sot,language,LS;ZA,atla1278,,sot,,,False,sout2807,atla1278/volt1241/benu1247/bant1294/sout3152/narr1281/east2731/sout3387/nucl1826/dims1234/soth1248/west2997/cent2406/seso1234,"['atla1278', 'volt1241', 'benu1247', 'bant1294', 'sout3152', 'narr1281', 'east2731', 'sout3387', 'nucl1826', 'dims1234', 'soth1248', 'west2997', 'cent2406', 'seso1234']",atla1278,volt1241,Atlantic-Congo,family,Volta-Congo,family,
127,umb,http://www.wikidata.org/entity/Q36983,Umbundu,6000000,,umbu1257,Umbundu,Africa,-12.4763,14.4148,umbu1257,umb,language,AO;NA,atla1278,,umb,,,False,umbu1257,atla1278/volt1241/benu1247/bant1294/sout3152/narr1281/cent2260/njil1234/sout3233/kune1234,"['atla1278', 'volt1241', 'benu1247', 'bant1294', 'sout3152', 'narr1281', 'cent2260', 'njil1234', 'sout3233', 'kune1234']",atla1278,volt1241,Atlantic-Congo,family,Volta-Congo,family,Latn
128,tur,http://www.wikidata.org/entity/Q256,Turkish,5870300,,nucl1301,Turkish,Eurasia,39.8667,32.8667,nucl1301,tur,language,AL;AM;AZ;BG;CY;GE;GR;IQ;IR;MK;SY;TR,turk1311,,tur,,,False,nucl1301,turk1311/comm1245/oghu1243/nucl1769/west2406,"['turk1311', 'comm1245', 'oghu1243', 'nucl1769', 'west2406']",turk1311,comm1245,Turkic,family,Common Turkic,family,
129,wal,http://www.wikidata.org/entity/Q36943,Wolayttattuwa,5830000,,wola1242,Wolaytta,Africa,6.32668,37.7537,wola1242,wal,language,ET,gong1255,,wal,,,False,wola1242,gong1255/omet1238/nort3161/cent2046,"['gong1255', 'omet1238', 'nort3161', 'cent2046']",gong1255,omet1238,Ta-Ne-Omotic,family,Ometo,family,Ethi
130,kab,http://www.wikidata.org/entity/Q35853,Kabyle,5586000,,kaby1243,Kabyle,Africa,36.4103,4.76137,kaby1243,kab,language,DZ,afro1255,,kab,,,False,kaby1243,afro1255/berb1260/kaby1244,"['afro1255', 'berb1260', 'kaby1244']",afro1255,berb1260,Afro-Asiatic,family,Berber,family,Latn
131,min,http://www.wikidata.org/entity/Q13324,Minangkabau,5530000,,mina1268,Minangkabau,Papunesia,-0.896,100.44,mina1268,min,language,ID,aust1307,,min,,,False,mina1268,aust1307/mala1545/mala1554/mala1538/nucl1806/nort3388/keri1253/mina1280,"['aust1307', 'mala1545', 'mala1554', 'mala1538', 'nucl1806', 'nort3388', 'keri1253', 'mina1280']",aust1307,mala1545,Austronesian,family,Malayo-Polynesian,family,Latn
132,dan,http://www.wikidata.org/entity/Q9035,Danish,5520860,,dani1285,Danish,Eurasia,54.8655,9.36284,dani1285,dan,language,DE;DK;FO;GL,indo1319,,dan,,,False,dani1285,indo1319/clas1257/germ1287/nort3152/nort3160/sout3248,"['indo1319', 'clas1257', 'germ1287', 'nort3152', 'nort3160', 'sout3248']",indo1319,clas1257,Indo-European,family,Classical Indo-European,family,
133,suk,http://www.wikidata.org/entity/Q2638144,Sukuma,5430000,,suku1261,Sukuma,Africa,-3.16082,32.8765,suku1261,suk,language,TZ,atla1278,,suk,,,False,suku1261,atla1278/volt1241/benu1247/bant1294/sout3152/narr1281/east2731/nort3203/suku1274/nyam1286,"['atla1278', 'volt1241', 'benu1247', 'bant1294', 'sout3152', 'narr1281', 'east2731', 'nort3203', 'suku1274', 'nyam1286']",atla1278,volt1241,Atlantic-Congo,family,Volta-Congo,family,Latn
134,fin,http://www.wikidata.org/entity/Q1412,Finnish,5413380,,finn1318,Finnish,Eurasia,64.7628,25.5577,finn1318,fin,language,EE;FI;NO;RU;SE,ural1272,,fin,,,False,finn1318,ural1272/finn1317/coas1319/neva1234/nort3282/nucl1717,"['ural1272', 'finn1317', 'coas1319', 'neva1234', 'nort3282', 'nucl1717']",ural1272,finn1317,Uralic,family,Finnic,family,
135,lao,http://www.wikidata.org/entity/Q9211,Lao,5225552,,laoo1244,Lao,Eurasia,19.0,102.46,laoo1244,lao,language,KH;LA;TH,taik1256,,lao,,,False,laoo1244,taik1256/kamt1241/daic1238/daic1237/cent2251/wenm1239/sapa1255/sout3184/sput1235/laot1235,"['taik1256', 'kamt1241', 'daic1238', 'daic1237', 'cent2251', 'wenm1239', 'sapa1255', 'sout3184', 'sput1235', 'laot1235']",taik1256,kamt1241,Tai-Kadai,family,Kam-Tai,family,
136,tat,http://www.wikidata.org/entity/Q25285,Tatar,5200000,,tata1255,Tatar,Eurasia,55.79592,49.11577,tata1255,tat,language,AZ;BY;CN;EE;FI;GE;KZ;LT;LV;RU;UA,turk1311,,tat,,,False,tata1255,turk1311/comm1245/kipc1240/kipc1239/nort3424/nort2696/bash1267,"['turk1311', 'comm1245', 'kipc1240', 'kipc1239', 'nort3424', 'nort2696', 'bash1267']",turk1311,comm1245,Turkic,family,Common Turkic,family,
137,nor,http://www.wikidata.org/entity/Q9043,Norwegian,5200000,,norw1258,Norwegian,Eurasia,59.92,10.71,norw1258,nor,language,FI;NO;RU;SE;SJ,indo1319,,nor,,,False,norw1258,indo1319/clas1257/germ1287/nort3152/nort3160/west2805,"['indo1319', 'clas1257', 'germ1287', 'nort3152', 'nort3160', 'west2805']",indo1319,clas1257,Indo-European,family,Classical Indo-European,family,
138,bew,http://www.wikidata.org/entity/Q33014,Betawi,5000000,,beta1252,Betawi,Papunesia,-6.21174,107.022,beta1252,bew,language,ID,aust1307,,bew,,,False,beta1252,aust1307/mala1545/mala1554/mala1538/nucl1806/beta1260,"['aust1307', 'mala1545', 'mala1554', 'mala1538', 'nucl1806', 'beta1260']",aust1307,mala1545,Austronesian,family,Malayo-Polynesian,family,Latn
139,nds,http://www.wikidata.org/entity/Q25433,Low German,5000000,,nort2627,Eastern Low German,Eurasia,53.115373,12.391439,nort2627,nds,language,DE,indo1319,,nds,,,False,nort2627,indo1319/clas1257/germ1287/nort3152/west2793/nort3175/alts1234/midd1345/lowg1239/east2291,"['indo1319', 'clas1257', 'germ1287', 'nort3152', 'west2793', 'nort3175', 'alts1234', 'midd1345', 'lowg1239', 'east2291']",indo1319,clas1257,Indo-European,family,Classical Indo-European,family,Latn
140,gpe,http://www.wikidata.org/entity/Q5555465,Ghanaian Pidgin English,5000000,,ghan1244,Ghanaian Pidgin English,Africa,5.793241,-0.283641,ghan1244,gpe,language,GH,indo1319,,gpe,,,False,ghan1244,indo1319/clas1257/germ1287/nort3152/west2793/nort3175/angl1264/angl1265/late1254/merc1242/macr1271/guin1259/west2851/coas1331/nige1262,"['indo1319', 'clas1257', 'germ1287', 'nort3152', 'west2793', 'nort3175', 'angl1264', 'angl1265', 'late1254', 'merc1242', 'macr1271', 'guin1259', 'west2851', 'coas1331', 'nige1262']",indo1319,clas1257,Indo-European,family,Classical Indo-European,family,Latn
141,mtr,http://www.wikidata.org/entity/Q2992857,Mewari,5000000,,mewa1249,Mewari,Eurasia,24.57,73.68,mewa1249,mtr,language,IN,indo1319,,mtr,,,False,mewa1249,indo1319/clas1257/indo1320/indo1321/midd1375/cont1248/midl1245/apab1234/guja1255/raja1256/mewa1253,"['indo1319', 'clas1257', 'indo1320', 'indo1321', 'midd1375', 'cont1248', 'midl1245', 'apab1234', 'guja1255', 'raja1256', 'mewa1253']",indo1319,clas1257,Indo-European,family,Classical Indo-European,family,Deva
142,wtm,http://www.wikidata.org/entity/Q2605943,Mewati,5000000,,mewa1250,Mewati,Eurasia,27.736,76.947,mewa1250,wtm,language,IN,indo1319,,wtm,,,False,mewa1250,indo1319/clas1257/indo1320/indo1321/midd1375/cont1248/midl1245/apab1234/guja1255/raja1256/mewa1254,"['indo1319', 'clas1257', 'indo1320', 'indo1321', 'midd1375', 'cont1248', 'midl1245', 'apab1234', 'guja1255', 'raja1256', 'mewa1254']",indo1319,clas1257,Indo-European,family,Classical Indo-European,family,Deva
143,cat,http://www.wikidata.org/entity/Q7026,Catalan,4873396,,stan1289,Catalan,Eurasia,41.453,1.569,stan1289,cat,language,AD;ES;FR;IT,indo1319,,cat,,,False,stan1289,indo1319/clas1257/ital1284/lati1262/lati1263/impe1234/roma1334/ital1285/west2813/shif1234/sout3183,"['indo1319', 'clas1257', 'ital1284', 'lati1262', 'lati1263', 'impe1234', 'roma1334', 'ital1285', 'west2813', 'shif1234', 'sout3183']",indo1319,clas1257,Indo-European,family,Classical Indo-European,family,
144,gug,http://www.wikidata.org/entity/Q17478066,Paraguayan Guaraní,4850000,,para1311,Paraguayan Guaraní,South America,-25.60551,-57.08816,para1311,gug,language,AR;PY,tupi1275,,gug,,,False,para1311,tupi1275/east2909/mawe1252/awet1245/tupi1276/sout3271/tupi1277/tupi1282/para1319,"['tupi1275', 'east2909', 'mawe1252', 'awet1245', 'tupi1276', 'sout3271', 'tupi1277', 'tupi1282', 'para1319']",tupi1275,east2909,Tupian,family,Eastern Tupian,family,
145,scn,http://www.wikidata.org/entity/Q33973,Sicilian,4700000,,sici1248,Sicilian,Eurasia,37.5735,14.0414,sici1248,scn,language,IT,indo1319,,scn,,,False,sici1248,indo1319/clas1257/ital1284/lati1262/lati1263/impe1234/roma1334/ital1285/ital1286/ital1287/sout3428,"['indo1319', 'clas1257', 'ital1284', 'lati1262', 'lati1263', 'impe1234', 'roma1334', 'ital1285', 'ital1286', 'ital1287', 'sout3428']",indo1319,clas1257,Indo-European,family,Classical Indo-European,family,Latn
146,pcm,http://www.wikidata.org/entity/Q33655,Nigerian Pidgin,4700000,,nige1257,Nigerian Pidgin,Africa,9.65873,4.21068,nige1257,pcm,language,NG,indo1319,,pcm,,,False,nige1257,indo1319/clas1257/germ1287/nort3152/west2793/nort3175/angl1264/angl1265/late1254/merc1242/macr1271/guin1259/west2851/coas1331/nige1262,"['indo1319', 'clas1257', 'germ1287', 'nort3152', 'west2793', 'nort3175', 'angl1264', 'angl1265', 'late1254', 'merc1242', 'macr1271', 'guin1259', 'west2851', 'coas1331', 'nige1262']",indo1319,clas1257,Indo-European,family,Classical Indo-European,family,Latn
147,czh,http://www.wikidata.org/entity/Q56546,Huizhou Chinese,4600000,,huiz1242,Hui Chinese,Eurasia,29.7646,118.232,huiz1242,czh,language,CN,sino1245,,czh,,,False,huiz1242,sino1245/sini1245/clas1255/midd1354/wuhu1234,"['sino1245', 'sini1245', 'clas1255', 'midd1354', 'wuhu1234']",sino1245,sini1245,Sino-Tibetan,family,Sinitic,family,Hans
148,kir,http://www.wikidata.org/entity/Q9255,Kyrgyz,4568480,,kirg1245,Kirghiz,Eurasia,42.0,74.0,kirg1245,kir,language,AF;CN;KG;KZ;TJ;UZ,turk1311,,kir,,,False,kirg1245,turk1311/comm1245/kipc1240/kipc1239/sout3396/east2791,"['turk1311', 'comm1245', 'kipc1240', 'kipc1239', 'sout3396', 'east2791']",turk1311,comm1245,Turkic,family,Common Turkic,family,
149,sou,http://www.wikidata.org/entity/Q56508,Southern Thai,4500000,,sout2746,Southern Thai,Eurasia,6.85668,99.7031,sout2746,sou,language,MM;MY;TH,taik1256,,sou,,,False,sout2746,taik1256/kamt1241/daic1238/daic1237/cent2251/wenm1239/sapa1255/sout3184/sput1235/laot1235,"['taik1256', 'kamt1241', 'daic1238', 'daic1237', 'cent2251', 'wenm1239', 'sapa1255', 'sout3184', 'sput1235', 'laot1235']",taik1256,kamt1241,Tai-Kadai,family,Kam-Tai,family,Thai
150,tsn,http://www.wikidata.org/entity/Q34137,Tswana,4500000,,tswa1253,Tswana,Africa,-24.368,24.7587,tswa1253,tsn,language,BW;NA;ZA;ZM;ZW,atla1278,,tsn,,,False,tswa1253,atla1278/volt1241/benu1247/bant1294/sout3152/narr1281/east2731/sout3387/nucl1826/dims1234/soth1248/west2997/cent2406,"['atla1278', 'volt1241', 'benu1247', 'bant1294', 'sout3152', 'narr1281', 'east2731', 'sout3387', 'nucl1826', 'dims1234', 'soth1248', 'west2997', 'cent2406']",atla1278,volt1241,Atlantic-Congo,family,Volta-Congo,family,
151,ayh,http://www.wikidata.org/entity/Q3510366,Hadhrami Arabic,4473000,,hadr1236,Hadrami Arabic,Eurasia,15.4468,48.6524,hadr1236,ayh,language,SA;YE,afro1255,,ayh,,,False,hadr1236,afro1255/semi1276/west2786/cent2236/arab1394/arab1395/arab1393,"['afro1255', 'semi1276', 'west2786', 'cent2236', 'arab1394', 'arab1395', 'arab1393']",afro1255,semi1276,Afro-Asiatic,family,Semitic,family,Arab
152,fuc,http://www.wikidata.org/entity/Q1420205,Pulaar,4450000,,pula1263,Pulaar,Africa,13.8694,-13.4482,pula1263,fuc,language,GM;GN;GW;ML;MR;SN,atla1278,,fuc,,,False,pula1263,atla1278/nort3146/peul1234/fula1264,"['atla1278', 'nort3146', 'peul1234', 'fula1264']",atla1278,nort3146,Atlantic-Congo,family,North-Central Atlantic,family,
153,rif,http://www.wikidata.org/entity/Q34174,Tarifit,4399000,,tari1263,Tarifiyt-Beni-Iznasen-Eastern Middle Atlas Berber,Africa,34.916974,-3.430616,tari1263,rif,language,DZ;ES;MA,afro1255,,rif,,,False,tari1263,afro1255/berb1260/grea1296/zena1250,"['afro1255', 'berb1260', 'grea1296', 'zena1250']",afro1255,berb1260,Afro-Asiatic,family,Berber,family,Latn
154,ayl,http://www.wikidata.org/entity/Q56503,Libyan Arabic,4320500,,liby1240,Libyan Arabic,Africa,22.0032,15.0014,liby1240,ayl,language,EG;LY;NE,afro1255,,ayl,,,False,liby1240,afro1255/semi1276/west2786/cent2236/arab1394/arab1395/nort3191,"['afro1255', 'semi1276', 'west2786', 'cent2236', 'arab1394', 'arab1395', 'nort3191']",afro1255,semi1276,Afro-Asiatic,family,Semitic,family,Arab
155,bam,http://www.wikidata.org/entity/Q33243,Bambara,4200000,,bamb1269,Bambara,Africa,12.9,-7.65,bamb1269,bam,language,CI;GN;ML;SN,mand1469,,bam,,,False,bamb1269,mand1469/west2780/mand1431/cent2047/mand1432/mand1433/mand1434/mand1435/east2425,"['mand1469', 'west2780', 'mand1431', 'cent2047', 'mand1432', 'mand1433', 'mand1434', 'mand1435', 'east2425']",mand1469,west2780,Mande,family,Western Mande,family,
156,uzs,http://www.wikidata.org/entity/Q1066787,Southern Uzbek,4165700,,sout2699,Southern Uzbek,Eurasia,36.6099,60.6907,sout2699,uzs,language,AF;PK;TJ;TR;UZ,turk1311,,uzs,,,False,sout2699,turk1311/comm1245/kipc1240/uygh1241/uygh1240/uzbe1247,"['turk1311', 'comm1245', 'kipc1240', 'uygh1241', 'uygh1240', 'uzbe1247']",turk1311,comm1245,Turkic,family,Common Turkic,family,Arab
157,nso,http://www.wikidata.org/entity/Q33890,Northern Sotho,4100000,,pedi1238,Pedi,Africa,-24.7993,29.4718,pedi1238,nso,language,BW;ZA,atla1278,,nso,,,False,pedi1238,atla1278/volt1241/benu1247/bant1294/sout3152/narr1281/east2731/sout3387/nucl1826/dims1234/soth1248/nort3233/sepe1241,"['atla1278', 'volt1241', 'benu1247', 'bant1294', 'sout3152', 'narr1281', 'east2731', 'sout3387', 'nucl1826', 'dims1234', 'soth1248', 'nort3233', 'sepe1241']",atla1278,volt1241,Atlantic-Congo,family,Volta-Congo,family,Latn
158,lit,http://www.wikidata.org/entity/Q9083,Lithuanian,4000000,,lith1251,Lithuanian,Eurasia,55.1429,23.9601,lith1251,lit,language,BY;LT;LV;PL;RU,indo1319,,lit,,,False,lith1251,indo1319/clas1257/balt1263/east2280,"['indo1319', 'clas1257', 'balt1263', 'east2280']",indo1319,clas1257,Indo-European,family,Classical Indo-European,family,
159,wry,http://www.wikidata.org/entity/Q11732445,Merwari,4000000,,merw1238,Merwari,Eurasia,26.771,74.095,merw1238,wry,language,IN,indo1319,,wry,,,False,merw1238,indo1319/clas1257/indo1320/indo1321/midd1375/cont1248/midl1245/apab1234/guja1255/raja1256,"['indo1319', 'clas1257', 'indo1320', 'indo1321', 'midd1375', 'cont1248', 'midl1245', 'apab1234', 'guja1255', 'raja1256']",indo1319,clas1257,Indo-European,family,Classical Indo-European,family,
160,ksw,http://www.wikidata.org/entity/Q56410,S'gaw Karen,4000000,,sgaw1245,S'gaw Karen,Eurasia,17.9872,97.7126,sgaw1245,ksw,language,MM;TH,sino1245,,ksw,,,False,sgaw1245,sino1245/kare1337/sout1554/sgaw1244,"['sino1245', 'kare1337', 'sout1554', 'sgaw1244']",sino1245,kare1337,Sino-Tibetan,family,Karenic,family,Mymr
161,lmo,http://www.wikidata.org/entity/Q33754,Lombard,3900000,,lomb1257,Lombard,Eurasia,45.8817,9.39509,lomb1257,lmo,language,CH;IT,indo1319,,lmo,,,False,lomb1257,indo1319/clas1257/ital1284/lati1262/lati1263/impe1234/roma1334/ital1285/west2813/shif1234/nort3208/gall1279/piem1239,"['indo1319', 'clas1257', 'ital1284', 'lati1262', 'lati1263', 'impe1234', 'roma1334', 'ital1285', 'west2813', 'shif1234', 'nort3208', 'gall1279', 'piem1239']",indo1319,clas1257,Indo-European,family,Classical Indo-European,family,Latn
162,kam,http://www.wikidata.org/entity/Q2574767,Kamba,3893000,,kamb1297,Kamba (Kenya),Africa,-1.60827,37.9532,kamb1297,kam,language,KE,atla1278,,kam,,,False,kamb1297,atla1278/volt1241/benu1247/bant1294/sout3152/narr1281/east2731/nort3203/cent2274/kamb1323,"['atla1278', 'volt1241', 'benu1247', 'bant1294', 'sout3152', 'narr1281', 'east2731', 'nort3203', 'cent2274', 'kamb1323']",atla1278,volt1241,Atlantic-Congo,family,Volta-Congo,family,Latn
163,mey,http://www.wikidata.org/entity/Q56231,Hassaniya Arabic,3763900,,hass1238,Hassaniyya,Africa,18.29,-14.11,hass1238,mey,language,DZ;EH;MA;ML;MR;NE;SN,afro1255,,mey,,,False,hass1238,afro1255/semi1276/west2786/cent2236/arab1394/arab1395/nort3191/west3017,"['afro1255', 'semi1276', 'west2786', 'cent2236', 'arab1394', 'arab1395', 'nort3191', 'west3017']",afro1255,semi1276,Afro-Asiatic,family,Semitic,family,Arab
164,kat,http://www.wikidata.org/entity/Q8108,Georgian,3700000,,nucl1302,Georgian,Eurasia,41.850397,43.78613,nucl1302,kat,language,AM;AZ;GE;IR;RU;TR,kart1248,,kat,,,False,nucl1302,kart1248/geor1252/geor1253,"['kart1248', 'geor1252', 'geor1253']",kart1248,geor1252,Kartvelian,family,Georgian-Zan,family,
165,wol,http://www.wikidata.org/entity/Q34257,Wolof,3700000,,nucl1347,Wolof,Africa,15.2534,-15.383,nucl1347,wol,language,GM;GW;ML;MR;SN,atla1278,,wol,,,False,nucl1347,atla1278/nort3146/wolo1248/wolo1247,"['atla1278', 'nort3146', 'wolo1248', 'wolo1247']",atla1278,nort3146,Atlantic-Congo,family,North-Central Atlantic,family,
166,gom,http://www.wikidata.org/entity/Q5575236,Goan Konkani,3633900,,goan1235,Goan Konkani,Eurasia,15.2732,74.2098,goan1235,gom,language,IN,indo1319,,gom,,,False,goan1235,indo1319/clas1257/indo1320/indo1321/midd1375/cont1248/indo1325/mara1416/mara1422,"['indo1319', 'clas1257', 'indo1320', 'indo1321', 'midd1375', 'cont1248', 'indo1325', 'mara1416', 'mara1422']",indo1319,clas1257,Indo-European,family,Classical Indo-European,family,
167,bem,http://www.wikidata.org/entity/Q33052,Bemba,3600000,,bemb1257,Bemba (Zambia),Africa,-10.6122,29.2993,bemb1257,bem,language,BW;CD;MW;ZM,atla1278,,bem,,,False,bemb1257,atla1278/volt1241/benu1247/bant1294/sout3152/narr1281/east2731/sabi1248/malu1252/cent2321/bemb1256,"['atla1278', 'volt1241', 'benu1247', 'bant1294', 'sout3152', 'narr1281', 'east2731', 'sabi1248', 'malu1252', 'cent2321', 'bemb1256']",atla1278,volt1241,Atlantic-Congo,family,Volta-Congo,family,Latn
168,ace,http://www.wikidata.org/entity/Q27683,Acehnese,3500032,,achi1257,Acehnese,Eurasia;Papunesia,3.90757,96.6032,achi1257,ace,language,ID,aust1307,,ace,,,False,achi1257,aust1307/mala1545/mala1554/cham1327,"['aust1307', 'mala1545', 'mala1554', 'cham1327']",aust1307,mala1545,Austronesian,family,Malayo-Polynesian,family,Latn
169,bjn,http://www.wikidata.org/entity/Q33151,Banjar,3500000,,banj1239,Banjar,Papunesia,0.747105,115.79,banj1239,bjn,language,ID;MY,aust1307,,bjn,,,False,banj1239,aust1307/mala1545/mala1554/mala1538/nucl1806/east2755/banj1240/banj1241,"['aust1307', 'mala1545', 'mala1554', 'mala1538', 'nucl1806', 'east2755', 'banj1240', 'banj1241']",aust1307,mala1545,Austronesian,family,Malayo-Polynesian,family,Latn
170,tso,http://www.wikidata.org/entity/Q34327,Tsonga,3400000,,tson1249,Tsonga,Africa,-23.5754,31.8105,tson1249,tso,language,MZ;SZ;ZA;ZW,atla1278,,tso,,,False,tson1249,atla1278/volt1241/benu1247/bant1294/sout3152/narr1281/east2731/sout3387/nucl1826/dims1234/ngun1280/tson1250/tswa1254/tson1251,"['atla1278', 'volt1241', 'benu1247', 'bant1294', 'sout3152', 'narr1281', 'east2731', 'sout3387', 'nucl1826', 'dims1234', 'ngun1280', 'tson1250', 'tswa1254', 'tson1251']",atla1278,volt1241,Atlantic-Congo,family,Volta-Congo,family,
171,bhb,http://www.wikidata.org/entity/Q33229,Bhili,3310000,,bhil1251,Bhili,Eurasia,20.85,73.9592,bhil1251,bhb,language,IN,indo1319,,bhb,,,False,bhil1251,indo1319/clas1257/indo1320/indo1321/midd1375/cont1248/midl1245/bhil1254,"['indo1319', 'clas1257', 'indo1320', 'indo1321', 'midd1375', 'cont1248', 'midl1245', 'bhil1254']",indo1319,clas1257,Indo-European,family,Classical Indo-European,family,Deva
172,ban,http://www.wikidata.org/entity/Q33070,Balinese,3300000,,bali1278,Balinese,Papunesia,-8.35714,115.075,bali1278,ban,language,ID,aust1307,,ban,,,False,bali1278,aust1307/mala1545/bali1277,"['aust1307', 'mala1545', 'bali1277']",aust1307,mala1545,Austronesian,family,Malayo-Polynesian,family,Latn
173,myq,http://www.wikidata.org/entity/Q36186,Maninka,3300000,,fore1268,Forest Maninka,Africa,9.49685,-7.53151,fore1268,myq,language,CI,book1242,,myq,,,False,fore1268,book1242,['book1242'],book1242,,Bookkeeping,family,,,
174,mzn,http://www.wikidata.org/entity/Q13356,Mazanderani,3270000,,maza1291,Mazanderani,Eurasia,36.241,52.3009,maza1291,mzn,language,IR,indo1319,,mzn,,,False,maza1291,indo1319/clas1257/indo1320/iran1271/iran1269/cent2317/cent2318/nort3177/casp1236/maza1305,"['indo1319', 'clas1257', 'indo1320', 'iran1271', 'iran1269', 'cent2317', 'cent2318', 'nort3177', 'casp1236', 'maza1305']",indo1319,clas1257,Indo-European,family,Classical Indo-European,family,Arab
175,jam,http://www.wikidata.org/entity/Q35939,Jamaican Patois,3200000,,jama1262,Jamaican Creole English,North America,18.13,-77.2612,jama1262,jam,language,JM;PA,indo1319,,jam,,,False,jama1262,indo1319/clas1257/germ1287/nort3152/west2793/nort3175/angl1264/angl1265/late1254/merc1242/macr1271/guin1259/cari1284/west2854/jama1264,"['indo1319', 'clas1257', 'germ1287', 'nort3152', 'west2793', 'nort3175', 'angl1264', 'angl1265', 'late1254', 'merc1242', 'macr1271', 'guin1259', 'cari1284', 'west2854', 'jama1264']",indo1319,clas1257,Indo-European,family,Classical Indo-European,family,Latn
176,swe,http://www.wikidata.org/entity/Q9027,Swedish,3118000,,swed1254,Swedish,Eurasia,59.800634,17.389526,swed1254,swe,language,AX;DK;FI;NO;SE,indo1319,,swe,,,False,swed1254,indo1319/clas1257/germ1287/nort3152/nort3160/nort3266/east2780/east2781,"['indo1319', 'clas1257', 'germ1287', 'nort3152', 'nort3160', 'nort3266', 'east2780', 'east2781']",indo1319,clas1257,Indo-European,family,Classical Indo-European,family,
177,war,http://www.wikidata.org/entity/Q34279,Waray,3100000,,wara1300,Waray (Philippines),Papunesia,11.4911,125.012,wara1300,war,language,PH,aust1307,,war,,,False,wara1300,aust1307/mala1545/grea1284/cent2246/bisa1268/cent2263/wara1304/sama1315,"['aust1307', 'mala1545', 'grea1284', 'cent2246', 'bisa1268', 'cent2263', 'wara1304', 'sama1315']",aust1307,mala1545,Austronesian,family,Malayo-Polynesian,family,Latn
178,gbm,http://www.wikidata.org/entity/Q33459,Garhwali,3000000,,garh1243,Garhwali,Eurasia,30.5061,78.7201,garh1243,gbm,language,CN;IN,indo1319,,gbm,,,False,garh1243,indo1319/clas1257/indo1320/indo1321/midd1375/cont1248/midl1245/indo1310/cent1977,"['indo1319', 'clas1257', 'indo1320', 'indo1321', 'midd1375', 'cont1248', 'midl1245', 'indo1310', 'cent1977']",indo1319,clas1257,Indo-European,family,Classical Indo-European,family,Deva
179,sdh,http://www.wikidata.org/entity/Q1496597,Southern Kurdish,3000000,,sout2640,Southern Kurdish,Eurasia,32.8977,46.5976,sout2640,sdh,language,IQ;IR,indo1319,,sdh,,,False,sout2640,indo1319/clas1257/indo1320/iran1271/iran1269/cent2317/cent2318/nort3177/laki1246/kurd1259,"['indo1319', 'clas1257', 'indo1320', 'iran1271', 'iran1269', 'cent2317', 'cent2318', 'nort3177', 'laki1246', 'kurd1259']",indo1319,clas1257,Indo-European,family,Classical Indo-European,family,Arab
180,ewe,http://www.wikidata.org/entity/Q30005,Ewe,3000000,,ewee1241,Ewe,Africa,6.46061,0.814975,ewee1241,ewe,language,GH;TG,atla1278,,ewe,,,False,ewee1241,atla1278/volt1241/kwav1236/gbee1241/west2802/ewei1234,"['atla1278', 'volt1241', 'kwav1236', 'gbee1241', 'west2802', 'ewei1234']",atla1278,volt1241,Atlantic-Congo,family,Volta-Congo,family,
181,bzs,http://www.wikidata.org/entity/Q3436689,Brazilian Sign Language,3000000,,braz1236,Brazilian Sign Language,South America,-15.5,-48.0,braz1236,bzs,language,BR,sign1238,,bzs,,,False,braz1236,sign1238/deaf1237/lsfi1234,"['sign1238', 'deaf1237', 'lsfi1234']",sign1238,deaf1237,Sign Language,family,L1 Sign Language,family,
182,als,http://www.wikidata.org/entity/Q180937,Tosk,3000000,,tosk1239,Northern Tosk Albanian,Eurasia,41.0,20.0,tosk1239,als,language,AL;GR;MK,indo1319,,als,,,False,tosk1239,indo1319/clas1257/alba1267/alba1268,"['indo1319', 'clas1257', 'alba1267', 'alba1268']",indo1319,clas1257,Indo-European,family,Classical Indo-European,family,
183,shn,http://www.wikidata.org/entity/Q56482,Shan,3000000,,shan1277,Shan,Eurasia,21.5995,98.0342,shan1277,shn,language,CN;MM;TH,taik1256,,shn,,,False,shan1277,taik1256/kamt1241/daic1238/daic1237/cent2251/wenm1239/sapa1255/sout3184/sout2743/shan1276/sout2744,"['taik1256', 'kamt1241', 'daic1238', 'daic1237', 'cent2251', 'wenm1239', 'sapa1255', 'sout3184', 'sout2743', 'shan1276', 'sout2744']",taik1256,kamt1241,Tai-Kadai,family,Kam-Tai,family,Mymr
184,luo,http://www.wikidata.org/entity/Q5414796,Dholuo,3000000,,luok1236,Luo (Kenya and Tanzania),Africa,-0.93296,34.4896,luok1236,luo,language,KE;TZ,nilo1247,,luo,,,False,luok1236,nilo1247/west2493/lwoo1234/sout2831/adho1241/adho1242,"['nilo1247', 'west2493', 'lwoo1234', 'sout2831', 'adho1241', 'adho1242']",nilo1247,west2493,Nilotic,family,Western Nilotic,family,Latn
185,abr,http://www.wikidata.org/entity/Q34831,Bono,3000000,,abro1238,Abron,Africa,7.72094,-2.50289,abro1238,abr,language,CI;GH,atla1278,,abr,,,False,abro1238,atla1278/volt1241/kwav1236/nyoa1234/poto1254/tano1248/cent2262/akan1251,"['atla1278', 'volt1241', 'kwav1236', 'nyoa1234', 'poto1254', 'tano1248', 'cent2262', 'akan1251']",atla1278,volt1241,Atlantic-Congo,family,Volta-Congo,family,Latn
186,msi,http://www.wikidata.org/entity/Q10867404,Sabah Malay,3000000,,saba1263,Sabah Malay,Papunesia,4.64808,117.024,saba1263,msi,language,MY,aust1307,,msi,,,False,saba1263,aust1307/mala1545/mala1554/mala1538/nucl1806/east2755/banj1240/bera1266/brun1252,"['aust1307', 'mala1545', 'mala1554', 'mala1538', 'nucl1806', 'east2755', 'banj1240', 'bera1266', 'brun1252']",aust1307,mala1545,Austronesian,family,Malayo-Polynesian,family,Latn
187,khk,http://www.wikidata.org/entity/Q6399808,Khalkha Mongolian,2704030,,halh1238,Halh Mongolian,Eurasia,48.32397,106.28874,halh1238,khk,language,MN;RU,mong1349,,khk,,,False,halh1238,mong1349/mong1329/oira1260/khal1273/mong1331,"['mong1349', 'mong1329', 'oira1260', 'khal1273', 'mong1331']",mong1349,mong1329,Mongolic-Khitan,family,Mongolic,family,
188,dyu,http://www.wikidata.org/entity/Q32706,Dioula,2700000,,dyul1238,Dyula,Africa,9.291,-4.5823,dyul1238,dyu,language,BF;CI;ML,mand1469,,dyu,,,False,dyul1238,mand1469/west2780/mand1431/cent2047/mand1432/mand1433/mand1434/mand1435/east2425,"['mand1469', 'west2780', 'mand1431', 'cent2047', 'mand1432', 'mand1433', 'mand1434', 'mand1435', 'east2425']",mand1469,west2780,Mande,family,Western Mande,family,Latn
189,efi,http://www.wikidata.org/entity/Q35377,Efik,2693000,,efik1245,Efik,Africa,4.89379,8.38121,efik1245,efi,language,CM;NG,atla1278,,efi,,,False,efik1245,atla1278/volt1241/benu1247/delt1251/obol1242/nucl1838/cent2253/efik1244/okop1234/efik1246,"['atla1278', 'volt1241', 'benu1247', 'delt1251', 'obol1242', 'nucl1838', 'cent2253', 'efik1244', 'okop1234', 'efik1246']",atla1278,volt1241,Atlantic-Congo,family,Volta-Congo,family,Latn
190,spv,http://www.wikidata.org/entity/Q6433240,Sambalpuri,2630000,,samb1325,Sambalpuri,Eurasia,21.2233,83.9315,samb1325,spv,language,IN,indo1319,,spv,,,False,samb1325,indo1319/clas1257/indo1320/indo1321/midd1375/cont1248/indo1323/oriy1254/macr1269,"['indo1319', 'clas1257', 'indo1320', 'indo1321', 'midd1375', 'cont1248', 'indo1323', 'oriy1254', 'macr1269']",indo1319,clas1257,Indo-European,family,Classical Indo-European,family,Orya
191,shu,http://www.wikidata.org/entity/Q56497,Shuwa,2600000,,chad1249,Chadian Arabic,Africa,14.67,13.5,chad1249,shu,language,CM;NE;NG;TD,afro1255,,shu,,,False,chad1249,afro1255/semi1276/west2786/cent2236/arab1394/arab1395/egyp1251/egyp1254/suda1235,"['afro1255', 'semi1276', 'west2786', 'cent2236', 'arab1394', 'arab1395', 'egyp1251', 'egyp1254', 'suda1235']",afro1255,semi1276,Afro-Asiatic,family,Semitic,family,Arab
192,glk,http://www.wikidata.org/entity/Q33657,Gilaki,2550000,,gila1241,Gilaki,Eurasia,37.1344,49.8359,gila1241,glk,language,IR,indo1319,,glk,,,False,gila1241,indo1319/clas1257/indo1320/iran1271/iran1269/cent2317/cent2318/nort3177/casp1236/gila1242,"['indo1319', 'clas1257', 'indo1320', 'iran1271', 'iran1269', 'cent2317', 'cent2318', 'nort3177', 'casp1236', 'gila1242']",indo1319,clas1257,Indo-European,family,Classical Indo-European,family,Arab
193,cpx,http://www.wikidata.org/entity/Q56583,Pu-Xian Min,2500000,,puxi1243,Pu-Xian Chinese,Eurasia,25.37,118.68,puxi1243,cpx,language,CN,sino1245,,cpx,,,False,puxi1243,sino1245/sini1245/minn1248/coas1318/sout3421,"['sino1245', 'sini1245', 'minn1248', 'coas1318', 'sout3421']",sino1245,sini1245,Sino-Tibetan,family,Sinitic,family,Latn
194,bcl,http://www.wikidata.org/entity/Q33284,Central Bikol,2500000,,cent2087,Coastal-Naga Bikol,Papunesia,13.7574,123.403,cent2087,bcl,language,PH,aust1307,,bcl,,,False,cent2087,aust1307/mala1545/grea1284/cent2246/biko1240/coas1315,"['aust1307', 'mala1545', 'grea1284', 'cent2246', 'biko1240', 'coas1315']",aust1307,mala1545,Austronesian,family,Malayo-Polynesian,family,
195,slv,http://www.wikidata.org/entity/Q9063,Slovene,2400000,,slov1268,Slovenian,Eurasia,46.2543,14.7766,slov1268,slv,language,AT;HR;HU;IT;SI,indo1319,,slv,,,False,slov1268,indo1319/clas1257/balt1263/slav1255/sout3147/west2804,"['indo1319', 'clas1257', 'balt1263', 'slav1255', 'sout3147', 'west2804']",indo1319,clas1257,Indo-European,family,Classical Indo-European,family,
196,pam,http://www.wikidata.org/entity/Q36121,Kapampangan,2400000,,pamp1243,Pampanga,Papunesia,14.9603,120.502,pamp1243,pam,language,PH,aust1307,,pam,,,False,pamp1243,aust1307/mala1545/cent2080,"['aust1307', 'mala1545', 'cent2080']",aust1307,mala1545,Austronesian,family,Malayo-Polynesian,family,Latn
197,glg,http://www.wikidata.org/entity/Q9307,Galician,2400000,,gali1258,Galician,Eurasia,42.2446,-7.5343,gali1258,glg,language,ES;PT,indo1319,,glg,,,False,gali1258,indo1319/clas1257/ital1284/lati1262/lati1263/impe1234/roma1334/ital1285/west2813/shif1234/sout3183/west2838/gali1263,"['indo1319', 'clas1257', 'ital1284', 'lati1262', 'lati1263', 'impe1234', 'roma1334', 'ital1285', 'west2813', 'shif1234', 'sout3183', 'west2838', 'gali1263']",indo1319,clas1257,Indo-European,family,Classical Indo-European,family,
198,sus,http://www.wikidata.org/entity/Q33990,Susu,2400000,,susu1250,Susu,Africa,10.4046,-13.3628,susu1250,sus,language,GN;GW;SL;SN,mand1469,,sus,,,False,susu1250,mand1469/west2780/mand1431/cent2047/susu1249,"['mand1469', 'west2780', 'mand1431', 'cent2047', 'susu1249']",mand1469,west2780,Mande,family,Western Mande,family,Latn
199,cgg,http://www.wikidata.org/entity/Q3270727,Kiga,2390000,,chig1238,Chiga,Africa,-1.04387,29.9122,chig1238,cgg,language,CD;RW;UG,atla1278,,cgg,,,False,chig1238,atla1278/volt1241/benu1247/bant1294/sout3152/narr1281/east2731/nort3203/grea1289/west2841/ruta1242/nort3228/nkor1240/nkor1241,"['atla1278', 'volt1241', 'benu1247', 'bant1294', 'sout3152', 'narr1281', 'east2731', 'nort3203', 'grea1289', 'west2841', 'ruta1242', 'nort3228', 'nkor1240', 'nkor1241']",atla1278,volt1241,Atlantic-Congo,family,Volta-Congo,family,Latn
200,nyn,http://www.wikidata.org/entity/Q13207,Runyankole,2300000,,nyan1307,Nyankole,Africa,-0.46364,30.548,nyan1307,nyn,language,RW;TZ;UG,atla1278,,nyn,,,False,nyan1307,atla1278/volt1241/benu1247/bant1294/sout3152/narr1281/east2731/nort3203/grea1289/west2841/ruta1242/nort3228/nkor1240/nkor1241,"['atla1278', 'volt1241', 'benu1247', 'bant1294', 'sout3152', 'narr1281', 'east2731', 'nort3203', 'grea1289', 'west2841', 'ruta1242', 'nort3228', 'nkor1240', 'nkor1241']",atla1278,volt1241,Atlantic-Congo,family,Volta-Congo,family,Latn
201,shy,http://www.wikidata.org/entity/Q33274,Shawiya,2300000,,tach1249,Chaouia of the Aures,Africa,35.1867,6.88901,tach1249,shy,language,DZ;TN,afro1255,,shy,,,False,tach1249,afro1255/berb1260/grea1296/zena1250,"['afro1255', 'berb1260', 'grea1296', 'zena1250']",afro1255,berb1260,Afro-Asiatic,family,Berber,family,Latn
202,kfy,http://www.wikidata.org/entity/Q33529,Kumaoni,2300000,,kuma1273,Kumaoni,Eurasia,29.5622,80.0171,kuma1273,kfy,language,IN;NP,indo1319,,kfy,,,False,kuma1273,indo1319/clas1257/indo1320/indo1321/midd1375/cont1248/midl1245/indo1310/cent1977,"['indo1319', 'clas1257', 'indo1320', 'indo1321', 'midd1375', 'cont1248', 'midl1245', 'indo1310', 'cent1977']",indo1319,clas1257,Indo-European,family,Classical Indo-European,family,Deva
203,iba,http://www.wikidata.org/entity/Q33424,Iban,2300000,,iban1264,Iban,Papunesia,2.09041,112.934,iban1264,iba,language,BN;ID;MY,aust1307,,iba,,,False,iban1264,aust1307/mala1545/mala1554/mala1538/iban1263/iban1269/iban1270/nort3387,"['aust1307', 'mala1545', 'mala1554', 'mala1538', 'iban1263', 'iban1269', 'iban1270', 'nort3387']",aust1307,mala1545,Austronesian,family,Malayo-Polynesian,family,Latn
204,haz,http://www.wikidata.org/entity/Q33398,Hazaragi,2221000,,haza1239,Hazaragi,Eurasia,33.3708,64.5105,haza1239,haz,language,AF;IR;PK;TJ,indo1319,,haz,,,False,haza1239,indo1319/clas1257/indo1320/iran1271/iran1269/sout3157/midd1352/mode1259/fars1254/fars1255/east2745,"['indo1319', 'clas1257', 'indo1320', 'iran1271', 'iran1269', 'sout3157', 'midd1352', 'mode1259', 'fars1254', 'fars1255', 'east2745']",indo1319,clas1257,Indo-European,family,Classical Indo-European,family,Arab
205,laj,http://www.wikidata.org/entity/Q35670,Lango,2100000,,lang1324,Lango (Uganda),Africa,2.13867,33.0553,lang1324,laj,language,UG,nilo1247,,laj,,,False,lang1324,nilo1247/west2493/lwoo1234/sout2831/lang1323,"['nilo1247', 'west2493', 'lwoo1234', 'sout2831', 'lang1323']",nilo1247,west2493,Nilotic,family,Western Nilotic,family,Latn
206,bci,http://www.wikidata.org/entity/Q35107,Baoulé,2100000,,baou1238,Baoulé,Africa,5.42509,-4.76565,baou1238,bci,language,CI,atla1278,,bci,,,False,baou1238,atla1278/volt1241/kwav1236/nyoa1234/poto1254/tano1248/cent2262/biaa1238/nort2767,"['atla1278', 'volt1241', 'kwav1236', 'nyoa1234', 'poto1254', 'tano1248', 'cent2262', 'biaa1238', 'nort2767']",atla1278,volt1241,Atlantic-Congo,family,Volta-Congo,family,Latn
207,ssw,http://www.wikidata.org/entity/Q34014,Swazi,2034200,,swat1243,Swati,Africa,-26.0,31.5,swat1243,ssw,language,LS;MZ;SZ;ZA,atla1278,,ssw,,,False,swat1243,atla1278/volt1241/benu1247/bant1294/sout3152/narr1281/east2731/sout3387/nucl1826/dims1234/ngun1280/ngun1276/nucl1827/ngun1267/swat1244,"['atla1278', 'volt1241', 'benu1247', 'bant1294', 'sout3152', 'narr1281', 'east2731', 'sout3387', 'nucl1826', 'dims1234', 'ngun1280', 'ngun1276', 'nucl1827', 'ngun1267', 'swat1244']",atla1278,volt1241,Atlantic-Congo,family,Volta-Congo,family,
208,tcy,http://www.wikidata.org/entity/Q34251,Tulu,2000000,,tulu1258,Tulu,Eurasia,12.8114,75.2651,tulu1258,tcy,language,IN,drav1251,,tcy,,,False,tulu1258,drav1251/sout3133/sout3138/tulu1261/tulu1263,"['drav1251', 'sout3133', 'sout3138', 'tulu1261', 'tulu1263']",drav1251,sout3133,Dravidian,family,South Dravidian,family,Knda
209,shk,http://www.wikidata.org/entity/Q36486,Shilluk,2000000,,shil1265,Shilluk,Africa,9.85472,31.7926,shil1265,shk,language,SD;SS,nilo1247,,shk,,,False,shil1265,nilo1247/west2493/lwoo1234/nort2814,"['nilo1247', 'west2493', 'lwoo1234', 'nort2814']",nilo1247,west2493,Nilotic,family,Western Nilotic,family,Latn
210,gmo,http://www.wikidata.org/entity/Q56323,Gamo-Gofa-Dawro,2000000,,gamo1244,Gamo-Gofa-Dawro,Africa,6.57645,37.1381,gamo1244,gmo,language,ET,book1242,,gmo,,,False,gamo1244,book1242,['book1242'],book1242,,Bookkeeping,family,,,
211,wes,http://www.wikidata.org/entity/Q35541,Cameroon Pidgin,2000000,,came1254,Cameroon Pidgin,Africa,5.43932,9.80166,came1254,wes,language,CM,indo1319,,wes,,,False,came1254,indo1319/clas1257/germ1287/nort3152/west2793/nort3175/angl1264/angl1265/late1254/merc1242/macr1271/guin1259/west2851/coas1331,"['indo1319', 'clas1257', 'germ1287', 'nort3152', 'west2793', 'nort3175', 'angl1264', 'angl1265', 'late1254', 'merc1242', 'macr1271', 'guin1259', 'west2851', 'coas1331']",indo1319,clas1257,Indo-European,family,Classical Indo-European,family,Latn
212,pcc,http://www.wikidata.org/entity/Q35100,Bouyei,2000000,,bouy1240,Bouyei,Eurasia,24.8484,106.187,bouy1240,pcc,language,CN;VN,taik1256,,pcc,,,False,bouy1240,taik1256/kamt1241/daic1238/daic1237/nort3326/nort3180/nort3189,"['taik1256', 'kamt1241', 'daic1238', 'daic1237', 'nort3326', 'nort3180', 'nort3189']",taik1256,kamt1241,Tai-Kadai,family,Kam-Tai,family,Latn
213,dgo,http://www.wikidata.org/entity/Q32730,Dogri,2000000,,dogr1250,Dogri,Eurasia,32.5534,75.7111,dogr1250,dgo,language,IN;PK,indo1319,,dgo,,,False,dogr1250,indo1319/clas1257/indo1320/indo1321/midd1375/dard1244/hima1250/kang1292/indo1311,"['indo1319', 'clas1257', 'indo1320', 'indo1321', 'midd1375', 'dard1244', 'hima1250', 'kang1292', 'indo1311']",indo1319,clas1257,Indo-European,family,Classical Indo-European,family,
214,vec,http://www.wikidata.org/entity/Q32724,Venetian,2000000,,vene1258,Venetian,Eurasia,45.503581,12.214167,vene1258,vec,language,BR;HR;IT;MX;SI,indo1319,,vec,,,False,vene1258,indo1319/clas1257/ital1284/lati1262/lati1263/impe1234/roma1334/ital1285/ital1286/dalm1244,"['indo1319', 'clas1257', 'ital1284', 'lati1262', 'lati1263', 'impe1234', 'roma1334', 'ital1285', 'ital1286', 'dalm1244']",indo1319,clas1257,Indo-European,family,Classical Indo-European,family,Latn
215,epo,http://www.wikidata.org/entity/Q143,Esperanto,2000000,,espe1235,Esperanto,Eurasia,49.3273,2.81045,espe1235,epo,language,PL,arti1236,,epo,,,False,espe1235,arti1236/espe1236,"['arti1236', 'espe1236']",arti1236,espe1236,Artificial Language,family,Esperantic,family,
216,kru,http://www.wikidata.org/entity/Q33492,Kurukh,2000000,,kuru1301,Kurukh,Eurasia,24.46442,86.46568,kuru1301,kru,language,IN,drav1251,,kru,,,False,kuru1301,drav1251/nort2698/kuru1300,"['drav1251', 'nort2698', 'kuru1300']",drav1251,nort2698,Dravidian,family,North Dravidian,family,Deva
217,mkd,http://www.wikidata.org/entity/Q9296,Macedonian,2000000,,mace1250,Macedonian,Eurasia,41.5957,21.7932,mace1250,mkd,language,AL;BG;GR;MK;RS,indo1319,,mkd,,,False,mace1250,indo1319/clas1257/balt1263/slav1255/sout3147/east2269/mace1252,"['indo1319', 'clas1257', 'balt1263', 'slav1255', 'sout3147', 'east2269', 'mace1252']",indo1319,clas1257,Indo-European,family,Classical Indo-European,family,
218,sas,http://www.wikidata.org/entity/Q1294047,Sasak,2000000,,sasa1249,Sasak,Papunesia,-8.58349,116.284,sasa1249,sas,language,ID,aust1307,,sas,,,False,sasa1249,aust1307/mala1545/bali1277/sasa1248,"['aust1307', 'mala1545', 'bali1277', 'sasa1248']",aust1307,mala1545,Austronesian,family,Malayo-Polynesian,family,Latn
219,pms,http://www.wikidata.org/entity/Q15085,Piedmontese,2000000,,piem1238,Piemontese,Eurasia,45.4633,8.32366,piem1238,pms,language,AU;IT;US,indo1319,,pms,,,False,piem1238,indo1319/clas1257/ital1284/lati1262/lati1263/impe1234/roma1334/ital1285/west2813/shif1234/nort3208/gall1279/piem1239,"['indo1319', 'clas1257', 'ital1284', 'lati1262', 'lati1263', 'impe1234', 'roma1334', 'ital1285', 'west2813', 'shif1234', 'nort3208', 'gall1279', 'piem1239']",indo1319,clas1257,Indo-European,family,Classical Indo-European,family,Latn
220,bbc,http://www.wikidata.org/entity/Q33017,Toba Batak,2000000,,bata1289,Batak Toba,Papunesia,2.35498,99.1761,bata1289,bbc,language,ID,aust1307,,bbc,,,False,bata1289,aust1307/mala1545/suma1277/toba1265/sout3166/sout2849,"['aust1307', 'mala1545', 'suma1277', 'toba1265', 'sout3166', 'sout2849']",aust1307,mala1545,Austronesian,family,Malayo-Polynesian,family,Latn
221,iii,http://www.wikidata.org/entity/Q34235,Nuosu,2000000,,sich1238,Sichuan Yi,Eurasia,28.1947,102.121,sich1238,iii,language,CN,sino1245,,iii,,,False,sich1238,sino1245/burm1265/lolo1265/lolo1267/nili1235/sout3212/niso1234/nucl1739/nasu1236,"['sino1245', 'burm1265', 'lolo1265', 'lolo1267', 'nili1235', 'sout3212', 'niso1234', 'nucl1739', 'nasu1236']",sino1245,burm1265,Sino-Tibetan,family,Burmo-Qiangic,family,
222,sxu,http://www.wikidata.org/entity/Q699284,Upper Saxon,2000000,,uppe1400,Central East Middle German,Eurasia,51.152,12.692,uppe1400,sxu,language,DE,indo1319,,sxu,,,False,uppe1400,indo1319/clas1257/germ1287/nort3152/west2793/high1289/fran1268/east2832,"['indo1319', 'clas1257', 'germ1287', 'nort3152', 'west2793', 'high1289', 'fran1268', 'east2832']",indo1319,clas1257,Indo-European,family,Classical Indo-European,family,Runr
223,quc,http://www.wikidata.org/entity/Q36494,K’iche’,2000000,,kich1262,K'iche',North America,14.5278,-91.1696,kich1262,quc,language,GT;MX,maya1287,,quc,,,False,kich1262,maya1287/core1254/quic1274/grea1276/core1251/quic1275,"['maya1287', 'core1254', 'quic1274', 'grea1276', 'core1251', 'quic1275']",maya1287,core1254,Mayan,family,Core Mayan,family,Latn
224,zyb,http://www.wikidata.org/entity/Q8054983,Yongbei Zhuang,1980000,,yong1276,Yongbei Zhuang,Eurasia,23.1,108.15,yong1276,zyb,language,CN,taik1256,,zyb,,,False,yong1276,taik1256/kamt1241/daic1238/daic1237/nort3326/nort3180/yong1274,"['taik1256', 'kamt1241', 'daic1238', 'daic1237', 'nort3326', 'nort3180', 'yong1274']",taik1256,kamt1241,Tai-Kadai,family,Kam-Tai,family,
225,fon,http://www.wikidata.org/entity/Q33291,Fon,1935500,,fonn1241,Fon,Africa,7.15484,1.66495,fonn1241,fon,language,BJ;TG,atla1278,,fon,,,False,fonn1241,atla1278/volt1241/kwav1236/gbee1241/east2711/fong1244,"['atla1278', 'volt1241', 'kwav1236', 'gbee1241', 'east2711', 'fong1244']",atla1278,volt1241,Atlantic-Congo,family,Volta-Congo,family,Latn
226,bgq,http://www.wikidata.org/entity/Q2426319,Bagri,1890815,,bagr1243,Bagri,Eurasia,31.4,75.06,bagr1243,bgq,language,IN;PK,indo1319,,bgq,,,False,bagr1243,indo1319/clas1257/indo1320/indo1321/midd1375/cont1248/midl1245/apab1234/guja1255/raja1256/bagr1245,"['indo1319', 'clas1257', 'indo1320', 'indo1321', 'midd1375', 'cont1248', 'midl1245', 'apab1234', 'guja1255', 'raja1256', 'bagr1245']",indo1319,clas1257,Indo-European,family,Classical Indo-European,family,Deva
227,sid,http://www.wikidata.org/entity/Q33786,Sidamo,1800000,,sida1246,Sidamo,Africa,6.74176,38.3729,sida1246,sid,language,ET,afro1255,,sid,,,False,sida1246,afro1255/cush1243/east2699/high1285/sida1247/sida1248,"['afro1255', 'cush1243', 'east2699', 'high1285', 'sida1247', 'sida1248']",afro1255,cush1243,Afro-Asiatic,family,Cushitic,family,Latn
228,rhg,http://www.wikidata.org/entity/Q3241177,Rohingya,1800000,,rohi1238,Rohingya,Eurasia,20.833082,92.393968,rohi1238,rhg,language,BD;MM;TH,indo1319,,rhg,,,False,rohi1238,indo1319/clas1257/indo1320/indo1321/midd1375/cont1248/indo1323/oriy1254/gaud1237/gaud1238,"['indo1319', 'clas1257', 'indo1320', 'indo1321', 'midd1375', 'cont1248', 'indo1323', 'oriy1254', 'gaud1237', 'gaud1238']",indo1319,clas1257,Indo-European,family,Classical Indo-European,family,Rohg
229,kai,http://www.wikidata.org/entity/Q3438770,Karai-karai,1800000,,kare1348,Karekare,Africa,12.5176,10.8732,kare1348,kai,language,NG,afro1255,,kai,,,False,kare1348,afro1255/chad1250/west2785/west2714/west2799/west2715/bole1261,"['afro1255', 'chad1250', 'west2785', 'west2714', 'west2799', 'west2715', 'bole1261']",afro1255,chad1250,Afro-Asiatic,family,Chadic,family,Latn
230,brh,http://www.wikidata.org/entity/Q33202,Brahui,1800000,,brah1256,Brahui,Eurasia,29.04,66.56,brah1256,brh,language,AF;IR;PK,drav1251,,brh,,,False,brah1256,drav1251/nort2698,"['drav1251', 'nort2698']",drav1251,nort2698,Dravidian,family,North Dravidian,family,Arab
231,kde,http://www.wikidata.org/entity/Q35172,Makonde,1700000,,mako1251,Makonde,Africa,-10.9906,39.5133,mako1251,kde,language,MZ;TZ,atla1278,,kde,,,False,mako1251,atla1278/volt1241/benu1247/bant1294/sout3152/narr1281/east2731/rufi1235/ruvu1234/mako1254,"['atla1278', 'volt1241', 'benu1247', 'bant1294', 'sout3152', 'narr1281', 'east2731', 'rufi1235', 'ruvu1234', 'mako1254']",atla1278,volt1241,Atlantic-Congo,family,Volta-Congo,family,Latn
232,quh,http://www.wikidata.org/entity/Q1307730,South Bolivian Quechua,1616120,,sout2991,South Bolivian Quechua,South America,-20.9201,-66.3331,sout2991,quh,language,AR;BO;CL,quec1387,,quh,,,False,sout2991,quec1387/quec1389/boli1262/sout3406,"['quec1387', 'quec1389', 'boli1262', 'sout3406']",quec1387,quec1389,Quechuan,family,Southern Quechua,family,
233,kbd,http://www.wikidata.org/entity/Q33522,Kabardian,1600000,,kaba1278,Kabardian,Eurasia,43.5082,43.3918,kaba1278,kbd,language,RU;TR,abkh1242,,kbd,,,False,kaba1278,abkh1242/circ1239,"['abkh1242', 'circ1239']",abkh1242,circ1239,Abkhaz-Adyge,family,Circassian,family,Cyrl
234,aar,http://www.wikidata.org/entity/Q27811,Afar,1600000,,afar1241,Afar,Africa,12.2281,41.8083,afar1241,aar,language,DJ;ER;ET,afro1255,,aar,,,False,afar1241,afro1255/cush1243/east2699/lowl1267/saho1245,"['afro1255', 'cush1243', 'east2699', 'lowl1267', 'saho1245']",afro1255,cush1243,Afro-Asiatic,family,Cushitic,family,
235,mak,http://www.wikidata.org/entity/Q33643,Makassar,1600000,,maka1311,Makasar,Papunesia,-5.65551,119.838,maka1311,mak,language,ID,aust1307,,mak,,,False,maka1311,aust1307/mala1545/sout2923/sout3413/maka1310/nucl1727,"['aust1307', 'mala1545', 'sout2923', 'sout3413', 'maka1310', 'nucl1727']",aust1307,mala1545,Austronesian,family,Malayo-Polynesian,family,Latn
236,igl,http://www.wikidata.org/entity/Q35513,Igala,1600000,,igal1242,Igala,Africa,7.34325,7.17974,igal1242,igl,language,NG,atla1278,,igl,,,False,igal1242,atla1278/volt1241/benu1247/defo1239/yoru1244,"['atla1278', 'volt1241', 'benu1247', 'defo1239', 'yoru1244']",atla1278,volt1241,Atlantic-Congo,family,Volta-Congo,family,Latn
237,lim,http://www.wikidata.org/entity/Q102172,Limburgish,1600000,,limb1263,Limburgan,Eurasia,51.015,5.87705,limb1263,lim,language,BE;DE;NL,indo1319,,lim,,,False,limb1263,indo1319/clas1257/germ1287/nort3152/west2793/high1289/fran1268/high1287/midd1319/ripu1236,"['indo1319', 'clas1257', 'germ1287', 'nort3152', 'west2793', 'high1289', 'fran1268', 'high1287', 'midd1319', 'ripu1236']",indo1319,clas1257,Indo-European,family,Classical Indo-European,family,
238,bin,http://www.wikidata.org/entity/Q35375,Edo,1600000,,bini1246,Bini,Africa,6.40701,5.70426,bini1246,bin,language,NG,atla1278,,bin,,,False,bini1246,atla1278/volt1241/benu1247/akpe1249/edoi1239/nort3182/cent2259,"['atla1278', 'volt1241', 'benu1247', 'akpe1249', 'edoi1239', 'nort3182', 'cent2259']",atla1278,volt1241,Atlantic-Congo,family,Volta-Congo,family,Latn
239,nde,http://www.wikidata.org/entity/Q35613,Northern Ndebele,1572800,,nort2795,Zimbabwean Ndebele,Africa,-20.2513,27.4096,nort2795,nde,language,BW;ZM;ZW,atla1278,,nde,,,False,nort2795,atla1278/volt1241/benu1247/bant1294/sout3152/narr1281/east2731/sout3387/nucl1826/dims1234/ngun1280/ngun1276/nucl1827/ngun1267/swat1244,"['atla1278', 'volt1241', 'benu1247', 'bant1294', 'sout3152', 'narr1281', 'east2731', 'sout3387', 'nucl1826', 'dims1234', 'ngun1280', 'ngun1276', 'nucl1827', 'ngun1267', 'swat1244']",atla1278,volt1241,Atlantic-Congo,family,Volta-Congo,family,
240,guw,http://www.wikidata.org/entity/Q3111668,Gun,1539000,,gunn1250,Gun,Africa,6.48529,2.76767,gunn1250,guw,language,BJ;NG,atla1278,,guw,,,False,gunn1250,atla1278/volt1241/kwav1236/gbee1241/east2711/fong1244,"['atla1278', 'volt1241', 'kwav1236', 'gbee1241', 'east2711', 'fong1244']",atla1278,volt1241,Atlantic-Congo,family,Volta-Congo,family,Latn
241,khn,http://www.wikidata.org/entity/Q33726,Khandeshi,1500000,,khan1272,Khandesi,Eurasia,21.3181,74.142,khan1272,khn,language,IN,indo1319,,khn,,,False,khan1272,indo1319/clas1257/indo1320/indo1321/midd1375/cont1248/midl1245/khan1271,"['indo1319', 'clas1257', 'indo1320', 'indo1321', 'midd1375', 'cont1248', 'midl1245', 'khan1271']",indo1319,clas1257,Indo-European,family,Classical Indo-European,family,Deva
242,kmc,http://www.wikidata.org/entity/Q35379,Kam,1500000,,sout2741,Southern Dong,Eurasia,25.8874,109.222,sout2741,kmc,language,CN,taik1256,,kmc,,,False,sout2741,taik1256/kamt1241/kams1241/mula1252/kami1255,"['taik1256', 'kamt1241', 'kams1241', 'mula1252', 'kami1255']",taik1256,kamt1241,Tai-Kadai,family,Kam-Tai,family,Latn
243,noe,http://www.wikidata.org/entity/Q3502294,Nimadi,1500000,,nima1243,Nimadi,Eurasia,22.1263,76.1264,nima1243,noe,language,IN,indo1319,,noe,,,False,nima1243,indo1319/clas1257/indo1320/indo1321/midd1375/cont1248/midl1245/bhil1254,"['indo1319', 'clas1257', 'indo1320', 'indo1321', 'midd1375', 'cont1248', 'midl1245', 'bhil1254']",indo1319,clas1257,Indo-European,family,Classical Indo-European,family,Deva
244,khg,http://www.wikidata.org/entity/Q56601,Khams Tibetan,1500000,,kham1282,Khams Tibetan,Eurasia,31.9313,91.7062,kham1282,khg,language,CN;IN;MM,sino1245,,khg,,,False,kham1282,sino1245/bodi1256/bodi1257/oldm1245/tibe1276/late1253/kham1299,"['sino1245', 'bodi1256', 'bodi1257', 'oldm1245', 'tibe1276', 'late1253', 'kham1299']",sino1245,bodi1256,Sino-Tibetan,family,Bodic,family,Tibt
245,tyz,http://www.wikidata.org/entity/Q2511476,Tày,1500000,,tayy1238,Tày,Eurasia,21.6448,106.167,tayy1238,tyz,language,CN;VN,taik1256,,tyz,,,False,tayy1238,taik1256/kamt1241/daic1238/daic1237/cent2251/wenm1239,"['taik1256', 'kamt1241', 'daic1238', 'daic1237', 'cent2251', 'wenm1239']",taik1256,kamt1241,Tai-Kadai,family,Kam-Tai,family,Latn
246,lki,http://www.wikidata.org/entity/Q56483,Laki,1500000,,laki1244,Laki,Eurasia,34.0103,47.9398,laki1244,lki,language,IR,indo1319,,lki,,,False,laki1244,indo1319/clas1257/indo1320/iran1271/iran1269/cent2317/cent2318/nort3177/laki1246,"['indo1319', 'clas1257', 'indo1320', 'iran1271', 'iran1269', 'cent2317', 'cent2318', 'nort3177', 'laki1246']",indo1319,clas1257,Indo-European,family,Classical Indo-European,family,Arab
247,unr,http://www.wikidata.org/entity/Q3327828,Mundari,1500000,,mund1320,Mundari,Eurasia,23.03,85.85,mund1320,unr,language,BD;IN;NP,aust1305,,unr,,,False,mund1320,aust1305/mund1335/nort3151/kher1245/mund1336/homu1234,"['aust1305', 'mund1335', 'nort3151', 'kher1245', 'mund1336', 'homu1234']",aust1305,mund1335,Austroasiatic,family,Mundaic,family,Beng
248,lrc,http://www.wikidata.org/entity/Q19933293,Northern Luri,1500000,,nort2645,Northern Luri,Eurasia,32.5438,47.916,nort2645,lrc,language,IQ;IR,indo1319,,lrc,,,False,nort2645,indo1319/clas1257/indo1320/iran1271/iran1269/sout3157/midd1352/mode1259/luri1257/luri1252,"['indo1319', 'clas1257', 'indo1320', 'iran1271', 'iran1269', 'sout3157', 'midd1352', 'mode1259', 'luri1257', 'luri1252']",indo1319,clas1257,Indo-European,family,Classical Indo-European,family,Arab
249,hoc,http://www.wikidata.org/entity/Q33270,Ho,1500000,,hooo1248,Ho,Eurasia,23.9596,87.1188,hooo1248,hoc,language,IN,aust1305,,hoc,,,False,hooo1248,aust1305/mund1335/nort3151/kher1245/mund1336/homu1234,"['aust1305', 'mund1335', 'nort3151', 'kher1245', 'mund1336', 'homu1234']",aust1305,mund1335,Austroasiatic,family,Mundaic,family,Deva
250,quz,http://www.wikidata.org/entity/Q35147,Cusco Quechua,1500000,,cusc1236,Cusco Quechua,South America,-14.0853,-71.7663,cusc1236,quz,language,PE,quec1387,,quz,,,False,cusc1236,quec1387/quec1389/cusc1235,"['quec1387', 'quec1389', 'cusc1235']",quec1387,quec1389,Quechuan,family,Southern Quechua,family,
251,kbr,http://www.wikidata.org/entity/Q35481,Kafa,1500000,,kafa1242,Kafa,Africa,7.34022,36.1718,kafa1242,kbr,language,ET,gong1255,,kbr,,,False,kafa1242,gong1255/gong1256/sout2835,"['gong1255', 'gong1256', 'sout2835']",gong1255,gong1256,Ta-Ne-Omotic,family,Kefoid,family,Latn
252,lav,http://www.wikidata.org/entity/Q9078,Latvian,1500000,,latv1249,Latvian,Eurasia,56.826108,24.309118,latv1249,lav,language,BY;EE;LT;LV;RU,indo1319,,lav,,,False,latv1249,indo1319/clas1257/balt1263/east2280,"['indo1319', 'clas1257', 'balt1263', 'east2280']",indo1319,clas1257,Indo-European,family,Classical Indo-European,family,
253,sgw,http://www.wikidata.org/entity/Q2707343,Sebat Bet Gurage,1480000,,seba1251,Sebat Bet Gurage,Africa,8.11879,37.9891,seba1251,sgw,language,ET,afro1255,,sgw,,,False,seba1251,afro1255/semi1276/west2786/ethi1244/sout3078/oute1258/ttgr1237,"['afro1255', 'semi1276', 'west2786', 'ethi1244', 'sout3078', 'oute1258', 'ttgr1237']",afro1255,semi1276,Afro-Asiatic,family,Semitic,family,Ethi
254,mni,http://www.wikidata.org/entity/Q33868,Meitei,1470000,,mani1292,Manipuri,Eurasia,24.4409,93.3426,mani1292,mni,language,BD;IN;MM,sino1245,,mni,,,False,mani1292,sino1245/kuki1245,"['sino1245', 'kuki1245']",sino1245,kuki1245,Sino-Tibetan,family,Kuki-Chin-Naga,family,Beng
255,kxm,http://www.wikidata.org/entity/Q3502234,Northern Khmer,1400000,,nort2684,Northern Khmer,Eurasia,14.4674,103.863,nort2684,kxm,language,KH;TH,aust1305,,kxm,,,False,nort2684,aust1305/khme1253,"['aust1305', 'khme1253']",aust1305,khme1253,Austroasiatic,family,Khmeric,family,Thai
256,vls,http://www.wikidata.org/entity/Q100103,West Flemish,1400000,,vlaa1240,Western Flemish,Eurasia,51.0754,3.11345,vlaa1240,vls,language,BE;FR;NL,indo1319,,vls,,,False,vlaa1240,indo1319/clas1257/germ1287/nort3152/west2793/macr1270/midd1347/mode1257/sout3292,"['indo1319', 'clas1257', 'germ1287', 'nort3152', 'west2793', 'macr1270', 'midd1347', 'mode1257', 'sout3292']",indo1319,clas1257,Indo-European,family,Classical Indo-European,family,Latn
257,hyw,http://www.wikidata.org/entity/Q180945,Western Armenian,1395240,,homs1234,Western Armenian,Eurasia,40.1897,44.4839,homs1234,hyw,language,TR,indo1319,,hyw,,,False,homs1234,indo1319/clas1257/arme1241/east2768,"['indo1319', 'clas1257', 'arme1241', 'east2768']",indo1319,clas1257,Indo-European,family,Classical Indo-European,family,Armn
258,che,http://www.wikidata.org/entity/Q33350,Chechen,1393900,,chec1245,Chechen,Eurasia,43.5,45.5,chec1245,che,language,GE;KZ;RU,nakh1245,,che,,,False,chec1245,nakh1245/nakh1246/chec1244,"['nakh1245', 'nakh1246', 'chec1244']",nakh1245,nakh1246,Nakh-Daghestanian,family,Nakh,family,
259,mnk,http://www.wikidata.org/entity/Q33678,Mandinka,1350000,,mand1436,Mandinka,Africa,12.8165233333,-15.6539466667,mand1436,mnk,language,GM;GN;GW;SN,mand1469,,mnk,,,False,mand1436,mand1469/west2780/mand1431/cent2047/mand1432/mand1433/mand1434/mand1435/west2499,"['mand1469', 'west2780', 'mand1431', 'cent2047', 'mand1432', 'mand1433', 'mand1434', 'mand1435', 'west2499']",mand1469,west2780,Mande,family,Western Mande,family,Latn
260,rmt,http://www.wikidata.org/entity/Q35394,Domari,1340000,,doma1258,Domari,Eurasia,32.0,35.0,doma1258,rmt,language,EG;IL;JO;PS;SY,indo1319,,rmt,,,False,doma1258,indo1319/clas1257/indo1320/indo1321/midd1375/cont1248/midl1245/shau1239/indo1322,"['indo1319', 'clas1257', 'indo1320', 'indo1321', 'midd1375', 'cont1248', 'midl1245', 'shau1239', 'indo1322']",indo1319,clas1257,Indo-European,family,Classical Indo-European,family,Arab
261,ven,http://www.wikidata.org/entity/Q32704,Venda,1300000,,vend1245,Venda,Africa,-22.188,29.9523,vend1245,ven,language,BW;ZA;ZW,atla1278,,ven,,,False,vend1245,atla1278/volt1241/benu1247/bant1294/sout3152/narr1281/east2731/sout3387/nucl1826,"['atla1278', 'volt1241', 'benu1247', 'bant1294', 'sout3152', 'narr1281', 'east2731', 'sout3387', 'nucl1826']",atla1278,volt1241,Atlantic-Congo,family,Volta-Congo,family,
262,egl,http://www.wikidata.org/entity/Q1057898,Emilian,1300000,,emil1241,Emiliano,Eurasia,44.3536,11.5794,emil1241,egl,language,IT,indo1319,,egl,,,False,emil1241,indo1319/clas1257/ital1284/lati1262/lati1263/impe1234/roma1334/ital1285/west2813/shif1234/nort3208/gall1279/emil1243,"['indo1319', 'clas1257', 'ital1284', 'lati1262', 'lati1263', 'impe1234', 'roma1334', 'ital1285', 'west2813', 'shif1234', 'nort3208', 'gall1279', 'emil1243']",indo1319,clas1257,Indo-European,family,Classical Indo-European,family,Latn
263,toi,http://www.wikidata.org/entity/Q34101,Tonga,1270000,,tong1318,Tonga (Zambia),Africa,-17.422325,27.103495,tong1318,toi,language,NA;ZM;ZW,atla1278,,toi,,,False,tong1318,atla1278/volt1241/benu1247/bant1294/sout3152/narr1281/east2731/bota1239/lenj1247/cent2279/kafu1239,"['atla1278', 'volt1241', 'benu1247', 'bant1294', 'sout3152', 'narr1281', 'east2731', 'bota1239', 'lenj1247', 'cent2279', 'kafu1239']",atla1278,volt1241,Atlantic-Congo,family,Volta-Congo,family,Latn
264,zeh,http://www.wikidata.org/entity/Q13634282,Eastern Hongshuihe Zhuang,1200000,,east2363,Eastern Hongshuihe Zhuang,Eurasia,23.7,109.0,east2363,zeh,language,CN,taik1256,,zeh,,,False,east2363,taik1256/kamt1241/daic1238/daic1237/nort3326/nort3180/nort3189/hong1247/west3011,"['taik1256', 'kamt1241', 'daic1238', 'daic1237', 'nort3326', 'nort3180', 'nort3189', 'hong1247', 'west3011']",taik1256,kamt1241,Tai-Kadai,family,Kam-Tai,family,Hani
265,bod,http://www.wikidata.org/entity/Q34271,Tibetan,1200000,,tibe1272,Tibetan,Eurasia,28.3681,90.1872,tibe1272,bod,language,BT;CN;IN;NP,sino1245,,bod,,,False,tibe1272,sino1245/bodi1256/bodi1257/oldm1245/tibe1276/late1253/cent2346,"['sino1245', 'bodi1256', 'bodi1257', 'oldm1245', 'tibe1276', 'late1253', 'cent2346']",sino1245,bodi1256,Sino-Tibetan,family,Bodic,family,
266,tsc,http://www.wikidata.org/entity/Q2085051,Tswa,1200000,,tswa1255,Tswa,Africa,-22.9891,32.4287,tswa1255,tsc,language,MZ;ZA;ZW,atla1278,,tsc,,,False,tswa1255,atla1278/volt1241/benu1247/bant1294/sout3152/narr1281/east2731/sout3387/nucl1826/dims1234/ngun1280/tson1250/tswa1254,"['atla1278', 'volt1241', 'benu1247', 'bant1294', 'sout3152', 'narr1281', 'east2731', 'sout3387', 'nucl1826', 'dims1234', 'ngun1280', 'tson1250', 'tswa1254']",atla1278,volt1241,Atlantic-Congo,family,Volta-Congo,family,Latn
267,srr,http://www.wikidata.org/entity/Q36284,Serer,1200000,,sere1260,Sereer,Africa,13.8941,-16.3916,sere1260,srr,language,GM;SN,atla1278,,srr,,,False,sere1260,atla1278/nort3146/peul1234,"['atla1278', 'nort3146', 'peul1234']",atla1278,nort3146,Atlantic-Congo,family,North-Central Atlantic,family,Latn
268,bak,http://www.wikidata.org/entity/Q13389,Bashkir,1200000,,bash1264,Bashkir,Eurasia,53.59671,56.55937,bash1264,bak,language,KZ;RU;UA,turk1311,,bak,,,False,bash1264,turk1311/comm1245/kipc1240/kipc1239/nort3424/nort2696/bash1267,"['turk1311', 'comm1245', 'kipc1240', 'kipc1239', 'nort3424', 'nort2696', 'bash1267']",turk1311,comm1245,Turkic,family,Common Turkic,family,
269,ach,http://www.wikidata.org/entity/Q34926,Acholi,1200000,,acol1236,Acoli,Africa,3.57738,32.5147,acol1236,ach,language,SS;UG,nilo1247,,ach,,,False,acol1236,nilo1247/west2493/lwoo1234/sout2831,"['nilo1247', 'west2493', 'lwoo1234', 'sout2831']",nilo1247,west2493,Nilotic,family,Western Nilotic,family,Latn
270,taj,http://www.wikidata.org/entity/Q12953177,Eastern Tamang,1180000,,east2347,Eastern Tamang,Eurasia,27.3239,87.0832,east2347,taj,language,IN;NP,sino1245,,taj,,,False,east2347,sino1245/bodi1256/kaik1248/ghal1247/tama1367/nucl1729,"['sino1245', 'bodi1256', 'kaik1248', 'ghal1247', 'tama1367', 'nucl1729']",sino1245,bodi1256,Sino-Tibetan,family,Bodic,family,Deva
271,bej,http://www.wikidata.org/entity/Q33025,Beja,1178000,,beja1238,Beja,Africa,17.2436,36.6666,beja1238,bej,language,EG;ER;SD,afro1255,,bej,,,False,beja1238,afro1255/cush1243,"['afro1255', 'cush1243']",afro1255,cush1243,Afro-Asiatic,family,Cushitic,family,Arab
272,mtq,http://www.wikidata.org/entity/Q3236789,Muong,1140000,,muon1246,Muong,Eurasia,20.7374,105.186,muon1246,mtq,language,VN,aust1305,,mtq,,,False,muon1246,aust1305/viet1250/viet1251/muon1245,"['aust1305', 'viet1250', 'viet1251', 'muon1245']",aust1305,viet1250,Austroasiatic,family,Vietic,family,Latn
273,tsg,http://www.wikidata.org/entity/Q34142,Tausug,1100000,,taus1251,Tausug,Papunesia,5.12236,118.88,taus1251,tsg,language,ID;MY;PH,aust1307,,tsg,,,False,taus1251,aust1307/mala1545/grea1284/cent2246/bisa1268/sout3175/butu1243,"['aust1307', 'mala1545', 'grea1284', 'cent2246', 'bisa1268', 'sout3175', 'butu1243']",aust1307,mala1545,Austronesian,family,Malayo-Polynesian,family,Latn
274,hnm,http://www.wikidata.org/entity/Q934541,Hainanese,1100000,,hain1238,Hainanese,Eurasia,19.78383,110.68759,hain1238,hnm,language,CN,sino1245,,hnm,,,False,hain1238,sino1245/sini1245/minn1248/coas1318/sout3421/sout3424/qion1239,"['sino1245', 'sini1245', 'minn1248', 'coas1318', 'sout3421', 'sout3424', 'qion1239']",sino1245,sini1245,Sino-Tibetan,family,Sinitic,family,Hans
275,btm,http://www.wikidata.org/entity/Q2891049,Mandailing Batak,1100000,,bata1291,Batak Mandailing,Papunesia,0.85805,99.898,bata1291,btm,language,ID,aust1307,,btm,,,False,bata1291,aust1307/mala1545/suma1277/toba1265/sout3166/sout2849/angk1248,"['aust1307', 'mala1545', 'suma1277', 'toba1265', 'sout3166', 'sout2849', 'angk1248']",aust1307,mala1545,Austronesian,family,Malayo-Polynesian,family,Batk
276,dga,http://www.wikidata.org/entity/Q35159,Dagaare,1100000,,sout2789,Central Dagaare,Africa,10.4226,-2.52265,sout2789,dga,language,BF;GH,atla1278,,dga,,,False,sout2789,atla1278/volt1241/nort3149/gura1261/cent2243/nort2777/bwam1248/otiv1239/nucl1743/gurm1247/west2461/nucl1748/nort3234/safa1246/daga1276/cent2291,"['atla1278', 'volt1241', 'nort3149', 'gura1261', 'cent2243', 'nort2777', 'bwam1248', 'otiv1239', 'nucl1743', 'gurm1247', 'west2461', 'nucl1748', 'nort3234', 'safa1246', 'daga1276', 'cent2291']",atla1278,volt1241,Atlantic-Congo,family,Volta-Congo,family,Latn
277,urh,http://www.wikidata.org/entity/Q36663,Urhobo,1100000,,urho1239,Urhobo,Africa,5.31155,5.86148,urho1239,urh,language,NG,atla1278,,urh,,,False,urho1239,atla1278/volt1241/benu1247/akpe1249/edoi1239/sout2805,"['atla1278', 'volt1241', 'benu1247', 'akpe1249', 'edoi1239', 'sout2805']",atla1278,volt1241,Atlantic-Congo,family,Volta-Congo,family,Latn
278,pag,http://www.wikidata.org/entity/Q33879,Pangasinan,1100000,,pang1290,Pangasinan,Papunesia,15.9377,120.365,pang1290,pag,language,PH,aust1307,,pag,,,False,pang1290,aust1307/mala1545/nort3238/meso1254/sout3211/sout2907/west2550,"['aust1307', 'mala1545', 'nort3238', 'meso1254', 'sout3211', 'sout2907', 'west2550']",aust1307,mala1545,Austronesian,family,Malayo-Polynesian,family,Latn
279,mdh,http://www.wikidata.org/entity/Q33717,Maguindanao,1100000,,magu1243,Maguindanao,Papunesia,6.9453,124.509,magu1243,mdh,language,PH,aust1307,,mdh,,,False,magu1243,aust1307/mala1545/grea1284/dana1253,"['aust1307', 'mala1545', 'grea1284', 'dana1253']",aust1307,mala1545,Austronesian,family,Malayo-Polynesian,family,Latn
280,rgn,http://www.wikidata.org/entity/Q1641543,Romagnol,1100000,,roma1328,Romagnol,Eurasia,44.2349,11.7189,roma1328,rgn,language,IT;SM,indo1319,,rgn,,,False,roma1328,indo1319/clas1257/ital1284/lati1262/lati1263/impe1234/roma1334/ital1285/west2813/shif1234/nort3208/gall1279/emil1243,"['indo1319', 'clas1257', 'ital1284', 'lati1262', 'lati1263', 'impe1234', 'roma1334', 'ital1285', 'west2813', 'shif1234', 'nort3208', 'gall1279', 'emil1243']",indo1319,clas1257,Indo-European,family,Classical Indo-European,family,Latn
281,snk,http://www.wikidata.org/entity/Q36660,Soninke,1096795,,soni1259,Soninke,Africa,14.7596,-12.1408,soni1259,snk,language,GM;GN;GW;ML;MR;SN,mand1469,,snk,,,False,soni1259,mand1469/west2780/samo1308/soni1257/soni1258,"['mand1469', 'west2780', 'samo1308', 'soni1257', 'soni1258']",mand1469,west2780,Mande,family,Western Mande,family,Latn
282,krj,http://www.wikidata.org/entity/Q33720,Karay-a,1056093,,kina1250,Kinaray-a,Papunesia,10.8131,122.297,kina1250,krj,language,PH,aust1307,,krj,,,False,kina1250,aust1307/mala1545/grea1284/cent2246/bisa1268/west2820/kina1255,"['aust1307', 'mala1545', 'grea1284', 'cent2246', 'bisa1268', 'west2820', 'kina1255']",aust1307,mala1545,Austronesian,family,Malayo-Polynesian,family,Latn
283,ekk,http://www.wikidata.org/entity/Q12361545,Standard Estonian,1050000,,esto1258,Estonian,Eurasia,58.55,25.82,esto1258,ekk,language,EE;LV;RU,ural1272,,ekk,,,False,esto1258,ural1272/finn1317/coas1319/neva1234/cent2329,"['ural1272', 'finn1317', 'coas1319', 'neva1234', 'cent2329']",ural1272,finn1317,Uralic,family,Finnic,family,
284,zmi,http://www.wikidata.org/entity/Q3915909,Negeri Sembilan Malay,1010000,,nege1240,Negeri Sembilan Malay,Eurasia,2.66503,102.291,nege1240,zmi,language,MY,aust1307,,zmi,,,False,nege1240,aust1307/mala1545/mala1554/mala1538/nucl1806/nort3388/keri1253/mina1280,"['aust1307', 'mala1545', 'mala1554', 'mala1538', 'nucl1806', 'nort3388', 'keri1253', 'mina1280']",aust1307,mala1545,Austronesian,family,Malayo-Polynesian,family,Latn
285,lug,http://www.wikidata.org/entity/Q33368,Luganda,1000000,,gand1255,Ganda,Africa,0.66884,32.15153,gand1255,lug,language,UG,atla1278,,lug,,,False,gand1255,atla1278/volt1241/benu1247/bant1294/sout3152/narr1281/east2731/nort3203/grea1289/west2841/nort3220,"['atla1278', 'volt1241', 'benu1247', 'bant1294', 'sout3152', 'narr1281', 'east2731', 'nort3203', 'grea1289', 'west2841', 'nort3220']",atla1278,volt1241,Atlantic-Congo,family,Volta-Congo,family,
286,grt,http://www.wikidata.org/entity/Q36137,Garo,1000000,,garo1247,Garo,Eurasia,25.2954,90.462,garo1247,grt,language,BD;IN,sino1245,,grt,,,False,garo1247,sino1245/brah1260/bodo1279,"['sino1245', 'brah1260', 'bodo1279']",sino1245,brah1260,Sino-Tibetan,family,Brahmaputran,family,Beng
287,gor,http://www.wikidata.org/entity/Q2501174,Gorontalo,1000000,,goro1259,Gorontalo,Papunesia,0.62689,122.288,goro1259,gor,language,ID,aust1307,,gor,,,False,goro1259,aust1307/mala1545/grea1284/goro1257/goro1273,"['aust1307', 'mala1545', 'grea1284', 'goro1257', 'goro1273']",aust1307,mala1545,Austronesian,family,Malayo-Polynesian,family,Latn
288,bqi,http://www.wikidata.org/entity/Q257829,Bakhtiari,1000000,,bakh1245,Bakhtiari,Eurasia,32.0163,49.7713,bakh1245,bqi,language,IR,indo1319,,bqi,,,False,bakh1245,indo1319/clas1257/indo1320/iran1271/iran1269/sout3157/midd1352/mode1259/luri1257/luri1252/bakh1252,"['indo1319', 'clas1257', 'indo1320', 'iran1271', 'iran1269', 'sout3157', 'midd1352', 'mode1259', 'luri1257', 'luri1252', 'bakh1252']",indo1319,clas1257,Indo-European,family,Classical Indo-European,family,Arab
289,dag,http://www.wikidata.org/entity/Q32238,Dagbanli,1000000,,dagb1246,Dagbani,Africa,9.64745,-0.43227,dagb1246,dag,language,GH;TG,atla1278,,dag,,,False,dagb1246,atla1278/volt1241/nort3149/gura1261/cent2243/nort2777/bwam1248/otiv1239/nucl1743/gurm1247/west2461/nucl1748/sout3205/mamp1246,"['atla1278', 'volt1241', 'nort3149', 'gura1261', 'cent2243', 'nort2777', 'bwam1248', 'otiv1239', 'nucl1743', 'gurm1247', 'west2461', 'nucl1748', 'sout3205', 'mamp1246']",atla1278,volt1241,Atlantic-Congo,family,Volta-Congo,family,Latn
290,mfa,http://www.wikidata.org/entity/Q1199751,Kelantan-Pattani Malay,1000000,,patt1249,Kelantan-Pattani Malay,Eurasia,6.38148,101.41,patt1249,mfa,language,MY;TH,aust1307,,mfa,,,False,patt1249,aust1307/mala1545/mala1554/mala1538/nucl1806/sing1270/keda1253,"['aust1307', 'mala1545', 'mala1554', 'mala1538', 'nucl1806', 'sing1270', 'keda1253']",aust1307,mala1545,Austronesian,family,Malayo-Polynesian,family,Arab
291,kbp,http://www.wikidata.org/entity/Q35475,Kabiye,1000000,,kabi1261,Kabiyé,Africa,8.96816,0.495023,kabi1261,kbp,language,BJ;GH;TG,atla1278,,kbp,,,False,kabi1261,atla1278/volt1241/nort3149/gura1261/cent2243/sout3164/grus1239/east2740/east2397/kabi1265,"['atla1278', 'volt1241', 'nort3149', 'gura1261', 'cent2243', 'sout3164', 'grus1239', 'east2740', 'east2397', 'kabi1265']",atla1278,volt1241,Atlantic-Congo,family,Volta-Congo,family,Latn
292,luz,http://www.wikidata.org/entity/Q12952748,Southern Luri,1000000,,sout2647,Southern Luri,Eurasia,30.4669,50.8382,sout2647,luz,language,IR,indo1319,,luz,,,False,sout2647,indo1319/clas1257/indo1320/iran1271/iran1269/sout3157/midd1352/mode1259/luri1257/luri1252/bakh1252,"['indo1319', 'clas1257', 'indo1320', 'iran1271', 'iran1269', 'sout3157', 'midd1352', 'mode1259', 'luri1257', 'luri1252', 'bakh1252']",indo1319,clas1257,Indo-European,family,Classical Indo-European,family,Arab
293,pfl,http://www.wikidata.org/entity/Q23014,Palatinate German,1000000,,pala1330,Pfaelzisch-Lothringisch,Eurasia,49.701,6.846,pala1330,pfl,language,DE,indo1319,,pfl,,,False,pala1330,indo1319/clas1257/germ1287/nort3152/west2793/high1289/fran1268/high1287/rhin1244/pala1355,"['indo1319', 'clas1257', 'germ1287', 'nort3152', 'west2793', 'high1289', 'fran1268', 'high1287', 'rhin1244', 'pala1355']",indo1319,clas1257,Indo-European,family,Classical Indo-European,family,Latn
294,qxq,http://www.wikidata.org/entity/Q13192,Qashqai,995000,,qash1240,Qashqa'i,Eurasia,28.25931,52.83349,qash1240,qxq,language,IR,turk1311,,qxq,,,False,qash1240,turk1311/comm1245/oghu1243/nucl1769,"['turk1311', 'comm1245', 'oghu1243', 'nucl1769']",turk1311,comm1245,Turkic,family,Common Turkic,family,Arab
295,haq,http://www.wikidata.org/entity/Q3105505,Ha,990000,,haaa1252,Ha,Africa,-3.77873,30.4894,haaa1252,haq,language,BI;TZ,atla1278,,haq,,,False,haaa1252,atla1278/volt1241/benu1247/bant1294/sout3152/narr1281/east2731/nort3203/grea1289/west2842/kivu1239/rwan1241/rund1244,"['atla1278', 'volt1241', 'benu1247', 'bant1294', 'sout3152', 'narr1281', 'east2731', 'nort3203', 'grea1289', 'west2842', 'kivu1239', 'rwan1241', 'rund1244']",atla1278,volt1241,Atlantic-Congo,family,Volta-Congo,family,Latn
296,ryu,http://www.wikidata.org/entity/Q34233,Okinawan,984000,,cent2126,Central Okinawan,Eurasia,26.14854,127.7816,cent2126,ryu,language,JP,japo1237,,ryu,,,False,cent2126,japo1237/ryuk1243/nort3255/okin1244,"['japo1237', 'ryuk1243', 'nort3255', 'okin1244']",japo1237,ryuk1243,Japonic,family,Ryukyuan,family,Kana
297,drs,http://www.wikidata.org/entity/Q56622,Gedeo,980000,,gede1246,Gedeo,Africa,6.18469,38.2395,gede1246,drs,language,ET,afro1255,,drs,,,False,gede1246,afro1255/cush1243/east2699/high1285/sida1247/sida1248,"['afro1255', 'cush1243', 'east2699', 'high1285', 'sida1247', 'sida1248']",afro1255,cush1243,Afro-Asiatic,family,Cushitic,family,Ethi
298,nym,http://www.wikidata.org/entity/Q4121131,Nyamwezi,980000,,nyam1276,Nyamwezi,Africa,-5.08559,32.94452,nyam1276,nym,language,TZ,atla1278,,nym,,,False,nyam1276,atla1278/volt1241/benu1247/bant1294/sout3152/narr1281/east2731/nort3203/suku1274/nyam1286,"['atla1278', 'volt1241', 'benu1247', 'bant1294', 'sout3152', 'narr1281', 'east2731', 'nort3203', 'suku1274', 'nyam1286']",atla1278,volt1241,Atlantic-Congo,family,Volta-Congo,family,Latn
299,kac,http://www.wikidata.org/entity/Q33332,Jingpo,940000,,kach1280,Southern Jinghpaw,Eurasia,25.4634,97.3278,kach1280,kac,language,CN;MM,sino1245,,kac,,,False,kach1280,sino1245/brah1260/jing1259/jing1260,"['sino1245', 'brah1260', 'jing1259', 'jing1260']",sino1245,brah1260,Sino-Tibetan,family,Brahmaputran,family,Latn
300,its,http://www.wikidata.org/entity/Q36045,Itsekiri,940000,,isek1239,Isekiri,Africa,5.81898,5.5862,isek1239,its,language,NG,atla1278,,its,,,False,isek1239,atla1278/volt1241/benu1247/defo1239/yoru1244/edek1238,"['atla1278', 'volt1241', 'benu1247', 'defo1239', 'yoru1244', 'edek1238']",atla1278,volt1241,Atlantic-Congo,family,Volta-Congo,family,Latn
301,stv,http://www.wikidata.org/entity/Q33880,Selti,935000,,silt1240,Silt'e,Africa,7.77004,38.1449,silt1240,stv,language,ET,afro1255,,stv,,,False,silt1240,afro1255/semi1276/west2786/ethi1244/sout3078/hara1270/silt1239,"['afro1255', 'semi1276', 'west2786', 'ethi1244', 'sout3078', 'hara1270', 'silt1239']",afro1255,semi1276,Afro-Asiatic,family,Semitic,family,Ethi
302,quy,http://www.wikidata.org/entity/Q35145,Ayacucho Quechua,918200,,ayac1239,Ayacucho Quechua,South America,-13.84714,-74.32246,ayac1239,quy,language,PE,quec1387,,quy,,,False,ayac1239,quec1387/quec1389/ayac1238,"['quec1387', 'quec1389', 'ayac1238']",quec1387,quec1389,Quechuan,family,Southern Quechua,family,Latn
303,nus,http://www.wikidata.org/entity/Q33675,Nuer,900000,,nuer1246,Nuer,Africa,8.13911,32.3829,nuer1246,nus,language,ET;SS,nilo1247,,nus,,,False,nuer1246,nilo1247/west2493/dink1261/nuer1245,"['nilo1247', 'west2493', 'dink1261', 'nuer1245']",nilo1247,west2493,Nilotic,family,Western Nilotic,family,Latn
304,mqy,http://www.wikidata.org/entity/Q3285748,Manggarai,900000,,mang1405,Manggarai,Papunesia,-8.55748,120.329,mang1405,mqy,language,ID,aust1307,,mqy,,,False,mang1405,aust1307/mala1545/bima1248/flor1244/flor1241/mang1430/mang1436,"['aust1307', 'mala1545', 'bima1248', 'flor1244', 'flor1241', 'mang1430', 'mang1436']",aust1307,mala1545,Austronesian,family,Malayo-Polynesian,family,Latn
305,mjl,http://www.wikidata.org/entity/Q6747931,Mandeali,900000,,mand1409,Mandeali,Eurasia,31.5425,77.0419,mand1409,mjl,language,IN,indo1319,,mjl,,,False,mand1409,indo1319/clas1257/indo1320/indo1321/midd1375/dard1244/hima1250,"['indo1319', 'clas1257', 'indo1320', 'indo1321', 'midd1375', 'dard1244', 'hima1250']",indo1319,clas1257,Indo-European,family,Classical Indo-European,family,Deva
306,nij,http://www.wikidata.org/entity/Q2992872,Ngaju,890000,,ngaj1237,Ngaju,Papunesia,-1.58463,112.794,ngaj1237,nij,language,ID,aust1307,,nij,,,False,ngaj1237,aust1307/mala1545/basa1291/grea1283/sout2921,"['aust1307', 'mala1545', 'basa1291', 'grea1283', 'sout2921']",aust1307,mala1545,Austronesian,family,Malayo-Polynesian,family,Latn
307,ktb,http://www.wikidata.org/entity/Q35664,Kambaata,890000,,kamb1316,Kambaata,Africa,7.37582,37.9088,kamb1316,ktb,language,ET,afro1255,,ktb,,,False,kamb1316,afro1255/cush1243/east2699/high1285/sida1247/hadi1241/kamb1318,"['afro1255', 'cush1243', 'east2699', 'high1285', 'sida1247', 'hadi1241', 'kamb1318']",afro1255,cush1243,Afro-Asiatic,family,Cushitic,family,Ethi
308,kmz,http://www.wikidata.org/entity/Q35373,Khorasani Turkic,886000,,khor1269,Khorasan Turkic,Eurasia,36.4438,60.0277,khor1269,kmz,language,IR,turk1311,,kmz,,,False,khor1269,turk1311/comm1245/oghu1243/nucl1769/east2334,"['turk1311', 'comm1245', 'oghu1243', 'nucl1769', 'east2334']",turk1311,comm1245,Turkic,family,Common Turkic,family,Arab
309,kea,http://www.wikidata.org/entity/Q35963,Cape Verdean Creole,871000,,kabu1256,Kabuverdianu,Africa,15.0586,-23.6148,kabu1256,kea,language,CV,indo1319,,kea,,,False,kabu1256,indo1319/clas1257/ital1284/lati1262/lati1263/impe1234/roma1334/ital1285/west2813/shif1234/sout3183/west2838/gali1263/macr1272/uppe1458,"['indo1319', 'clas1257', 'ital1284', 'lati1262', 'lati1263', 'impe1234', 'roma1334', 'ital1285', 'west2813', 'shif1234', 'sout3183', 'west2838', 'gali1263', 'macr1272', 'uppe1458']",indo1319,clas1257,Indo-European,family,Classical Indo-European,family,Latn
310,blk,http://www.wikidata.org/entity/Q7121294,Pa'O,860000,,paok1235,Pa'o Karen,Eurasia,20.211,97.5969,paok1235,blk,language,MM;TH,sino1245,,blk,,,False,paok1235,sino1245/kare1337/peri1254,"['sino1245', 'kare1337', 'peri1254']",sino1245,kare1337,Sino-Tibetan,family,Karenic,family,Mymr
311,bum,http://www.wikidata.org/entity/Q35028,Bulu,860000,,bulu1251,Bulu (Cameroon),Africa,3.16141,11.6365,bulu1251,bum,language,CM,atla1278,,bum,,,False,bulu1251,atla1278/volt1241/benu1247/bant1294/sout3152/narr1281/bant1295/basa1292/yaun1239,"['atla1278', 'volt1241', 'benu1247', 'bant1294', 'sout3152', 'narr1281', 'bant1295', 'basa1292', 'yaun1239']",atla1278,volt1241,Atlantic-Congo,family,Volta-Congo,family,Latn
312,fan,http://www.wikidata.org/entity/Q33484,Fang,858000,,fang1246,Fang (Equatorial Guinea),Africa,1.723965,11.61454,fang1246,fan,language,CG;CM;GA;GQ,atla1278,,fan,,,False,fang1246,atla1278/volt1241/benu1247/bant1294/sout3152/narr1281/bant1295/basa1292/yaun1239,"['atla1278', 'volt1241', 'benu1247', 'bant1294', 'sout3152', 'narr1281', 'bant1295', 'basa1292', 'yaun1239']",atla1278,volt1241,Atlantic-Congo,family,Volta-Congo,family,Latn
313,mnw,http://www.wikidata.org/entity/Q13349,Mon,850000,,monn1252,Mon,Eurasia,15.49394,98.122465,monn1252,mnw,language,MM;TH,aust1305,,mnw,,,False,monn1252,aust1305/moni1258,"['aust1305', 'moni1258']",aust1305,moni1258,Austroasiatic,family,Monic,family,Mymr
314,xmm,http://www.wikidata.org/entity/Q1068112,Manado,850000,,mala1481,Manado Malay,Papunesia,1.48099,124.843,mala1481,xmm,language,ID,aust1307,,xmm,,,False,mala1481,aust1307/mala1545/mala1554/mala1538/nucl1806/vehi1234/east2743/mana1300,"['aust1307', 'mala1545', 'mala1554', 'mala1538', 'nucl1806', 'vehi1234', 'east2743', 'mana1300']",aust1307,mala1545,Austronesian,family,Malayo-Polynesian,family,Latn
315,nut,http://www.wikidata.org/entity/Q72695,Nung,850000,,nung1283,Nung (Viet Nam),Eurasia,20.8965,104.286,nung1283,nut,language,CN;LA;VN,taik1256,,nut,,,False,nung1283,taik1256/kamt1241/daic1238/daic1237/cent2251/deba1238,"['taik1256', 'kamt1241', 'daic1238', 'daic1237', 'cent2251', 'deba1238']",taik1256,kamt1241,Tai-Kadai,family,Kam-Tai,family,Latn
316,fry,http://www.wikidata.org/entity/Q27175,West Frisian,843000,,west2354,Western Frisian,Eurasia,53.143,5.86091,west2354,fry,language,NL,indo1319,,fry,,,False,west2354,indo1319/clas1257/germ1287/nort3152/west2793/nort3175/angl1264/fris1239/mode1264/west2902,"['indo1319', 'clas1257', 'germ1287', 'nort3152', 'west2793', 'nort3175', 'angl1264', 'fris1239', 'mode1264', 'west2902']",indo1319,clas1257,Indo-European,family,Classical Indo-European,family,
317,kha,http://www.wikidata.org/entity/Q33584,Khasi,843000,,khas1269,Khasi,Eurasia,24.977,91.9998,khas1269,kha,language,BD;IN,aust1305,,kha,,,False,khas1269,aust1305/khas1273/khas1268/khas1274/khas1275,"['aust1305', 'khas1273', 'khas1268', 'khas1274', 'khas1275']",aust1305,khas1273,Austroasiatic,family,Khasi-Palaung,family,Latn
318,nia,http://www.wikidata.org/entity/Q2407831,Nias,825768,,nias1242,Nias,Papunesia,0.90691,97.4961,nias1242,nia,language,ID,aust1307,,nia,,,False,nias1242,aust1307/mala1545/suma1277/nias1241,"['aust1307', 'mala1545', 'suma1277', 'nias1241']",aust1307,mala1545,Austronesian,family,Malayo-Polynesian,family,Latn
319,ium,http://www.wikidata.org/entity/Q2498808,Iu Mien,820000,,iumi1238,Iu Mien,Eurasia,20.83,101.17,iumi1238,ium,language,CN;LA;MM;TH;VN,hmon1336,,ium,,,False,iumi1238,hmon1336/mien1242/mien1243,"['hmon1336', 'mien1242', 'mien1243']",hmon1336,mien1242,Hmong-Mien,family,Mienic,family,Latn
320,gur,http://www.wikidata.org/entity/Q35331,Farefare,820000,,fare1241,Farefare,Africa,11.0918,-0.81109,fare1241,gur,language,BF;GH,atla1278,,gur,,,False,fare1241,atla1278/volt1241/nort3149/gura1261/cent2243/nort2777/bwam1248/otiv1239/nucl1743/gurm1247/west2461/nucl1748/nort3234/moss1237/fraf1239,"['atla1278', 'volt1241', 'nort3149', 'gura1261', 'cent2243', 'nort2777', 'bwam1248', 'otiv1239', 'nucl1743', 'gurm1247', 'west2461', 'nucl1748', 'nort3234', 'moss1237', 'fraf1239']",atla1278,volt1241,Atlantic-Congo,family,Volta-Congo,family,Latn
321,swg,http://www.wikidata.org/entity/Q327274,Swabian,820000,,swab1242,Swabian,Eurasia,48.386796,9.987111,swab1242,swg,language,DE,indo1319,,swg,,,False,swab1242,indo1319/clas1257/germ1287/nort3152/west2793/high1289/high1286/midd1349/mode1258/alem1243/nort3310,"['indo1319', 'clas1257', 'germ1287', 'nort3152', 'west2793', 'high1289', 'high1286', 'midd1349', 'mode1258', 'alem1243', 'nort3310']",indo1319,clas1257,Indo-European,family,Classical Indo-European,family,Latn
322,ndo,http://www.wikidata.org/entity/Q33900,Ndonga,810000,,ndon1254,Ndonga,Africa,-17.22,17.35,ndon1254,ndo,language,AO;NA,atla1278,,ndo,,,False,ndon1254,atla1278/volt1241/benu1247/bant1294/sout3152/narr1281/cent2260/njil1234/sout3233/kune1234/cimb1239/ndon1253/kwam1257,"['atla1278', 'volt1241', 'benu1247', 'bant1294', 'sout3152', 'narr1281', 'cent2260', 'njil1234', 'sout3233', 'kune1234', 'cimb1239', 'ndon1253', 'kwam1257']",atla1278,volt1241,Atlantic-Congo,family,Volta-Congo,family,
323,adx,http://www.wikidata.org/entity/Q56509,Amdo Tibetan,810000,,amdo1237,Amdo Tibetan,Eurasia,34.5177,100.485,amdo1237,adx,language,CN,sino1245,,adx,,,False,amdo1237,sino1245/bodi1256/bodi1257/oldm1245/tibe1276/nort3398,"['sino1245', 'bodi1256', 'bodi1257', 'oldm1245', 'tibe1276', 'nort3398']",sino1245,bodi1256,Sino-Tibetan,family,Bodic,family,Tibt
324,nup,http://www.wikidata.org/entity/Q36720,Nupe,800000,,nupe1254,Nupe-Nupe-Tako,Africa,9.18404,5.40031,nupe1254,nup,language,NG,atla1278,,nup,,,False,nupe1254,atla1278/volt1241/benu1247/ebir1244/nupe1252/nupo1239,"['atla1278', 'volt1241', 'benu1247', 'ebir1244', 'nupe1252', 'nupo1239']",atla1278,volt1241,Atlantic-Congo,family,Volta-Congo,family,Latn
325,tig,http://www.wikidata.org/entity/Q34129,Tigre,800000,,tigr1270,Tigre,Africa,17.3494,38.2233,tigr1270,tig,language,ER;SD,afro1255,,tig,,,False,tigr1270,afro1255/semi1276/west2786/ethi1244/tigr1277,"['afro1255', 'semi1276', 'west2786', 'ethi1244', 'tigr1277']",afro1255,semi1276,Afro-Asiatic,family,Semitic,family,Ethi
326,dty,http://www.wikidata.org/entity/Q18415595,Doteli,790000,,doty1234,Dotyali,Eurasia,29.242,80.7252,doty1234,dty,language,NP,indo1319,,dty,,,False,doty1234,indo1319/clas1257/indo1320/indo1321/midd1375/cont1248/midl1245/indo1310/east1436,"['indo1319', 'clas1257', 'indo1320', 'indo1321', 'midd1375', 'cont1248', 'midl1245', 'indo1310', 'east1436']",indo1319,clas1257,Indo-European,family,Classical Indo-European,family,Deva
327,ajg,http://www.wikidata.org/entity/Q35035,Adja,781000,,ajab1235,Aja (Benin),Africa,7.06634,1.64992,ajab1235,ajg,language,BJ;TG,atla1278,,ajg,,,False,ajab1235,atla1278/volt1241/kwav1236/gbee1241,"['atla1278', 'volt1241', 'kwav1236', 'gbee1241']",atla1278,volt1241,Atlantic-Congo,family,Volta-Congo,family,Latn
328,mrw,http://www.wikidata.org/entity/Q33800,Maranao,780000,,mara1404,Maranao,Papunesia,7.79414,124.175,mara1404,mrw,language,PH,aust1307,,mrw,,,False,mara1404,aust1307/mala1545/grea1284/dana1253,"['aust1307', 'mala1545', 'grea1284', 'dana1253']",aust1307,mala1545,Austronesian,family,Malayo-Polynesian,family,Latn
329,pnt,http://www.wikidata.org/entity/Q36748,Pontic Greek,778000,,pont1253,Pontic,Eurasia,41.266015,36.097421,pont1253,pnt,language,BG;GR;MK;TR,indo1319,,pnt,,,False,pont1253,indo1319/clas1257/grae1234/gree1276/east2798/cent2404/koin1234/mode1266/pont1257,"['indo1319', 'clas1257', 'grae1234', 'gree1276', 'east2798', 'cent2404', 'koin1234', 'mode1266', 'pont1257']",indo1319,clas1257,Indo-European,family,Classical Indo-European,family,Grek
330,rki,http://www.wikidata.org/entity/Q3450749,Rakhine,765000,,rakh1245,Rakhine,Eurasia,20.527429,93.145906,rakh1245,rki,language,BD;MM,sino1245,,rki,,,False,rakh1245,sino1245/burm1265/lolo1265/burm1266/sout3159/mran1234/nucl1811/arak1255,"['sino1245', 'burm1265', 'lolo1265', 'burm1266', 'sout3159', 'mran1234', 'nucl1811', 'arak1255']",sino1245,burm1265,Sino-Tibetan,family,Burmo-Qiangic,family,Mymr
331,tly,http://www.wikidata.org/entity/Q34318,Talysh,764400,,taly1247,North-Central Talysh,Eurasia,38.4552,48.6349,taly1247,tly,language,AZ;IR;RU,indo1319,,tly,,,False,taly1247,indo1319/clas1257/indo1320/iran1271/iran1269/cent2317/cent2318/nort3177/tati1243/tati1244/cent2265,"['indo1319', 'clas1257', 'indo1320', 'iran1271', 'iran1269', 'cent2317', 'cent2318', 'nort3177', 'tati1243', 'tati1244', 'cent2265']",indo1319,clas1257,Indo-European,family,Classical Indo-European,family,Latn
332,blt,http://www.wikidata.org/entity/Q56407,Tai Dam,760000,,taid1247,Tai Dam,Eurasia,18.9572,102.928,taid1247,blt,language,CN;LA;TH;VN,taik1256,,blt,,,False,taid1247,taik1256/kamt1241/daic1238/daic1237/cent2251/wenm1239/sapa1255/sout3184/sout2743/chia1264/blac1269,"['taik1256', 'kamt1241', 'daic1238', 'daic1237', 'cent2251', 'wenm1239', 'sapa1255', 'sout3184', 'sout2743', 'chia1264', 'blac1269']",taik1256,kamt1241,Tai-Kadai,family,Kam-Tai,family,Tavt
334,fvr,http://www.wikidata.org/entity/Q33364,Fur,746000,,furr1244,Fur,Africa,12.0455,23.6401,furr1244,fvr,language,CF;SD;TD,fura1235,,fvr,,,False,furr1244,fura1235,['fura1235'],fura1235,,Furan,family,,,Latn
335,gaa,http://www.wikidata.org/entity/Q33287,Ga,745000,,gaaa1244,Ga,Africa,5.65488,-0.18598,gaaa1244,gaa,language,GH,atla1278,,gaa,,,False,gaaa1244,atla1278/volt1241/kwav1236/gada1257,"['atla1278', 'volt1241', 'kwav1236', 'gada1257']",atla1278,volt1241,Atlantic-Congo,family,Volta-Congo,family,Latn
336,hni,http://www.wikidata.org/entity/Q56516,Hani,740000,,hani1248,Hani,Eurasia,22.67753,102.851673333,hani1248,hni,language,CN;LA;VN,sino1245,,hni,,,False,hani1248,sino1245/burm1265/lolo1265/lolo1267/hani1249/biso1244/hani1250/haya1251,"['sino1245', 'burm1265', 'lolo1265', 'lolo1267', 'hani1249', 'biso1244', 'hani1250', 'haya1251']",sino1245,burm1265,Sino-Tibetan,family,Burmo-Qiangic,family,Latn
337,anp,http://www.wikidata.org/entity/Q28378,Angika,740000,,angi1238,Angika,Eurasia,26.0047,85.534,angi1238,anp,language,IN;NP,indo1319,,anp,,,False,angi1238,indo1319/clas1257/indo1320/indo1321/midd1375/cont1248/midl1245/shau1239/biha1245/mait1254,"['indo1319', 'clas1257', 'indo1320', 'indo1321', 'midd1375', 'cont1248', 'midl1245', 'shau1239', 'biha1245', 'mait1254']",indo1319,clas1257,Indo-European,family,Classical Indo-European,family,Deva
338,chv,http://www.wikidata.org/entity/Q33348,Chuvash,738070,,chuv1255,Chuvash,Eurasia,55.48701,47.16298,chuv1255,chv,language,EE;KZ;RU,turk1311,,chv,,,False,chuv1255,turk1311/bolg1249,"['turk1311', 'bolg1249']",turk1311,bolg1249,Turkic,family,Bolgar,family,
339,cym,http://www.wikidata.org/entity/Q9309,Welsh,724000,,wels1247,Welsh,Eurasia,52.0,-4.0,wels1247,cym,language,AR;GB,indo1319,,cym,,,False,wels1247,indo1319/clas1257/celt1248/nucl1715/tgbc1234/insu1254/bryt1239/oldm1247,"['indo1319', 'clas1257', 'celt1248', 'nucl1715', 'tgbc1234', 'insu1254', 'bryt1239', 'oldm1247']",indo1319,clas1257,Indo-European,family,Classical Indo-European,family,
340,rng,http://www.wikidata.org/entity/Q2520717,Ronga,722000,,rong1268,Ronga,Africa,-26.7329,32.6167,rong1268,rng,language,MZ;ZA,atla1278,,rng,,,False,rong1268,atla1278/volt1241/benu1247/bant1294/sout3152/narr1281/east2731/sout3387/nucl1826/dims1234/ngun1280/tson1250/tswa1254/tson1251,"['atla1278', 'volt1241', 'benu1247', 'bant1294', 'sout3152', 'narr1281', 'east2731', 'sout3387', 'nucl1826', 'dims1234', 'ngun1280', 'tson1250', 'tswa1254', 'tson1251']",atla1278,volt1241,Atlantic-Congo,family,Volta-Congo,family,Latn
341,scl,http://www.wikidata.org/entity/Q1353320,Shina,720200,,shin1264,Shina,Eurasia,34.6515,75.287,shin1264,scl,language,IN;PK,indo1319,,scl,,,False,shin1264,indo1319/clas1257/indo1320/indo1321/midd1375/dard1244/nucl1819/shin1270,"['indo1319', 'clas1257', 'indo1320', 'indo1321', 'midd1375', 'dard1244', 'nucl1819', 'shin1270']",indo1319,clas1257,Indo-European,family,Classical Indo-European,family,Arab
342,ava,http://www.wikidata.org/entity/Q29561,Avar,715000,,avar1256,Avar,Eurasia,41.7047,46.558,avar1256,ava,language,AZ;GE;RU;TR,nakh1245,,ava,,,False,avar1256,nakh1245/dagh1238/avar1255,"['nakh1245', 'dagh1238', 'avar1255']",nakh1245,dagh1238,Nakh-Daghestanian,family,Daghestanian,family,
343,yua,http://www.wikidata.org/entity/Q13354,Yucatec Maya,706000,,yuca1254,Yucatec Maya,North America,18.7757,-88.9567,yuca1254,yua,language,BZ;GT;MX,maya1287,,yua,,,False,yuca1254,maya1287/core1254/yuca1252/nucl1844/yuca1253,"['maya1287', 'core1254', 'yuca1252', 'nucl1844', 'yuca1253']",maya1287,core1254,Mayan,family,Core Mayan,family,Latn
344,hwc,http://www.wikidata.org/entity/Q35602,Hawaiian Pidgin,700000,,hawa1247,Hawai'i Creole English,Papunesia,19.6287,-155.437,hawa1247,hwc,language,US,indo1319,,hwc,,,False,hawa1247,indo1319/clas1257/germ1287/nort3152/west2793/nort3175/angl1264/angl1265/late1254/merc1242/macr1271/paci1280,"['indo1319', 'clas1257', 'germ1287', 'nort3152', 'west2793', 'nort3175', 'angl1264', 'angl1265', 'late1254', 'merc1242', 'macr1271', 'paci1280']",indo1319,clas1257,Indo-European,family,Classical Indo-European,family,Latn
345,lic,http://www.wikidata.org/entity/Q934738,Hlai,700000,,hlai1239,Hlai,Eurasia,18.8062,109.459,hlai1239,lic,language,CN,taik1256,,lic,,,False,hlai1239,taik1256/hlai1238/nucl1241,"['taik1256', 'hlai1238', 'nucl1241']",taik1256,hlai1238,Tai-Kadai,family,Hlaic,family,Latn
346,gyn,http://www.wikidata.org/entity/Q3305477,Guyanese Creole,700000,,creo1235,Guyanese Creole English,South America,9.0,-62.0,creo1235,gyn,language,GY;SR,indo1319,,gyn,,,False,creo1235,indo1319/clas1257/germ1287/nort3152/west2793/nort3175/angl1264/angl1265/late1254/merc1242/macr1271/guin1259/cari1284/east2759/barb1266/barb1267,"['indo1319', 'clas1257', 'germ1287', 'nort3152', 'west2793', 'nort3175', 'angl1264', 'angl1265', 'late1254', 'merc1242', 'macr1271', 'guin1259', 'cari1284', 'east2759', 'barb1266', 'barb1267']",indo1319,clas1257,Indo-European,family,Classical Indo-European,family,Latn
347,khb,http://www.wikidata.org/entity/Q36948,Tai Lü,700000,,luuu1242,Lü,Eurasia,21.0321,101.282,luuu1242,khb,language,CN;LA;MM;TH;VN,taik1256,,khb,,,False,luuu1242,taik1256/kamt1241/daic1238/daic1237/cent2251/wenm1239/sapa1255/sout3184/sout2743/shan1276/assa1264/nort2739/luey1235,"['taik1256', 'kamt1241', 'daic1238', 'daic1237', 'cent2251', 'wenm1239', 'sapa1255', 'sout3184', 'sout2743', 'shan1276', 'assa1264', 'nort2739', 'luey1235']",taik1256,kamt1241,Tai-Kadai,family,Kam-Tai,family,Talu
348,trp,http://www.wikidata.org/entity/Q35947,Kokborok,700000,,kokb1239,Kok Borok,Eurasia,23.1916,91.4673,kokb1239,trp,language,BD;IN,sino1245,,trp,,,False,kokb1239,sino1245/brah1260/bodo1279/boro1284/dima1253/tipp1238,"['sino1245', 'brah1260', 'bodo1279', 'boro1284', 'dima1253', 'tipp1238']",sino1245,brah1260,Sino-Tibetan,family,Brahmaputran,family,Latn
349,ruf,http://www.wikidata.org/entity/Q3437661,Luguru,692000,,lugu1238,Luguru,Africa,-6.86828,37.5557,lugu1238,ruf,language,TZ,atla1278,,ruf,,,False,lugu1238,atla1278/volt1241/benu1247/bant1294/sout3152/narr1281/east2731/nort3203/nort3209/ruvu1235/east2756,"['atla1278', 'volt1241', 'benu1247', 'bant1294', 'sout3152', 'narr1281', 'east2731', 'nort3203', 'nort3209', 'ruvu1235', 'east2756']",atla1278,volt1241,Atlantic-Congo,family,Volta-Congo,family,Latn
350,kri,http://www.wikidata.org/entity/Q35744,Krio,692000,,krio1253,Krio,Africa,10.8811,-14.3204,krio1253,kri,language,GM;GN;SL;SN;US,indo1319,,kri,,,False,krio1253,indo1319/clas1257/germ1287/nort3152/west2793/nort3175/angl1264/angl1265/late1254/merc1242/macr1271/guin1259/west2851,"['indo1319', 'clas1257', 'germ1287', 'nort3152', 'west2793', 'nort3175', 'angl1264', 'angl1265', 'late1254', 'merc1242', 'macr1271', 'guin1259', 'west2851']",indo1319,clas1257,Indo-European,family,Classical Indo-European,family,Latn
351,mgr,http://www.wikidata.org/entity/Q626210,Mambwe-Lungu,674000,,mamb1296,Mambwe-Lungu,Africa,-8.86817,31.2269,mamb1296,mgr,language,TZ;ZM,atla1278,,mgr,,,False,mamb1296,atla1278/volt1241/benu1247/bant1294/sout3152/narr1281/east2731/corr1234/mboz1235/mwik1240/fipa1240/malu1251,"['atla1278', 'volt1241', 'benu1247', 'bant1294', 'sout3152', 'narr1281', 'east2731', 'corr1234', 'mboz1235', 'mwik1240', 'fipa1240', 'malu1251']",atla1278,volt1241,Atlantic-Congo,family,Volta-Congo,family,Latn
352,fia,http://www.wikidata.org/entity/Q36503,Nobiin,669000,,nobi1240,Nobiin,Africa,22.8142,31.8376,nobi1240,fia,language,EG;SD,nubi1251,,fia,,,False,nobi1240,nubi1251/nile1239/nobi1239,"['nubi1251', 'nile1239', 'nobi1239']",nubi1251,nile1239,Nubian,family,Nile Nubian,family,Arab
353,ksb,http://www.wikidata.org/entity/Q3788739,Shambala,664000,,sham1280,Shambala,Africa,-4.8,38.29,sham1280,ksb,language,TZ,atla1278,,ksb,,,False,sham1280,atla1278/volt1241/benu1247/bant1294/sout3152/narr1281/east2731/nort3203/nort3209/ruvu1235/west2846/seut1234/bond1249,"['atla1278', 'volt1241', 'benu1247', 'bant1294', 'sout3152', 'narr1281', 'east2731', 'nort3203', 'nort3209', 'ruvu1235', 'west2846', 'seut1234', 'bond1249']",atla1278,volt1241,Atlantic-Congo,family,Volta-Congo,family,Latn
354,tyr,http://www.wikidata.org/entity/Q3915207,Tai Daeng,650000,,taid1249,Tai Daeng-Meuay,Eurasia,20.4559,104.625,taid1249,tyr,language,LA;VN,taik1256,,tyr,,,False,taid1249,taik1256/kamt1241/daic1238/daic1237/cent2251/wenm1239/sapa1255/sout3184/sout2743/chia1264/redt1235,"['taik1256', 'kamt1241', 'daic1238', 'daic1237', 'cent2251', 'wenm1239', 'sapa1255', 'sout3184', 'sout2743', 'chia1264', 'redt1235']",taik1256,kamt1241,Tai-Kadai,family,Kam-Tai,family,Tavt
355,tdd,http://www.wikidata.org/entity/Q36556,Tai Nüa,650000,,tain1252,Tai Nüa,Eurasia,21.7837,99.722,tain1252,tdd,language,CN;LA;MM;TH;VN,taik1256,,tdd,,,False,tain1252,taik1256/kamt1241/daic1238/daic1237/cent2251/wenm1239/sapa1255/sout3184/sout2743/shan1276/assa1264/nort2739,"['taik1256', 'kamt1241', 'daic1238', 'daic1237', 'cent2251', 'wenm1239', 'sapa1255', 'sout3184', 'sout2743', 'shan1276', 'assa1264', 'nort2739']",taik1256,kamt1241,Tai-Kadai,family,Kam-Tai,family,Tale
356,ttq,http://www.wikidata.org/entity/Q56390,Tahoua,640000,,tawa1286,Tawallammat Tamajaq,Africa,13.9878,4.47692,tawa1286,ttq,language,BF;ML;NE;NG,afro1255,,ttq,,,False,tawa1286,afro1255/berb1260/tuar1240/sout3263,"['afro1255', 'berb1260', 'tuar1240', 'sout3263']",afro1255,berb1260,Afro-Asiatic,family,Berber,family,
357,lez,http://www.wikidata.org/entity/Q31746,Lezgian,633610,,lezg1247,Lezgian,Eurasia,41.5157,47.8951,lezg1247,lez,language,AZ;GE;KZ;RU;UA,nakh1245,,lez,,,False,lezg1247,nakh1245/dagh1238/lezg1248/nucl1321/east2790/east2367/aghu1259,"['nakh1245', 'dagh1238', 'lezg1248', 'nucl1321', 'east2790', 'east2367', 'aghu1259']",nakh1245,dagh1238,Nakh-Daghestanian,family,Daghestanian,family,Cyrl
358,rag,http://www.wikidata.org/entity/Q6667767,Logooli,618300,,logo1258,Logooli,Africa,0.09487,34.729,logo1258,rag,language,KE;TZ,atla1278,,rag,,,False,logo1258,atla1278/volt1241/benu1247/bant1294/sout3152/narr1281/east2731/nort3203/grea1289/grea1291,"['atla1278', 'volt1241', 'benu1247', 'bant1294', 'sout3152', 'narr1281', 'east2731', 'nort3203', 'grea1289', 'grea1291']",atla1278,volt1241,Atlantic-Congo,family,Volta-Congo,family,Latn
359,rue,http://www.wikidata.org/entity/Q26245,Rusyn,610000,,rusy1239,Rusyn,Eurasia,48.7171,22.9579,rusy1239,rue,language,BY;HU;PL;RO;SK;UA,indo1319,,rue,,,False,rusy1239,indo1319/clas1257/balt1263/slav1255/east1426/ukra1257,"['indo1319', 'clas1257', 'balt1263', 'slav1255', 'east1426', 'ukra1257']",indo1319,clas1257,Indo-European,family,Classical Indo-European,family,Cyrl
360,koo,http://www.wikidata.org/entity/Q2361829,Konjo,609000,,konz1239,Konzo,Africa,0.32395,29.8696,konz1239,koo,language,CD;UG,atla1278,,koo,,,False,konz1239,atla1278/volt1241/benu1247/bant1294/sout3152/narr1281/east2731/nort3203/grea1289/west2842/konz1238,"['atla1278', 'volt1241', 'benu1247', 'bant1294', 'sout3152', 'narr1281', 'east2731', 'nort3203', 'grea1289', 'west2842', 'konz1238']",atla1278,volt1241,Atlantic-Congo,family,Volta-Congo,family,Latn
361,brx,http://www.wikidata.org/entity/Q33223,Bodo,603000,,bodo1269,Bodo-Mech,Eurasia,26.1,92.0,bodo1269,brx,language,IN;NP,sino1245,,brx,,,False,bodo1269,sino1245/brah1260/bodo1279/boro1284/tiwa1256/bodo1280,"['sino1245', 'brah1260', 'bodo1279', 'boro1284', 'tiwa1256', 'bodo1280']",sino1245,brah1260,Sino-Tibetan,family,Brahmaputran,family,Deva
362,wln,http://www.wikidata.org/entity/Q34219,Walloon,600000,,wall1255,Walloon,Eurasia,50.2235,5.14509,wall1255,wln,language,BE;FR;LU,indo1319,,wln,,,False,wall1255,indo1319/clas1257/ital1284/lati1262/lati1263/impe1234/roma1334/ital1285/west2813/shif1234/nort3208/gall1280/oila1234,"['indo1319', 'clas1257', 'ital1284', 'lati1262', 'lati1263', 'impe1234', 'roma1334', 'ital1285', 'west2813', 'shif1234', 'nort3208', 'gall1280', 'oila1234']",indo1319,clas1257,Indo-European,family,Classical Indo-European,family,
363,loz,http://www.wikidata.org/entity/Q33628,Lozi,600000,,lozi1239,Lozi,Africa,-17.7052,24.7398,lozi1239,loz,language,BW;NA;ZM;ZW,atla1278,,loz,,,False,lozi1239,atla1278/volt1241/benu1247/bant1294/sout3152/narr1281/east2731/sout3387/nucl1826/dims1234/soth1248/west2997/cent2406/seso1234,"['atla1278', 'volt1241', 'benu1247', 'bant1294', 'sout3152', 'narr1281', 'east2731', 'sout3387', 'nucl1826', 'dims1234', 'soth1248', 'west2997', 'cent2406', 'seso1234']",atla1278,volt1241,Atlantic-Congo,family,Volta-Congo,family,Latn
364,btx,http://www.wikidata.org/entity/Q33012,Karo Batak,600000,,bata1293,Batak Karo,Papunesia,2.12787,98.2517,bata1293,btx,language,ID,aust1307,,btx,,,False,bata1293,aust1307/mala1545/suma1277/toba1265/nort2831,"['aust1307', 'mala1545', 'suma1277', 'toba1265', 'nort2831']",aust1307,mala1545,Austronesian,family,Malayo-Polynesian,family,Latn
365,mfe,http://www.wikidata.org/entity/Q33661,Mauritian Creole,600000,,mori1278,Morisyen,Africa,-20.2613,57.5517,mori1278,mfe,language,MU,indo1319,,mfe,,,False,mori1278,indo1319/clas1257/ital1284/lati1262/lati1263/impe1234/roma1334/ital1285/west2813/shif1234/nort3208/gall1280/oila1234/cent2283/macr1273/isle1246,"['indo1319', 'clas1257', 'ital1284', 'lati1262', 'lati1263', 'impe1234', 'roma1334', 'ital1285', 'west2813', 'shif1234', 'nort3208', 'gall1280', 'oila1234', 'cent2283', 'macr1273', 'isle1246']",indo1319,clas1257,Indo-European,family,Classical Indo-European,family,Latn
366,kaj,http://www.wikidata.org/entity/Q35401,Jju,600000,,jjuu1238,Jju,Africa,9.83116,7.97167,jjuu1238,kaj,language,NG,atla1278,,kaj,,,False,jjuu1238,atla1278/volt1241/benu1247/benu1248/benu1249/sout3163/nucl1795/kata1275,"['atla1278', 'volt1241', 'benu1247', 'benu1248', 'benu1249', 'sout3163', 'nucl1795', 'kata1275']",atla1278,volt1241,Atlantic-Congo,family,Volta-Congo,family,Latn
367,rcf,http://www.wikidata.org/entity/Q13198,Réunion Creole,600000,,reun1238,Réunion Creole French,Africa,-21.1131,55.5321,reun1238,rcf,language,RE,indo1319,,rcf,,,False,reun1238,indo1319/clas1257/ital1284/lati1262/lati1263/impe1234/roma1334/ital1285/west2813/shif1234/nort3208/gall1280/oila1234/cent2283/macr1273,"['indo1319', 'clas1257', 'ital1284', 'lati1262', 'lati1263', 'impe1234', 'roma1334', 'ital1285', 'west2813', 'shif1234', 'nort3208', 'gall1280', 'oila1234', 'cent2283', 'macr1273']",indo1319,clas1257,Indo-European,family,Classical Indo-European,family,Latn
368,vav,http://www.wikidata.org/entity/Q7915983,Varli,600000,,varl1238,Dungar Varli,Eurasia,20.5635,73.2975,varl1238,vav,language,IN,indo1319,,vav,,,False,varl1238,indo1319/clas1257/indo1320/indo1321/midd1375/cont1248/indo1325/mara1416/mara1422/oldm1248/mode1268,"['indo1319', 'clas1257', 'indo1320', 'indo1321', 'midd1375', 'cont1248', 'indo1325', 'mara1416', 'mara1422', 'oldm1248', 'mode1268']",indo1319,clas1257,Indo-European,family,Classical Indo-European,family,Deva
369,kaa,http://www.wikidata.org/entity/Q33541,Karakalpak,583410,,kara1467,Kara-Kalpak,Eurasia,39.98005,63.32233,kara1467,kaa,language,AF;KG;KZ;TM;UZ,turk1311,,kaa,,,False,kara1467,turk1311/comm1245/kipc1240/kipc1239/sout3396/sout2701,"['turk1311', 'comm1245', 'kipc1240', 'kipc1239', 'sout3396', 'sout2701']",turk1311,comm1245,Turkic,family,Common Turkic,family,Cyrl
370,leb,http://www.wikidata.org/entity/Q6480112,Lala-Bisa,580000,,lala1264,Lala-Bisa,Africa,-12.945,30.2297,lala1264,leb,language,CD;ZM,atla1278,,leb,,,False,lala1264,atla1278/volt1241/benu1247/bant1294/sout3152/narr1281/east2731/sabi1248/malu1252/cent2321/bisa1262,"['atla1278', 'volt1241', 'benu1247', 'bant1294', 'sout3152', 'narr1281', 'east2731', 'sabi1248', 'malu1252', 'cent2321', 'bisa1262']",atla1278,volt1241,Atlantic-Congo,family,Volta-Congo,family,Latn
371,ewo,http://www.wikidata.org/entity/Q35459,Ewondo,578000,,ewon1239,Ewondo,Africa,4.21141,11.93646,ewon1239,ewo,language,CM,atla1278,,ewo,,,False,ewon1239,atla1278/volt1241/benu1247/bant1294/sout3152/narr1281/bant1295/basa1292/yaun1239/ewon1241,"['atla1278', 'volt1241', 'benu1247', 'bant1294', 'sout3152', 'narr1281', 'bant1295', 'basa1292', 'yaun1239', 'ewon1241']",atla1278,volt1241,Atlantic-Congo,family,Volta-Congo,family,Latn
372,mlt,http://www.wikidata.org/entity/Q9166,Maltese,570000,,malt1254,Maltese,Eurasia,35.8884,14.4508,malt1254,mlt,language,MT,afro1255,,mlt,,,False,malt1254,afro1255/semi1276/west2786/cent2236/arab1394/arab1395/nort3191/west3017/magh1239/malt1259,"['afro1255', 'semi1276', 'west2786', 'cent2236', 'arab1394', 'arab1395', 'nort3191', 'west3017', 'magh1239', 'malt1259']",afro1255,semi1276,Afro-Asiatic,family,Semitic,family,
373,kfp,http://www.wikidata.org/entity/Q6432786,Korwa,570000,,korw1242,Korwa,Eurasia,23.4102,83.8142,korw1242,kfp,language,IN,aust1305,,kfp,,,False,korw1242,aust1305/mund1335/nort3151/kher1245/mund1336/koda1256,"['aust1305', 'mund1335', 'nort3151', 'kher1245', 'mund1336', 'koda1256']",aust1305,mund1335,Austroasiatic,family,Mundaic,family,Deva
374,rmn,http://www.wikidata.org/entity/Q1256701,Balkan Romani,563670,,balk1252,Balkan Romani,Eurasia,42.67,21.17,balk1252,rmn,language,AL;AT;BA;BG;BY;CH;CZ;DE;FI;FR;GB;GR;HR;HU;IR;IT;LT;LV;MD;ME;MK;NL;PL;RO;RS;RU;SI;SK;TR;UA,indo1319,,rmn,,,False,balk1252,indo1319/clas1257/indo1320/indo1321/midd1375/cont1248/midl1245/shau1239/indo1322/roma1329,"['indo1319', 'clas1257', 'indo1320', 'indo1321', 'midd1375', 'cont1248', 'midl1245', 'shau1239', 'indo1322', 'roma1329']",indo1319,clas1257,Indo-European,family,Classical Indo-European,family,Latn
375,ahk,http://www.wikidata.org/entity/Q56643,Akha,560000,,akha1245,Akha,Eurasia,21.2309,100.964,akha1245,ahk,language,CN;LA;MM;TH;VN,sino1245,,ahk,,,False,akha1245,sino1245/burm1265/lolo1265/lolo1267/hani1249/biso1244/hani1250/haya1251/akha1246,"['sino1245', 'burm1265', 'lolo1265', 'lolo1267', 'hani1249', 'biso1244', 'hani1250', 'haya1251', 'akha1246']",sino1245,burm1265,Sino-Tibetan,family,Burmo-Qiangic,family,Latn
376,crh,http://www.wikidata.org/entity/Q33357,Crimean Tatar,552740,,crim1257,Crimean Tatar,Eurasia,45.0,34.08,crim1257,crh,language,BG;KG;LT;MD;RO;RU;TR;UA;UZ,turk1311,,crh,,,False,crim1257,turk1311/comm1245/kipc1240/kipc1239/nort3424/west1472/crim1256/crim1259,"['turk1311', 'comm1245', 'kipc1240', 'kipc1239', 'nort3424', 'west1472', 'crim1256', 'crim1259']",turk1311,comm1245,Turkic,family,Common Turkic,family,Cyrl
377,rmy,http://www.wikidata.org/entity/Q2669199,Vlax Romani,538480,,vlax1238,Vlax Romani,Eurasia,46.09,18.16,vlax1238,rmy,language,AL;AT;BA;BG;BY;CH;CZ;DE;ES;FI;FR;GR;HR;HU;IT;LT;LV;MD;ME;MK;NL;NO;PL;PT;RO;RS;RU;SE;SI;SK;TR;UA,indo1319,,rmy,,,False,vlax1238,indo1319/clas1257/indo1320/indo1321/midd1375/cont1248/midl1245/shau1239/indo1322/roma1329,"['indo1319', 'clas1257', 'indo1320', 'indo1321', 'midd1375', 'cont1248', 'midl1245', 'shau1239', 'indo1322', 'roma1329']",indo1319,clas1257,Indo-European,family,Classical Indo-European,family,
378,taq,http://www.wikidata.org/entity/Q4670066,Tamasheq,500000,,tama1365,Tamasheq,Africa,14.2038,-2.41269,tama1365,taq,language,BF;ML,afro1255,,taq,,,False,tama1365,afro1255/berb1260/tuar1240/sout3263,"['afro1255', 'berb1260', 'tuar1240', 'sout3263']",afro1255,berb1260,Afro-Asiatic,family,Berber,family,Latn
379,lij,http://www.wikidata.org/entity/Q36106,Ligurian,500000,,ligu1248,Ligurian,Eurasia,44.0816,7.90522,ligu1248,lij,language,FR;IT;MC,indo1319,,lij,,,False,ligu1248,indo1319/clas1257/ital1284/lati1262/lati1263/impe1234/roma1334/ital1285/west2813/shif1234/nort3208/gall1279,"['indo1319', 'clas1257', 'ital1284', 'lati1262', 'lati1263', 'impe1234', 'roma1334', 'ital1285', 'west2813', 'shif1234', 'nort3208', 'gall1279']",indo1319,clas1257,Indo-European,family,Classical Indo-European,family,Latn
380,asa,http://www.wikidata.org/entity/Q36403,Pare,500000,,asut1235,Asu (Tanzania),Africa,-4.17978,37.8323,asut1235,asa,language,KE;TZ,atla1278,,asa,,,False,asut1235,atla1278/volt1241/benu1247/bant1294/sout3152/narr1281/east2731/nort3203/nort3209/pare1274/pare1277,"['atla1278', 'volt1241', 'benu1247', 'bant1294', 'sout3152', 'narr1281', 'east2731', 'nort3203', 'nort3209', 'pare1274', 'pare1277']",atla1278,volt1241,Atlantic-Congo,family,Volta-Congo,family,Latn
381,sda,http://www.wikidata.org/entity/Q36673,Toraja-Sa’dan,500000,,tora1261,Toraja-Sa'dan,Papunesia,-2.97144,119.829,tora1261,sda,language,ID,aust1307,,sda,,,False,tora1261,aust1307/mala1545/sout2923/sout3413/nort2894/tora1269/tora1260,"['aust1307', 'mala1545', 'sout2923', 'sout3413', 'nort2894', 'tora1269', 'tora1260']",aust1307,mala1545,Austronesian,family,Malayo-Polynesian,family,Latn
382,lus,http://www.wikidata.org/entity/Q36147,Mizo,500000,,lush1249,Mizo,Eurasia,22.6138,92.6247,lush1249,lus,language,BD;IN;MM,sino1245,,lus,,,False,lush1249,sino1245/kuki1245/kuki1246/cent2330/cent2005/mizo1244,"['sino1245', 'kuki1245', 'kuki1246', 'cent2330', 'cent2005', 'mizo1244']",sino1245,kuki1245,Sino-Tibetan,family,Kuki-Chin-Naga,family,Latn
383,qxp,http://www.wikidata.org/entity/Q7260479,Puno Quechua,500000,,puno1238,Puno Quechua,South America,-14.608,-70.2084,puno1238,qxp,language,PE,quec1387,,qxp,,,False,puno1238,quec1387/quec1389/cusc1235,"['quec1387', 'quec1389', 'cusc1235']",quec1387,quec1389,Quechuan,family,Southern Quechua,family,Latn
384,cak,http://www.wikidata.org/entity/Q35115,Kaqchikel,500000,,kaqc1270,Kaqchikel,North America,14.4662,-90.9881,kaqc1270,cak,language,GT,maya1287,,cak,,,False,kaqc1270,maya1287/core1254/quic1274/grea1276/core1251/cakc1244/kaqc1280,"['maya1287', 'core1254', 'quic1274', 'grea1276', 'core1251', 'cakc1244', 'kaqc1280']",maya1287,core1254,Mayan,family,Core Mayan,family,Latn
385,sag,http://www.wikidata.org/entity/Q33954,Sango,500000,,sang1328,Sango,Africa,6.78584,20.1702,sang1328,sag,language,CD;CF;CG;TD,atla1278,,sag,,,False,sang1328,atla1278/volt1241/nort3149/came1255/uban1244/ngba1290/ngba1280/nucl1737/sang1327,"['atla1278', 'volt1241', 'nort3149', 'came1255', 'uban1244', 'ngba1290', 'ngba1280', 'nucl1737', 'sang1327']",atla1278,volt1241,Atlantic-Congo,family,Volta-Congo,family,
386,fly,http://www.wikidata.org/entity/Q1472421,Tsotsitaal,500000,,tsot1242,Tsotsitaal,Africa,-25.8633,27.4955,tsot1242,fly,language,ZA,spee1234,,fly,,,False,tsot1242,spee1234/indo1335,"['spee1234', 'indo1335']",spee1234,indo1335,Speech Register,family,Indo-European Speech Register,family,Latn
387,bug,http://www.wikidata.org/entity/Q33190,Bugis,500000,,bugi1244,Buginese,Papunesia,-4.47,119.977,bugi1244,bug,language,ID,aust1307,,bug,,,False,bugi1244,aust1307/mala1545/sout2923/sout3413/bugi1243/bugi1245,"['aust1307', 'mala1545', 'sout2923', 'sout3413', 'bugi1243', 'bugi1245']",aust1307,mala1545,Austronesian,family,Malayo-Polynesian,family,Latn
388,pov,http://www.wikidata.org/entity/Q33339,Guinea-Bissau Creole,500000,,uppe1455,Upper Guinea Crioulo,Africa,13.2335066667,-15.33254,uppe1455,pov,language,GM;GW;SN;US,indo1319,,pov,,,False,uppe1455,indo1319/clas1257/ital1284/lati1262/lati1263/impe1234/roma1334/ital1285/west2813/shif1234/sout3183/west2838/gali1263/macr1272/uppe1458,"['indo1319', 'clas1257', 'ital1284', 'lati1262', 'lati1263', 'impe1234', 'roma1334', 'ital1285', 'west2813', 'shif1234', 'sout3183', 'west2838', 'gali1263', 'macr1272', 'uppe1458']",indo1319,clas1257,Indo-European,family,Classical Indo-European,family,Latn
389,awn,http://www.wikidata.org/entity/Q34934,Awngi,490000,,awng1244,Awngi,Africa,10.9819,36.6916,awng1244,awn,language,ET,afro1255,,awn,,,False,awng1244,afro1255/cush1243/cent2193,"['afro1255', 'cush1243', 'cent2193']",afro1255,cush1243,Afro-Asiatic,family,Cushitic,family,Ethi
390,kdt,http://www.wikidata.org/entity/Q56310,Kuy,488900,,kuyy1240,Kuy,Eurasia,14.6698,104.911,kuyy1240,kdt,language,KH;LA;TH,aust1305,,kdt,,,False,kuyy1240,aust1305/katu1271/west1492/kuys1235,"['aust1305', 'katu1271', 'west1492', 'kuys1235']",aust1305,katu1271,Austroasiatic,family,Katuic,family,Thai
391,adh,http://www.wikidata.org/entity/Q1971400,Adhola,480000,,adho1243,Adhola,Africa,0.73235,34.0341,adho1243,adh,language,KE;UG,nilo1247,,adh,,,False,adho1243,nilo1247/west2493/lwoo1234/sout2831/adho1241/adho1242,"['nilo1247', 'west2493', 'lwoo1234', 'sout2831', 'adho1241', 'adho1242']",nilo1247,west2493,Nilotic,family,Western Nilotic,family,Latn
392,kjg,http://www.wikidata.org/entity/Q33335,Khmu,480000,,khmu1256,Khmu,Eurasia,20.2463,101.671,khmu1256,kjg,language,CN;LA;MM;TH;VN,aust1305,,kjg,,,False,khmu1256,aust1305/khmu1236/khmu1255,"['aust1305', 'khmu1236', 'khmu1255']",aust1305,khmu1236,Austroasiatic,family,Khmuic,family,Laoo
393,bfa,http://www.wikidata.org/entity/Q35042,Bari,480000,,bari1284,Bari,Africa,4.19522,31.0723,bari1284,bfa,language,SS;UG,nilo1247,,bfa,,,False,bari1284,nilo1247/east2418/bari1283/nucl1796,"['nilo1247', 'east2418', 'bari1283', 'nucl1796']",nilo1247,east2418,Nilotic,family,Eastern Nilotic,family,Latn
394,kfq,http://www.wikidata.org/entity/Q33715,Korku,478000,,kork1243,Korku,Eurasia,21.8358,77.5541,kork1243,kfq,language,IN,aust1305,,kfq,,,False,kork1243,aust1305/mund1335/nort3151,"['aust1305', 'mund1335', 'nort3151']",aust1305,mund1335,Austroasiatic,family,Mundaic,family,Deva
395,kge,http://www.wikidata.org/entity/Q49224,Komering,470000,,kome1238,Komering,Papunesia,-3.79215,105.107,kome1238,kge,language,ID,aust1307,,kge,,,False,kome1238,aust1307/mala1545/lamp1241/pesi1234,"['aust1307', 'mala1545', 'lamp1241', 'pesi1234']",aust1307,mala1545,Austronesian,family,Malayo-Polynesian,family,Latn
396,bgx,http://www.wikidata.org/entity/Q2360396,Balkan Gagauz,464000,,balk1254,Rumelian Turkish,Eurasia,41.170545,24.44567,balk1254,bgx,language,BG;GR;MK;TR,turk1311,,bgx,,,False,balk1254,turk1311/comm1245/oghu1243/nucl1769/west2406,"['turk1311', 'comm1245', 'oghu1243', 'nucl1769', 'west2406']",turk1311,comm1245,Turkic,family,Common Turkic,family,Grek
397,irk,http://www.wikidata.org/entity/Q33595,Iraqw,460000,,iraq1241,Iraqw,Africa,-4.19948,35.2939,iraq1241,irk,language,TZ,afro1255,,irk,,,False,iraq1241,afro1255/cush1243/sout3054/grea1305/west2720/nort3164/iraq1240,"['afro1255', 'cush1243', 'sout3054', 'grea1305', 'west2720', 'nort3164', 'iraq1240']",afro1255,cush1243,Afro-Asiatic,family,Cushitic,family,Latn
398,szl,http://www.wikidata.org/entity/Q30319,Silesian,457900,,sile1253,Silesian,Eurasia,50.9656,16.9491,sile1253,szl,language,PL,indo1319,,szl,,,False,sile1253,indo1319/clas1257/balt1263/slav1255/west2792/lech1241/poli1262,"['indo1319', 'clas1257', 'balt1263', 'slav1255', 'west2792', 'lech1241', 'poli1262']",indo1319,clas1257,Indo-European,family,Classical Indo-European,family,Latn
399,sah,http://www.wikidata.org/entity/Q34299,Yakut,450000,,yaku1245,Sakha,Eurasia,61.69744,133.98031,yaku1245,sah,language,RU,turk1311,,sah,,,False,yaku1245,turk1311/comm1245/nort2688,"['turk1311', 'comm1245', 'nort2688']",turk1311,comm1245,Turkic,family,Common Turkic,family,Cyrl
400,lhu,http://www.wikidata.org/entity/Q35780,Lahu,450000,,lahu1253,Lahu,Eurasia,21.2701,100.214,lahu1253,lhu,language,CN;LA;MM;TH;VN,sino1245,,lhu,,,False,lahu1253,sino1245/burm1265/lolo1265/lolo1267/laho1234,"['sino1245', 'burm1265', 'lolo1265', 'lolo1267', 'laho1234']",sino1245,burm1265,Sino-Tibetan,family,Burmo-Qiangic,family,Latn
401,lob,http://www.wikidata.org/entity/Q35807,Lobi,440000,,lobi1245,Lobi,Africa,9.96122,-3.336,lobi1245,lob,language,BF;CI;GH,atla1278,,lob,,,False,lobi1245,atla1278/volt1241/nort3149/gura1261/cent2243/sout3164/lobi1246,"['atla1278', 'volt1241', 'nort3149', 'gura1261', 'cent2243', 'sout3164', 'lobi1246']",atla1278,volt1241,Atlantic-Congo,family,Volta-Congo,family,Latn
402,xal,http://www.wikidata.org/entity/Q33634,Kalmyk,431800,,kalm1243,Oirad-Kalmyk-Darkhat,Eurasia,46.566667,45.316667,kalm1243,xal,language,CN;KZ;MN;RU,mong1349,,xal,,,False,kalm1243,mong1349/mong1329/oira1260/khal1273/mong1331,"['mong1349', 'mong1329', 'oira1260', 'khal1273', 'mong1331']",mong1349,mong1329,Mongolic-Khitan,family,Mongolic,family,Cyrl
403,kum,http://www.wikidata.org/entity/Q36209,Kumyk,426212,,kumy1244,Kumyk,Eurasia,43.0,47.0,kumy1244,kum,language,KZ;RU,turk1311,,kum,,,False,kumy1244,turk1311/comm1245/kipc1240/kipc1239/nort3424/west1472/kauk1241,"['turk1311', 'comm1245', 'kipc1240', 'kipc1239', 'nort3424', 'west1472', 'kauk1241']",turk1311,comm1245,Turkic,family,Common Turkic,family,Cyrl
404,kek,http://www.wikidata.org/entity/Q35536,Q’eqchi’,420000,,kekc1242,Q'eqchi',North America,15.3788,-89.2452,kekc1242,kek,language,BZ;GT;SV,maya1287,,kek,,,False,kekc1242,maya1287/core1254/quic1274/grea1276,"['maya1287', 'core1254', 'quic1274', 'grea1276']",maya1287,core1254,Mayan,family,Core Mayan,family,Latn
405,bsq,http://www.wikidata.org/entity/Q34949,Bassa,420000,,nucl1418,Bassa,Africa,7.27501,-11.543,nucl1418,bsq,language,LR;SL,krua1234,,bsq,,,False,nucl1418,krua1234/grea1300/west2485/weeb1234/bass1266/bass1262/bass1267,"['krua1234', 'grea1300', 'west2485', 'weeb1234', 'bass1266', 'bass1262', 'bass1267']",krua1234,grea1300,Kru,family,Greater Western Kru,family,Latn
406,srb,http://www.wikidata.org/entity/Q13284,Sora,410000,,sora1254,Sora,Eurasia,19.1213,84.19,sora1254,srb,language,IN,aust1305,,srb,,,False,sora1254,aust1305/mund1335/sora1255/sora1256,"['aust1305', 'mund1335', 'sora1255', 'sora1256']",aust1305,mund1335,Austroasiatic,family,Mundaic,family,Sora
407,dyo,http://www.wikidata.org/entity/Q3507832,Jola-Fonyi,410000,,jola1263,Jola-Fonyi,Africa,12.75752,-15.7354766667,jola1263,dyo,language,GM;GW;SN,atla1278,,dyo,,,False,jola1263,atla1278/nort3146/cent2230/bakk1238/jool1234/jola1264,"['atla1278', 'nort3146', 'cent2230', 'bakk1238', 'jool1234', 'jola1264']",atla1278,nort3146,Atlantic-Congo,family,North-Central Atlantic,family,Latn
408,anc,http://www.wikidata.org/entity/Q35999,Ngas,400000,,ngas1240,Ngas,Africa,9.32042,9.46146,ngas1240,anc,language,NG,afro1255,,anc,,,False,ngas1240,afro1255/chad1250/west2785/west2714/west2799/west2717,"['afro1255', 'chad1250', 'west2785', 'west2714', 'west2799', 'west2717']",afro1255,chad1250,Afro-Asiatic,family,Chadic,family,Latn
409,cja,http://www.wikidata.org/entity/Q241146,Cham,400000,,west2650,Western Cham,Eurasia,12.4771,104.026,west2650,cja,language,KH;TH;VN,aust1307,,cja,,,False,west2650,aust1307/mala1545/mala1554/cham1327/cham1330/cham1328,"['aust1307', 'mala1545', 'mala1554', 'cham1327', 'cham1330', 'cham1328']",aust1307,mala1545,Austronesian,family,Malayo-Polynesian,family,Arab
410,ibg,http://www.wikidata.org/entity/Q1775596,Ibanag,400000,,iban1267,Ibanag,Papunesia,17.4201,121.891,iban1267,ibg,language,PH,aust1307,,ibg,,,False,iban1267,aust1307/mala1545/nort3238/caga1241/iban1268,"['aust1307', 'mala1545', 'nort3238', 'caga1241', 'iban1268']",aust1307,mala1545,Austronesian,family,Malayo-Polynesian,family,Latn
411,mrh,http://www.wikidata.org/entity/Q4175893,Mara,400000,,mara1382,Mara,Eurasia,22.1138,93.0387,mara1382,mrh,language,IN;MM,sino1245,,mrh,,,False,mara1382,sino1245/kuki1245/kuki1246/cent2330/mara1381/nucl1757,"['sino1245', 'kuki1245', 'kuki1246', 'cent2330', 'mara1381', 'nucl1757']",sino1245,kuki1245,Sino-Tibetan,family,Kuki-Chin-Naga,family,Latn
412,tet,http://www.wikidata.org/entity/Q34125,Tetum,400000,,tetu1245,Tetum,Papunesia,-9.11217,125.528,tetu1245,tet,language,ID;TL,aust1307,,tet,,,False,tetu1245,aust1307/mala1545/timo1265/east2894/cent2079/tetu1244,"['aust1307', 'mala1545', 'timo1265', 'east2894', 'cent2079', 'tetu1244']",aust1307,mala1545,Austronesian,family,Malayo-Polynesian,family,Latn
413,dug,http://www.wikidata.org/entity/Q35614,Kiduruma,397000,,duru1249,Duruma,Africa,-4.09629,39.322,duru1249,dug,language,KE;TZ,atla1278,,dug,,,False,duru1249,atla1278/volt1241/benu1247/bant1294/sout3152/narr1281/east2731/nort3203/nort3209/coas1317/miji1240/miji1238/nort3232,"['atla1278', 'volt1241', 'benu1247', 'bant1294', 'sout3152', 'narr1281', 'east2731', 'nort3203', 'nort3209', 'coas1317', 'miji1240', 'miji1238', 'nort3232']",atla1278,volt1241,Atlantic-Congo,family,Volta-Congo,family,Latn
414,pbv,http://www.wikidata.org/entity/Q3501850,Pnar,395124,,pnar1238,Pnar,Eurasia,24.8237,92.2628,pnar1238,pbv,language,BD;IN,aust1305,,pbv,,,False,pnar1238,aust1305/khas1273/khas1268/khas1274/khas1275,"['aust1305', 'khas1273', 'khas1268', 'khas1274', 'khas1275']",aust1305,khas1273,Austroasiatic,family,Khasi-Palaung,family,Latn
415,bwx,http://www.wikidata.org/entity/Q56411,Bu-Nao,390000,,buna1273,Bunu,Eurasia,24.1025,107.711,buna1273,bwx,language,CN,hmon1336,,bwx,,,False,buna1273,hmon1336/hmon1337/nucl1714/nucl1720/west2803/buna1280,"['hmon1336', 'hmon1337', 'nucl1714', 'nucl1720', 'west2803', 'buna1280']",hmon1336,hmon1337,Hmong-Mien,family,Hmongic,family,Latn
416,tap,http://www.wikidata.org/entity/Q7673650,Tabwa,382000,,taab1238,Taabwa,Africa,-7.91416,29.5238,taab1238,tap,language,CD;ZM,atla1278,,tap,,,False,taab1238,atla1278/volt1241/benu1247/bant1294/sout3152/narr1281/east2731/sabi1248/malu1252,"['atla1278', 'volt1241', 'benu1247', 'bant1294', 'sout3152', 'narr1281', 'east2731', 'sabi1248', 'malu1252']",atla1278,volt1241,Atlantic-Congo,family,Volta-Congo,family,Latn
417,hif,http://www.wikidata.org/entity/Q46728,Fiji Hindi,380000,,fiji1242,Fiji Hindi,Papunesia,-17.8148,177.772,fiji1242,hif,language,AU;FJ;US,indo1319,,hif,,,False,fiji1242,indo1319/clas1257/indo1320/indo1321/midd1375/cont1248/midl1245/shau1239/indo1322/west2812/hind1270,"['indo1319', 'clas1257', 'indo1320', 'indo1321', 'midd1375', 'cont1248', 'midl1245', 'shau1239', 'indo1322', 'west2812', 'hind1270']",indo1319,clas1257,Indo-European,family,Classical Indo-European,family,Deva
419,mhr,http://www.wikidata.org/entity/Q3906614,Meadow Mari,365316,,east2328,Eastern Mari,Eurasia,55.8307,48.405,east2328,mhr,language,KZ;RU,ural1272,,mhr,,,False,east2328,ural1272/mari1278,"['ural1272', 'mari1278']",ural1272,mari1278,Uralic,family,Mari,family,
420,kyk,http://www.wikidata.org/entity/Q3192339,Kamayo,363000,,kama1363,Kamayo,Papunesia,8.10796,126.314,kama1363,kyk,language,PH,aust1307,,kyk,,,False,kama1363,aust1307/mala1545/grea1284/cent2246/mans1261,"['aust1307', 'mala1545', 'grea1284', 'cent2246', 'mans1261']",aust1307,mala1545,Austronesian,family,Malayo-Polynesian,family,Latn
421,ziw,http://www.wikidata.org/entity/Q37010,Zigula,355000,,zigu1244,Zigula-Mushungulu,Africa,-5.61864,38.41138,zigu1244,ziw,language,TZ,atla1278,,ziw,,,False,zigu1244,atla1278/volt1241/benu1247/bant1294/sout3152/narr1281/east2731/nort3203/nort3209/ruvu1235/west2846/seut1234/zigu1243,"['atla1278', 'volt1241', 'benu1247', 'bant1294', 'sout3152', 'narr1281', 'east2731', 'nort3203', 'nort3209', 'ruvu1235', 'west2846', 'seut1234', 'zigu1243']",atla1278,volt1241,Atlantic-Congo,family,Volta-Congo,family,Latn
422,tzo,http://www.wikidata.org/entity/Q36809,Tzotzil,350000,,tzot1259,Tzotzil,North America,16.6362,-92.7388,tzot1259,tzo,language,MX,maya1287,,tzo,,,False,tzot1259,maya1287/core1254/west2865/chol1286/tzel1253,"['maya1287', 'core1254', 'west2865', 'chol1286', 'tzel1253']",maya1287,core1254,Mayan,family,Core Mayan,family,Latn
423,kxv,http://www.wikidata.org/entity/Q3200721,Kuvi,350000,,kuvi1243,Kuvi,Eurasia,18.8832,83.7552,kuvi1243,kxv,language,IN,drav1251,,kxv,,,False,kuvi1243,drav1251/sout3133/sout3139/kond1294/mand1411/kuik1244,"['drav1251', 'sout3133', 'sout3139', 'kond1294', 'mand1411', 'kuik1244']",drav1251,sout3133,Dravidian,family,South Dravidian,family,Latn
424,rej,http://www.wikidata.org/entity/Q3056339,Rejang,350000,,reja1240,Rejang,Papunesia,-3.33056,102.434,reja1240,rej,language,ID,aust1307,,rej,,,False,reja1240,aust1307/mala1545,"['aust1307', 'mala1545']",aust1307,mala1545,Austronesian,family,Malayo-Polynesian,family,Latn
425,peg,http://www.wikidata.org/entity/Q56758,Pengo,350000,,peng1244,Pengo,Eurasia,19.3435,83.6552,peng1244,peg,language,IN,drav1251,,peg,,,False,peng1244,drav1251/sout3133/sout3139/kond1294/mand1411/mand1412,"['drav1251', 'sout3133', 'sout3139', 'kond1294', 'mand1411', 'mand1412']",drav1251,sout3133,Dravidian,family,South Dravidian,family,Orya
426,msb,http://www.wikidata.org/entity/Q33948,Masbateño,350000,,masb1238,Masbatenyo,Papunesia,12.21453,123.63579,masb1238,msb,language,PH,aust1307,,msb,,,False,masb1238,aust1307/mala1545/grea1284/cent2246/bisa1268/cent2263/peri1261/masb1239,"['aust1307', 'mala1545', 'grea1284', 'cent2246', 'bisa1268', 'cent2263', 'peri1261', 'masb1239']",aust1307,mala1545,Austronesian,family,Malayo-Polynesian,family,Latn
427,ank,http://www.wikidata.org/entity/Q35272,Goemai,347005,,goem1240,Goemai,Africa,8.74455,9.72453,goem1240,ank,language,NG,afro1255,,ank,,,False,goem1240,afro1255/chad1250/west2785/west2714/west2799/west2717/anga1311,"['afro1255', 'chad1250', 'west2785', 'west2714', 'west2799', 'west2717', 'anga1311']",afro1255,chad1250,Afro-Asiatic,family,Chadic,family,Latn
428,bcq,http://www.wikidata.org/entity/Q35108,Bench,347000,,benc1235,Bench,Africa,7.04682,35.7673,benc1235,bcq,language,ET,gong1255,,bcq,,,False,benc1235,gong1255,['gong1255'],gong1255,,Ta-Ne-Omotic,family,,,Ethi
429,xmf,http://www.wikidata.org/entity/Q13359,Mingrelian,345530,,ming1252,Mingrelian,Eurasia,42.5129,41.8719,ming1252,xmf,language,GE,kart1248,,xmf,,,False,ming1252,kart1248/geor1252/zann1245,"['kart1248', 'geor1252', 'zann1245']",kart1248,geor1252,Kartvelian,family,Georgian-Zan,family,Geor
430,div,http://www.wikidata.org/entity/Q32656,Maldivian,340500,,dhiv1236,Dhivehi,Eurasia,1.928498,73.54433,dhiv1236,div,language,IN;MV,indo1319,,div,,,False,dhiv1236,indo1319/clas1257/indo1320/indo1321/midd1375/sinh1245,"['indo1319', 'clas1257', 'indo1320', 'indo1321', 'midd1375', 'sinh1245']",indo1319,clas1257,Indo-European,family,Classical Indo-European,family,
431,ccp,http://www.wikidata.org/entity/Q32952,Chakma,326000,,chak1266,Chakma,Eurasia,23.00148,92.339,chak1266,ccp,language,BD;IN,indo1319,,ccp,,,False,chak1266,indo1319/clas1257/indo1320/indo1321/midd1375/cont1248/indo1323/oriy1254/gaud1237/gaud1238/sout3182,"['indo1319', 'clas1257', 'indo1320', 'indo1321', 'midd1375', 'cont1248', 'indo1323', 'oriy1254', 'gaud1237', 'gaud1238', 'sout3182']",indo1319,clas1257,Indo-European,family,Classical Indo-European,family,Cakm
432,inh,http://www.wikidata.org/entity/Q33509,Ingush,322900,,ingu1240,Ingush,Eurasia,43.11,45.03,ingu1240,inh,language,GE;RU,nakh1245,,inh,,,False,ingu1240,nakh1245/nakh1246/chec1244,"['nakh1245', 'nakh1246', 'chec1244']",nakh1245,nakh1246,Nakh-Daghestanian,family,Nakh,family,Cyrl
433,isl,http://www.wikidata.org/entity/Q294,Icelandic,321040,,icel1247,Icelandic,Eurasia,63.4837,-19.0212,icel1247,isl,language,IS,indo1319,,isl,,,False,icel1247,indo1319/clas1257/germ1287/nort3152/nort3160/west2805/icel1246,"['indo1319', 'clas1257', 'germ1287', 'nort3152', 'nort3160', 'west2805', 'icel1246']",indo1319,clas1257,Indo-European,family,Classical Indo-European,family,
434,ebu,http://www.wikidata.org/entity/Q35318,Embu,320000,,embu1241,Embu,Africa,-0.62822,37.5933,embu1241,ebu,language,KE,atla1278,,ebu,,,False,embu1241,atla1278/volt1241/benu1247/bant1294/sout3152/narr1281/east2731/nort3203/cent2274,"['atla1278', 'volt1241', 'benu1247', 'bant1294', 'sout3152', 'narr1281', 'east2731', 'nort3203', 'cent2274']",atla1278,volt1241,Atlantic-Congo,family,Volta-Congo,family,Latn
435,ann,http://www.wikidata.org/entity/Q36614,Obolo,318000,,obol1243,Obolo,Africa,4.62851,7.81985,obol1243,ann,language,NG,atla1278,,ann,,,False,obol1243,atla1278/volt1241/benu1247/delt1251/obol1242,"['atla1278', 'volt1241', 'benu1247', 'delt1251', 'obol1242']",atla1278,volt1241,Atlantic-Congo,family,Volta-Congo,family,Latn
436,zdj,http://www.wikidata.org/entity/Q3114653,Ngazidja Comorian,312000,,ngaz1238,Ngazidja Comorian,Africa,-11.6129,43.36,ngaz1238,zdj,language,KM,atla1278,,zdj,,,False,ngaz1238,atla1278/volt1241/benu1247/bant1294/sout3152/narr1281/east2731/nort3203/nort3209/coas1317/miji1240/como1260,"['atla1278', 'volt1241', 'benu1247', 'bant1294', 'sout3152', 'narr1281', 'east2731', 'nort3203', 'nort3209', 'coas1317', 'miji1240', 'como1260']",atla1278,volt1241,Atlantic-Congo,family,Volta-Congo,family,Arab
437,nyd,http://www.wikidata.org/entity/Q7071227,Nyole,310000,,nyor1244,Nyore,Africa,0.07523,34.6166,nyor1244,nyd,language,KE,atla1278,,nyd,,,False,nyor1244,atla1278/volt1241/benu1247/bant1294/sout3152/narr1281/east2731/nort3203/grea1289/grea1291/luyi1234/saam1284/saam1285/cent2288,"['atla1278', 'volt1241', 'benu1247', 'bant1294', 'sout3152', 'narr1281', 'east2731', 'nort3203', 'grea1289', 'grea1291', 'luyi1234', 'saam1284', 'saam1285', 'cent2288']",atla1278,volt1241,Atlantic-Congo,family,Volta-Congo,family,Latn
438,lot,http://www.wikidata.org/entity/Q56672,Lotuko,310000,,otuh1238,Otuho,Africa,4.16379,32.6641,otuh1238,lot,language,SS;UG,nilo1247,,lot,,,False,otuh1238,nilo1247/east2418/teso1247/lotu1248/lotu1249/lotu1251,"['nilo1247', 'east2418', 'teso1247', 'lotu1248', 'lotu1249', 'lotu1251']",nilo1247,east2418,Nilotic,family,Eastern Nilotic,family,Latn
439,nxq,http://www.wikidata.org/entity/Q2478711,Naxi,310000,,naxi1245,Naxi,Eurasia,27.5,100.0,naxi1245,nxq,language,CN,sino1245,,nxq,,,False,naxi1245,sino1245/burm1265/naqi1236/naic1235/nais1236,"['sino1245', 'burm1265', 'naqi1236', 'naic1235', 'nais1236']",sino1245,burm1265,Sino-Tibetan,family,Burmo-Qiangic,family,Latn
440,nbf,http://www.wikidata.org/entity/Q2478711,Naxi,310000,,naxi1246,Naxi (Retired),Eurasia,27.45988,100.18172,naxi1246,nbf,language,CN,book1242,,nbf,,,False,naxi1246,book1242,['book1242'],book1242,,Bookkeeping,family,,,
441,krc,http://www.wikidata.org/entity/Q33714,Karachay-Balkar,305364,,kara1465,Karachay-Balkar,Eurasia,43.565,42.2606,kara1465,krc,language,AZ;GE;KZ;RU,turk1311,,krc,,,False,kara1465,turk1311/comm1245/kipc1240/kipc1239/nort3424/west1472/kauk1241,"['turk1311', 'comm1245', 'kipc1240', 'kipc1239', 'nort3424', 'west1472', 'kauk1241']",turk1311,comm1245,Turkic,family,Common Turkic,family,Cyrl
442,osi,http://www.wikidata.org/entity/Q2701322,Osing,300000,,osin1237,Osing,Papunesia,-8.25262,114.292,osin1237,osi,language,ID,aust1307,,osi,,,False,osin1237,aust1307/mala1545/java1253/mode1251,"['aust1307', 'mala1545', 'java1253', 'mode1251']",aust1307,mala1545,Austronesian,family,Malayo-Polynesian,family,Java
443,smw,http://www.wikidata.org/entity/Q3182585,Sumbawa,300000,,sumb1241,Sumbawa,Papunesia,-8.71919,117.472,sumb1241,smw,language,ID,aust1307,,smw,,,False,sumb1241,aust1307/mala1545/bali1277/sasa1248,"['aust1307', 'mala1545', 'bali1277', 'sasa1248']",aust1307,mala1545,Austronesian,family,Malayo-Polynesian,family,Latn
444,srn,http://www.wikidata.org/entity/Q33989,Sranan Tongo,300000,,sran1240,Sranan Tongo,South America,5.83,-55.33,sran1240,srn,language,NL;SR,indo1319,,srn,,,False,sran1240,indo1319/clas1257/germ1287/nort3152/west2793/nort3175/angl1264/angl1265/late1254/merc1242/macr1271/guin1259/suri1275/sran1241,"['indo1319', 'clas1257', 'germ1287', 'nort3152', 'west2793', 'nort3175', 'angl1264', 'angl1265', 'late1254', 'merc1242', 'macr1271', 'guin1259', 'suri1275', 'sran1241']",indo1319,clas1257,Indo-European,family,Classical Indo-European,family,Latn
445,gcr,http://www.wikidata.org/entity/Q1363072,Guianan Creole,300000,,guia1246,Guianese Creole French,South America,4.94804,-52.7336,guia1246,gcr,language,BR;GF,indo1319,,gcr,,,False,guia1246,indo1319/clas1257/ital1284/lati1262/lati1263/impe1234/roma1334/ital1285/west2813/shif1234/nort3208/gall1280/oila1234/cent2283/macr1273/circ1240/guya1252,"['indo1319', 'clas1257', 'ital1284', 'lati1262', 'lati1263', 'impe1234', 'roma1334', 'ital1285', 'west2813', 'shif1234', 'nort3208', 'gall1280', 'oila1234', 'cent2283', 'macr1273', 'circ1240', 'guya1252']",indo1319,clas1257,Indo-European,family,Classical Indo-European,family,Latn
446,ish,http://www.wikidata.org/entity/Q35268,Esan,300000,,esan1238,Esan,Africa,6.25685,6.33917,esan1238,ish,language,NG,atla1278,,ish,,,False,esan1238,atla1278/volt1241/benu1247/akpe1249/edoi1239/nort3182/cent2259,"['atla1278', 'volt1241', 'benu1247', 'akpe1249', 'edoi1239', 'nort3182', 'cent2259']",atla1278,volt1241,Atlantic-Congo,family,Volta-Congo,family,Latn
447,swi,http://www.wikidata.org/entity/Q3112388,Sui,300000,,suii1243,Sui,Eurasia,24.0488,106.563,suii1243,swi,language,CN;VN,taik1256,,swi,,,False,suii1243,taik1256/kamt1241/kams1241/then1235/maon1239,"['taik1256', 'kamt1241', 'kams1241', 'then1235', 'maon1239']",taik1256,kamt1241,Tai-Kadai,family,Kam-Tai,family,Hani
448,jab,http://www.wikidata.org/entity/Q35403,Hyam,300000,,hyam1245,Hyam,Africa,9.57832,7.95163,hyam1245,jab,language,NG,atla1278,,jab,,,False,hyam1245,atla1278/volt1241/benu1247/benu1248/benu1249/nort3184/hyam1246,"['atla1278', 'volt1241', 'benu1247', 'benu1248', 'benu1249', 'nort3184', 'hyam1246']",atla1278,volt1241,Atlantic-Congo,family,Volta-Congo,family,Latn
449,saz,http://www.wikidata.org/entity/Q13292,Sourashtra,300000,,saur1248,Saurashtra,Eurasia,9.99172,77.9427,saur1248,saz,language,IN,indo1319,,saz,,,False,saur1248,indo1319/clas1257/indo1320/indo1321/midd1375/cont1248/midl1245/apab1234/guja1255/guja1256,"['indo1319', 'clas1257', 'indo1320', 'indo1321', 'midd1375', 'cont1248', 'midl1245', 'apab1234', 'guja1255', 'guja1256']",indo1319,clas1257,Indo-European,family,Classical Indo-European,family,Saur
450,arn,http://www.wikidata.org/entity/Q33730,Mapudungun,300000,,mapu1245,Mapudungun,South America,-38.7392,-71.277,mapu1245,arn,language,AR;CL,arau1255,,arn,,,False,mapu1245,arau1255,['arau1255'],arau1255,,Araucanian,family,,,Latn
451,fur,http://www.wikidata.org/entity/Q33441,Friulian,300000,,friu1240,Friulian,Eurasia,46.1473,13.0493,friu1240,fur,language,AT;IT,indo1319,,fur,,,False,friu1240,indo1319/clas1257/ital1284/lati1262/lati1263/impe1234/roma1334/ital1285/ital1286/ital1287,"['indo1319', 'clas1257', 'ital1284', 'lati1262', 'lati1263', 'impe1234', 'roma1334', 'ital1285', 'ital1286', 'ital1287']",indo1319,clas1257,Indo-European,family,Classical Indo-European,family,Latn
452,guc,http://www.wikidata.org/entity/Q891085,Wayuu,300000,,wayu1243,Wayuu,South America,11.395566,-72.199791,wayu1243,guc,language,CO;VE,araw1281,,guc,,,False,wayu1243,araw1281/cari1281/guaj1257,"['araw1281', 'cari1281', 'guaj1257']",araw1281,cari1281,Arawakan,family,Caribbean Arawakan,family,Latn
453,say,http://www.wikidata.org/entity/Q3914431,Saya,300000,,saya1246,Saya,Africa,9.69441,9.71748,saya1246,say,language,NG,afro1255,,say,,,False,saya1246,afro1255/chad1250/west2785/west2790/west2800/sout3162/sout3170/zaks1240,"['afro1255', 'chad1250', 'west2785', 'west2790', 'west2800', 'sout3162', 'sout3170', 'zaks1240']",afro1255,chad1250,Afro-Asiatic,family,Chadic,family,Latn
454,cbk,http://www.wikidata.org/entity/Q33281,Chavacano,300000,,chav1241,Chavacano,Papunesia,7.435034,122.18849,chav1241,cbk,language,PH,indo1319,,cbk,,,False,chav1241,indo1319/clas1257/ital1284/lati1262/lati1263/impe1234/roma1334/ital1285/west2813/shif1234/sout3183/west2838/cast1243/sout3200/tern1253,"['indo1319', 'clas1257', 'ital1284', 'lati1262', 'lati1263', 'impe1234', 'roma1334', 'ital1285', 'west2813', 'shif1234', 'sout3183', 'west2838', 'cast1243', 'sout3200', 'tern1253']",indo1319,clas1257,Indo-European,family,Classical Indo-European,family,Latn
455,hsh,http://www.wikidata.org/entity/Q13636869,Hungarian Sign Language,300000,,hung1263,Hungarian Sign Language,Eurasia,47.49236,19.052084,hung1263,hsh,language,HU,sign1238,,hsh,,,False,hung1263,sign1238/deaf1237/lsfi1234/cent2306/nucl1839,"['sign1238', 'deaf1237', 'lsfi1234', 'cent2306', 'nucl1839']",sign1238,deaf1237,Sign Language,family,L1 Sign Language,family,
456,tyv,http://www.wikidata.org/entity/Q34119,Tuvan,297000,,tuvi1240,Tuvinian,Eurasia,51.7,94.36667,tuvi1240,tyv,language,CN;MN;RU,turk1311,,tyv,,,False,tuvi1240,turk1311/comm1245/sout2693/yeni1256/saya1244,"['turk1311', 'comm1245', 'sout2693', 'yeni1256', 'saya1244']",turk1311,comm1245,Turkic,family,Common Turkic,family,Cyrl
457,mde,http://www.wikidata.org/entity/Q35860,Maba,296000,,maba1277,Maba (Chad),Africa,12.89147,20.8889,maba1277,mde,language,TD,maba1274,,mde,,,False,maba1277,maba1274/maba1275/maba1276/nucl1441,"['maba1274', 'maba1275', 'maba1276', 'nucl1441']",maba1274,maba1275,Maban,family,Mabang,family,Arab
458,bft,http://www.wikidata.org/entity/Q33086,Balti,290000,,balt1258,Balti,Eurasia,34.4491,77.2859,balt1258,bft,language,IN;PK,sino1245,,bft,,,False,balt1258,sino1245/bodi1256/bodi1257/oldm1245/lada1242/sham1282,"['sino1245', 'bodi1256', 'bodi1257', 'oldm1245', 'lada1242', 'sham1282']",sino1245,bodi1256,Sino-Tibetan,family,Bodic,family,Arab
459,khw,http://www.wikidata.org/entity/Q938216,Khowar,290000,,khow1242,Khowar,Eurasia,36.0,72.0,khow1242,khw,language,IN;PK,indo1319,,khw,,,False,khow1242,indo1319/clas1257/indo1320/indo1321,"['indo1319', 'clas1257', 'indo1320', 'indo1321']",indo1319,clas1257,Indo-European,family,Classical Indo-European,family,Arab
460,alw,http://www.wikidata.org/entity/Q56652,Alaba-K’abeena,287000,,alab1254,Alaba-K'abeena,Africa,7.39014,38.1732,alab1254,alw,language,ET,afro1255,,alw,,,False,alab1254,afro1255/cush1243/east2699/high1285/sida1247/hadi1241/kamb1318,"['afro1255', 'cush1243', 'east2699', 'high1285', 'sida1247', 'hadi1241', 'kamb1318']",afro1255,cush1243,Afro-Asiatic,family,Cushitic,family,Ethi
461,fsl,http://www.wikidata.org/entity/Q33302,French Sign Language,283000,,fren1243,French Sign Language,Eurasia,47.0,3.0,fren1243,fsl,language,FR;TG,sign1238,,fsl,,,False,fren1243,sign1238/deaf1237/lsfi1234,"['sign1238', 'deaf1237', 'lsfi1234']",sign1238,deaf1237,Sign Language,family,L1 Sign Language,family,
462,zib,http://www.wikidata.org/entity/Q8072097,Zimbabwe Sign Language,280000,,zimb1247,Zimbabwe Sign Language,Africa,-17.9128,31.0216,zimb1247,zib,language,ZW,sign1238,,zib,,,False,zimb1247,sign1238/deaf1237,"['sign1238', 'deaf1237']",sign1238,deaf1237,Sign Language,family,L1 Sign Language,family,
463,mne,http://www.wikidata.org/entity/Q760732,Naba,280000,,naba1253,Naba,Africa,12.7868,18.0777,naba1253,mne,language,TD,cent2225,,mne,,,False,naba1253,cent2225/sara1341/sbbo1237/nucl1719/sara1349/bagi1248/moro1296/naba1258,"['cent2225', 'sara1341', 'sbbo1237', 'nucl1719', 'sara1349', 'bagi1248', 'moro1296', 'naba1258']",cent2225,sara1341,Central Sudanic,family,Sara-Bongo-Bagirmi,family,Latn
464,tza,http://www.wikidata.org/entity/Q7684177,Tanzanian Sign Language,278000,,tanz1238,Tanzanian Sign Language,Africa,-6.82431,39.127,tanz1238,tza,language,TZ,sign1238,,tza,,,False,tanz1238,sign1238/deaf1237,"['sign1238', 'deaf1237']",sign1238,deaf1237,Sign Language,family,L1 Sign Language,family,
465,wni,http://www.wikidata.org/entity/Q2850262,Ndzwani Comorian,275000,,ndzw1235,Ndzwani Comorian,Africa,-12.2123,44.3709,ndzw1235,wni,language,KM,atla1278,,wni,,,False,ndzw1235,atla1278/volt1241/benu1247/bant1294/sout3152/narr1281/east2731/nort3203/nort3209/coas1317/miji1240/como1260/shin1269,"['atla1278', 'volt1241', 'benu1247', 'bant1294', 'sout3152', 'narr1281', 'east2731', 'nort3203', 'nort3209', 'coas1317', 'miji1240', 'como1260', 'shin1269']",atla1278,volt1241,Atlantic-Congo,family,Volta-Congo,family,Arab
466,zag,http://www.wikidata.org/entity/Q37007,Zaghawa,274000,,zagh1240,Beria,Africa,17.4842,23.4626,zagh1240,zag,language,LY;SD;TD,saha1256,,zag,,,False,zagh1240,saha1256/east2432,"['saha1256', 'east2432']",saha1256,east2432,Saharan,family,Eastern Saharan,family,Latn
467,wss,http://www.wikidata.org/entity/Q36914,Wasa,273000,,wasa1244,Wasa,Africa,5.74109,-2.16028,wasa1244,wss,language,GH,atla1278,,wss,,,False,wasa1244,atla1278/volt1241/kwav1236/nyoa1234/poto1254/tano1248/cent2262/akan1251,"['atla1278', 'volt1241', 'kwav1236', 'nyoa1234', 'poto1254', 'tano1248', 'cent2262', 'akan1251']",atla1278,volt1241,Atlantic-Congo,family,Volta-Congo,family,Latn
468,ssy,http://www.wikidata.org/entity/Q36353,Saho,271180,,saho1246,Saho,Africa,14.75,39.75,saho1246,ssy,language,ER;ET,afro1255,,ssy,,,False,saho1246,afro1255/cush1243/east2699/lowl1267/saho1245,"['afro1255', 'cush1243', 'east2699', 'lowl1267', 'saho1245']",afro1255,cush1243,Afro-Asiatic,family,Cushitic,family,Latn
469,udm,http://www.wikidata.org/entity/Q13238,Udmurt,270000,,udmu1245,Udmurt,Eurasia,56.12921,52.63548,udmu1245,udm,language,KZ;RU,ural1272,,udm,,,False,udmu1245,ural1272/perm1256,"['ural1272', 'perm1256']",ural1272,perm1256,Uralic,family,Permian,family,Cyrl
470,jra,http://www.wikidata.org/entity/Q33370,Jarai,262800,,jara1266,Jarai,Eurasia,13.6161,107.813,jara1266,jra,language,KH;VN,aust1307,,jra,,,False,jara1266,aust1307/mala1545/mala1554/cham1327/cham1330/rade1241,"['aust1307', 'mala1545', 'mala1554', 'cham1327', 'cham1330', 'rade1241']",aust1307,mala1545,Austronesian,family,Malayo-Polynesian,family,Latn
471,njo,http://www.wikidata.org/entity/Q28433,Ao,261000,,aona1235,Ao Naga,Eurasia,26.3241,94.3824,aona1235,njo,language,IN,sino1245,,njo,,,False,aona1235,sino1245/kuki1245/anga1312/aoic1235,"['sino1245', 'kuki1245', 'anga1312', 'aoic1235']",sino1245,kuki1245,Sino-Tibetan,family,Kuki-Chin-Naga,family,Latn
472,pdt,http://www.wikidata.org/entity/Q1751432,Plautdietsch,261000,,plau1238,Plautdietsch,North America,49.578028,-109.353868,plau1238,pdt,language,CA,indo1319,,pdt,,,False,plau1238,indo1319/clas1257/germ1287/nort3152/west2793/nort3175/alts1234/midd1345/lowg1239/east2291,"['indo1319', 'clas1257', 'germ1287', 'nort3152', 'west2793', 'nort3175', 'alts1234', 'midd1345', 'lowg1239', 'east2291']",indo1319,clas1257,Indo-European,family,Classical Indo-European,family,Latn
473,kcg,http://www.wikidata.org/entity/Q3912765,Tyap,255000,,tyap1238,Tyap,Africa,9.75568,8.3082,tyap1238,kcg,language,NG,atla1278,,kcg,,,False,tyap1238,atla1278/volt1241/benu1247/benu1248/benu1249/sout3163/nucl1795/kata1275,"['atla1278', 'volt1241', 'benu1247', 'benu1248', 'benu1249', 'sout3163', 'nucl1795', 'kata1275']",atla1278,volt1241,Atlantic-Congo,family,Volta-Congo,family,Latn
474,ngb,http://www.wikidata.org/entity/Q17522631,Northern Ngbandi,250290,,nort2774,Northern Ngbandi,Africa,3.56357,21.85251,nort2774,ngb,language,CD;CF,atla1278,,ngb,,,False,nort2774,atla1278/volt1241/nort3149/came1255/uban1244/ngba1290/ngba1280/nucl1737,"['atla1278', 'volt1241', 'nort3149', 'came1255', 'uban1244', 'ngba1290', 'ngba1280', 'nucl1737']",atla1278,volt1241,Atlantic-Congo,family,Volta-Congo,family,Latn
475,naq,http://www.wikidata.org/entity/Q13301,Khoekhoe,250000,,nama1264,Nama (Namibia),Africa,-25.0747,17.9767,nama1264,naq,language,BW;NA;ZA,khoe1240,,naq,,,False,nama1264,khoe1240/khoe1241/khoe1242/nort3245,"['khoe1240', 'khoe1241', 'khoe1242', 'nort3245']",khoe1240,khoe1241,Khoe-Kwadi,family,Khoe,family,Latn
476,bde,http://www.wikidata.org/entity/Q56239,Bade,250000,,bade1248,Bade,Africa,12.789,10.6557,bade1248,bde,language,NG,afro1255,,bde,,,False,bade1248,afro1255/chad1250/west2785/west2790/west2710/ngiz1243/shir1274,"['afro1255', 'chad1250', 'west2785', 'west2790', 'west2710', 'ngiz1243', 'shir1274']",afro1255,chad1250,Afro-Asiatic,family,Chadic,family,Latn
477,eth,http://www.wikidata.org/entity/Q3501903,Ethiopian Sign Language,250000,,ethi1238,Ethiopian Sign Language,Africa,8.9761,38.8534,ethi1238,eth,language,ET,sign1238,,eth,,,False,ethi1238,sign1238/deaf1237/lsfi1234/asli1244,"['sign1238', 'deaf1237', 'lsfi1234', 'asli1244']",sign1238,deaf1237,Sign Language,family,L1 Sign Language,family,
478,lzz,http://www.wikidata.org/entity/Q1160372,Laz,250000,,lazz1240,Laz,Eurasia,41.5004,41.9096,lazz1240,lzz,language,GE;TR,kart1248,,lzz,,,False,lazz1240,kart1248/geor1252/zann1245,"['kart1248', 'geor1252', 'zann1245']",kart1248,geor1252,Kartvelian,family,Georgian-Zan,family,Latn
479,eto,http://www.wikidata.org/entity/Q35317,Eton,250000,,eton1253,Eton-Mengisa,Africa,4.21045,11.3935,eton1253,eto,language,CM,atla1278,,eto,,,False,eton1253,atla1278/volt1241/benu1247/bant1294/sout3152/narr1281/bant1295/basa1292/yaun1239,"['atla1278', 'volt1241', 'benu1247', 'bant1294', 'sout3152', 'narr1281', 'bant1295', 'basa1292', 'yaun1239']",atla1278,volt1241,Atlantic-Congo,family,Volta-Congo,family,Latn
480,thz,http://www.wikidata.org/entity/Q56388,Air Tamajeq,250000,,taya1257,Tayart Tamajeq,Africa,16.9232,7.6743,taya1257,thz,language,NE,afro1255,,thz,,,False,taya1257,afro1255/berb1260/tuar1240/sout3263,"['afro1255', 'berb1260', 'tuar1240', 'sout3263']",afro1255,berb1260,Afro-Asiatic,family,Berber,family,Latn
481,ase,http://www.wikidata.org/entity/Q14759,American Sign Language,250000,,amer1248,American Sign Language,Africa;North America,33.8117,-81.6121,amer1248,ase,language,BB;BF;BJ;BO;CA;CD;CF;CI;CN;GA;GH;JM;KE;MG;MR;NG;PH;SG;TD;TG;US;ZW,sign1238,,ase,,,False,amer1248,sign1238/deaf1237/lsfi1234/asli1244/amer1258,"['sign1238', 'deaf1237', 'lsfi1234', 'asli1244', 'amer1258']",sign1238,deaf1237,Sign Language,family,L1 Sign Language,family,Sgnw
482,kua,http://www.wikidata.org/entity/Q1405077,Kwanyama,247000,,kuan1247,Kuanyama,Africa,-17.7176,16.58,kuan1247,kua,language,AO;NA,atla1278,,kua,,,False,kuan1247,atla1278/volt1241/benu1247/bant1294/sout3152/narr1281/cent2260/njil1234/sout3233/kune1234/cimb1239/ndon1253,"['atla1278', 'volt1241', 'benu1247', 'bant1294', 'sout3152', 'narr1281', 'cent2260', 'njil1234', 'sout3233', 'kune1234', 'cimb1239', 'ndon1253']",atla1278,volt1241,Atlantic-Congo,family,Volta-Congo,family,
483,kxc,http://www.wikidata.org/entity/Q56624,Konso,240000,,kons1243,Konso,Africa,5.39111,37.53,kons1243,kxc,language,ET,afro1255,,kxc,,,False,kons1243,afro1255/cush1243/east2699/lowl1267/sout3055/main1283/nucl1701/kons1242,"['afro1255', 'cush1243', 'east2699', 'lowl1267', 'sout3055', 'main1283', 'nucl1701', 'kons1242']",afro1255,cush1243,Afro-Asiatic,family,Cushitic,family,Latn
484,xbr,http://www.wikidata.org/entity/Q3053279,Kambera,240000,,kamb1299,Kambera,Papunesia,-9.88447,120.235,kamb1299,xbr,language,ID,aust1307,,xbr,,,False,kamb1299,aust1307/mala1545/bima1248/sumb1242/sumb1243/kamb1320,"['aust1307', 'mala1545', 'bima1248', 'sumb1242', 'sumb1243', 'kamb1320']",aust1307,mala1545,Austronesian,family,Malayo-Polynesian,family,Latn
485,her,http://www.wikidata.org/entity/Q33315,Herero,237000,,here1253,Herero,Africa,-21.0231,20.5655,here1253,her,language,AO;BW;NA,atla1278,,her,,,False,here1253,atla1278/volt1241/benu1247/bant1294/sout3152/narr1281/cent2260/njil1234/sout3233/kune1234/cimb1239/here1252,"['atla1278', 'volt1241', 'benu1247', 'bant1294', 'sout3152', 'narr1281', 'cent2260', 'njil1234', 'sout3233', 'kune1234', 'cimb1239', 'here1252']",atla1278,volt1241,Atlantic-Congo,family,Volta-Congo,family,
486,aii,http://www.wikidata.org/entity/Q29440,Assyrian Neo-Aramaic,232300,,assy1241,Assyrian Neo-Aramaic,Eurasia,36.75,43.0,assy1241,aii,language,IQ;IR;SY;TR,afro1255,,aii,,,False,assy1241,afro1255/semi1276/west2786/cent2236/nort3165/aram1259/impe1236/midd1367/east2680/cent2217/nort3241,"['afro1255', 'semi1276', 'west2786', 'cent2236', 'nort3165', 'aram1259', 'impe1236', 'midd1367', 'east2680', 'cent2217', 'nort3241']",afro1255,semi1276,Afro-Asiatic,family,Semitic,family,Syrc
487,enq,http://www.wikidata.org/entity/Q1143040,Enga,230000,,enga1252,Enga,Papunesia,-5.45619,143.685,enga1252,enq,language,PG,nucl1709,,enq,,,False,enga1252,nucl1709/enga1254/enga1251,"['nucl1709', 'enga1254', 'enga1251']",nucl1709,enga1254,Nuclear Trans New Guinea,family,Enga-Kewa-Huli,family,Latn
488,bto,http://www.wikidata.org/entity/Q12633026,Rinconada Bikol,230000,,irig1242,Iriga Bicolano,Papunesia,13.3896,123.331,irig1242,bto,language,PH,aust1307,,bto,,,False,irig1242,aust1307/mala1545/grea1284/cent2246/biko1240/inla1266,"['aust1307', 'mala1545', 'grea1284', 'cent2246', 'biko1240', 'inla1266']",aust1307,mala1545,Austronesian,family,Malayo-Polynesian,family,Latn
489,njz,http://www.wikidata.org/entity/Q56870,Nishi,230000,,nyis1236,Nyishi-Hill Miri,Eurasia,27.278263,93.675529,nyis1236,njz,language,IN,sino1245,,njz,,,False,nyis1236,sino1245/macr1268/tani1259/prew1234/west2797/suba1255,"['sino1245', 'macr1268', 'tani1259', 'prew1234', 'west2797', 'suba1255']",sino1245,macr1268,Sino-Tibetan,family,Macro-Tani,family,Latn
490,bas,http://www.wikidata.org/entity/Q33093,Basaa,230000,,basa1284,Basa (Cameroon),Africa,3.80765,10.4213,basa1284,bas,language,CM,atla1278,,bas,,,False,basa1284,atla1278/volt1241/benu1247/bant1294/sout3152/narr1281/bant1295/basa1292/basa1283/basa1289/basa1290,"['atla1278', 'volt1241', 'benu1247', 'bant1294', 'sout3152', 'narr1281', 'bant1295', 'basa1292', 'basa1283', 'basa1289', 'basa1290']",atla1278,volt1241,Atlantic-Congo,family,Volta-Congo,family,Latn
491,frp,http://www.wikidata.org/entity/Q15087,Franco-Provençal language,227000,,fran1260,Arpitan,Eurasia,45.8051,6.48152,fran1260,frp,language,CH;FR;IT,indo1319,,frp,,,False,fran1260,indo1319/clas1257/ital1284/lati1262/lati1263/impe1234/roma1334/ital1285/west2813/shif1234/nort3208/gall1280/oila1234/fran1269,"['indo1319', 'clas1257', 'ital1284', 'lati1262', 'lati1263', 'impe1234', 'roma1334', 'ital1285', 'west2813', 'shif1234', 'nort3208', 'gall1280', 'oila1234', 'fran1269']",indo1319,clas1257,Indo-European,family,Classical Indo-European,family,Latn
492,zea,http://www.wikidata.org/entity/Q237409,Zeelandic,220000,,zeeu1238,Zeeuws,Eurasia,51.4981,3.85428,zeeu1238,zea,language,NL,indo1319,,zea,,,False,zeeu1238,indo1319/clas1257/germ1287/nort3152/west2793/macr1270/midd1347/mode1257/sout3292/zeeu1239,"['indo1319', 'clas1257', 'germ1287', 'nort3152', 'west2793', 'macr1270', 'midd1347', 'mode1257', 'sout3292', 'zeeu1239']",indo1319,clas1257,Indo-European,family,Classical Indo-European,family,Latn
493,lam,http://www.wikidata.org/entity/Q36098,Lamba,219000,,lamb1271,Lamba,Africa,-12.3366,27.9026,lamb1271,lam,language,CD;ZM,atla1278,,lam,,,False,lamb1271,atla1278/volt1241/benu1247/bant1294/sout3152/narr1281/east2731/sabi1248/malu1252/cent2321/bisa1262,"['atla1278', 'volt1241', 'benu1247', 'bant1294', 'sout3152', 'narr1281', 'east2731', 'sabi1248', 'malu1252', 'cent2321', 'bisa1262']",atla1278,volt1241,Atlantic-Congo,family,Volta-Congo,family,Latn
494,bxr,http://www.wikidata.org/entity/Q16116629,Russia Buriat,219000,,russ1264,Russia Buriat,Eurasia,50.85331,105.5637,russ1264,bxr,language,MN;RU,mong1349,,bxr,,,False,russ1264,mong1349/mong1329/oira1260/khal1273/buri1258,"['mong1349', 'mong1329', 'oira1260', 'khal1273', 'buri1258']",mong1349,mong1329,Mongolic-Khitan,family,Mongolic,family,
495,guk,http://www.wikidata.org/entity/Q2396970,Gumuz,219000,,gumu1244,Northern Gumuz,Africa,11.05,35.93,gumu1244,guk,language,ET;SD,gumu1250,,guk,,,False,gumu1244,gumu1250/nucl1843,"['gumu1250', 'nucl1843']",gumu1250,nucl1843,Gumuz,family,Nuclear Gumuz,family,Latn
496,ukl,http://www.wikidata.org/entity/Q10322106,Ukrainian Sign Language,219000,,ukra1235,Ukrainian Sign Language,Eurasia,50.4111,30.553,ukra1235,ukl,language,UA,sign1238,,ukl,,,False,ukra1235,sign1238/deaf1237/russ1270/nucl1824/cent2419,"['sign1238', 'deaf1237', 'russ1270', 'nucl1824', 'cent2419']",sign1238,deaf1237,Sign Language,family,L1 Sign Language,family,
497,ami,http://www.wikidata.org/entity/Q35132,Amis,215000,,amis1246,Amis,Papunesia,23.0917,121.348,amis1246,ami,language,CN,aust1307,,ami,,,False,amis1246,aust1307/east2493/cent2103,"['aust1307', 'east2493', 'cent2103']",aust1307,east2493,Austronesian,family,East Formosan,family,Latn
498,mri,http://www.wikidata.org/entity/Q36451,Māori,213849,,maor1246,Maori,Papunesia,-38.2881,176.541,maor1246,mri,language,NZ,aust1307,,mri,,,False,maor1246,aust1307/mala1545/east2712/ocea1241/cent2060/east2445/poly1242/nucl1485/nort3246/solo1260/cent2298/east2449/east2896/sout3383/maor1247,"['aust1307', 'mala1545', 'east2712', 'ocea1241', 'cent2060', 'east2445', 'poly1242', 'nucl1485', 'nort3246', 'solo1260', 'cent2298', 'east2449', 'east2896', 'sout3383', 'maor1247']",aust1307,mala1545,Austronesian,family,Malayo-Polynesian,family,
499,enn,http://www.wikidata.org/entity/Q3915365,Engenni,211000,,enge1239,Egene,Africa,5.11931,6.37339,enge1239,enn,language,NG,atla1278,,enn,,,False,enge1239,atla1278/volt1241/benu1247/akpe1249/edoi1239/delt1252/dege1249,"['atla1278', 'volt1241', 'benu1247', 'akpe1249', 'edoi1239', 'delt1252', 'dege1249']",atla1278,volt1241,Atlantic-Congo,family,Volta-Congo,family,Latn
500,xan,http://www.wikidata.org/entity/Q56527,Xamtanga,210000,,xamt1239,Xamtanga,Africa,12.4479,38.8352,xamt1239,xan,language,ET,afro1255,,xan,,,False,xamt1239,afro1255/cush1243/cent2193/nort3158/nort3163,"['afro1255', 'cush1243', 'cent2193', 'nort3158', 'nort3163']",afro1255,cush1243,Afro-Asiatic,family,Cushitic,family,Ethi
501,bdr,http://www.wikidata.org/entity/Q2880037,West Coast Bajau,210000,,west2560,West Coast Bajau,Papunesia,6.00631,116.124,west2560,bdr,language,MY,aust1307,,bdr,,,False,west2560,aust1307/mala1545/basa1291/grea1283/sama1302/sulu1242/born1254,"['aust1307', 'mala1545', 'basa1291', 'grea1283', 'sama1302', 'sulu1242', 'born1254']",aust1307,mala1545,Austronesian,family,Malayo-Polynesian,family,Latn
502,ext,http://www.wikidata.org/entity/Q30007,Extremaduran,201500,,extr1243,Extremaduran,Eurasia,39.1926,-6.10179,extr1243,ext,language,ES;PT,indo1319,,ext,,,False,extr1243,indo1319/clas1257/ital1284/lati1262/lati1263/impe1234/roma1334/ital1285/west2813/shif1234/sout3183/west2838/cast1243,"['indo1319', 'clas1257', 'ital1284', 'lati1262', 'lati1263', 'impe1234', 'roma1334', 'ital1285', 'west2813', 'shif1234', 'sout3183', 'west2838', 'cast1243']",indo1319,clas1257,Indo-European,family,Classical Indo-European,family,Latn
503,kfa,http://www.wikidata.org/entity/Q33531,Kodava,200000,,koda1255,Kodava,Eurasia,12.2443,75.9161,koda1255,kfa,language,IN,drav1251,,kfa,,,False,koda1255,drav1251/sout3133/sout3138/tami1291/tami1292/tami1293/tami1294/tami1297,"['drav1251', 'sout3133', 'sout3138', 'tami1291', 'tami1292', 'tami1293', 'tami1294', 'tami1297']",drav1251,sout3133,Dravidian,family,South Dravidian,family,Knda
504,frs,http://www.wikidata.org/entity/Q149208,East Frisian Low Saxon,200000,,nort2628,German Northern Low Saxon,Eurasia,52.97134,8.36,nort2628,frs,language,DE,indo1319,,frs,,,False,nort2628,indo1319/clas1257/germ1287/nort3152/west2793/nort3175/alts1234/midd1345/lowg1239/west2357/ostf1234,"['indo1319', 'clas1257', 'germ1287', 'nort3152', 'west2793', 'nort3175', 'alts1234', 'midd1345', 'lowg1239', 'west2357', 'ostf1234']",indo1319,clas1257,Indo-European,family,Classical Indo-European,family,Latn
505,yba,http://www.wikidata.org/entity/Q3914920,Yala,200000,,yala1263,Yala,Africa,6.73852,8.60748,yala1263,yba,language,NG,atla1278,,yba,,,False,yala1263,atla1278/volt1241/benu1247/idom1262/etul1244/etul1246/nucl1732,"['atla1278', 'volt1241', 'benu1247', 'idom1262', 'etul1244', 'etul1246', 'nucl1732']",atla1278,volt1241,Atlantic-Congo,family,Volta-Congo,family,Latn
506,sce,http://www.wikidata.org/entity/Q32947,Dongxiang,200000,,dong1285,Dongxiang,Eurasia,35.66354,103.38952,dong1285,sce,language,CN,mong1349,,sce,,,False,dong1285,mong1349/mong1329/sout2705/shir1260/baoa1237,"['mong1349', 'mong1329', 'sout2705', 'shir1260', 'baoa1237']",mong1349,mong1329,Mongolic-Khitan,family,Mongolic,family,Latn
507,pcd,http://www.wikidata.org/entity/Q34024,Picard,200000,,pica1241,Picard,Eurasia,50.2831,3.25085,pica1241,pcd,language,BE;FR,indo1319,,pcd,,,False,pica1241,indo1319/clas1257/ital1284/lati1262/lati1263/impe1234/roma1334/ital1285/west2813/shif1234/nort3208/gall1280/oila1234/cent2283,"['indo1319', 'clas1257', 'ital1284', 'lati1262', 'lati1263', 'impe1234', 'roma1334', 'ital1285', 'west2813', 'shif1234', 'nort3208', 'gall1280', 'oila1234', 'cent2283']",indo1319,clas1257,Indo-European,family,Classical Indo-European,family,Latn
508,fip,http://www.wikidata.org/entity/Q667747,Fipa,195000,,fipa1238,Fipa,Africa,-7.88963,31.3442,fipa1238,fip,language,MW;TZ,atla1278,,fip,,,False,fipa1238,atla1278/volt1241/benu1247/bant1294/sout3152/narr1281/east2731/corr1234/mboz1235/mwik1240/fipa1240,"['atla1278', 'volt1241', 'benu1247', 'bant1294', 'sout3152', 'narr1281', 'east2731', 'corr1234', 'mboz1235', 'mwik1240', 'fipa1240']",atla1278,volt1241,Atlantic-Congo,family,Volta-Congo,family,Latn
509,mvz,http://www.wikidata.org/entity/Q6821677,Mesqan,195000,,mesq1240,Mesqan,Africa,8.10617,38.3386,mesq1240,mvz,language,ET,afro1255,,mvz,,,False,mesq1240,afro1255/semi1276/west2786/ethi1244/sout3078/oute1258/ttgr1237,"['afro1255', 'semi1276', 'west2786', 'ethi1244', 'sout3078', 'oute1258', 'ttgr1237']",afro1255,semi1276,Afro-Asiatic,family,Semitic,family,Ethi
510,abk,http://www.wikidata.org/entity/Q5111,Abkhaz,190110,,abkh1244,Abkhaz,Eurasia,43.056218,41.159115,abkh1244,abk,language,GE;RU;TR,abkh1242,,abk,,,False,abkh1244,abkh1242/abkh1243,"['abkh1242', 'abkh1243']",abkh1242,abkh1243,Abkhaz-Adyge,family,Abkhaz-Abaza,family,
511,cab,http://www.wikidata.org/entity/Q35490,Garifuna,190000,,gari1256,Garifuna,North America,15.3529,-86.9091,gari1256,cab,language,BZ;GT;HN;NI,araw1281,,cab,,,False,gari1256,araw1281/cari1281/anti1247/iner1234/isla1279,"['araw1281', 'cari1281', 'anti1247', 'iner1234', 'isla1279']",araw1281,cari1281,Arawakan,family,Caribbean Arawakan,family,Latn
512,mnb,http://www.wikidata.org/entity/Q6935584,Muna,187000,,muna1247,Muna,Papunesia,-5.40419,122.541,muna1247,mnb,language,ID,aust1307,,mnb,,,False,muna1247,aust1307/mala1545/cele1242/grea1299/east2488/sout2928/muna1246/nucl1573/muni1256/muni1259/west2847,"['aust1307', 'mala1545', 'cele1242', 'grea1299', 'east2488', 'sout2928', 'muna1246', 'nucl1573', 'muni1256', 'muni1259', 'west2847']",aust1307,mala1545,Austronesian,family,Malayo-Polynesian,family,Latn
513,ton,http://www.wikidata.org/entity/Q34094,Tongan,186010,,tong1325,Tonga (Tonga Islands),Papunesia,-21.17,-175.25,tong1325,ton,language,TO,aust1307,,ton,,,False,tong1325,aust1307/mala1545/east2712/ocea1241/cent2060/east2445/poly1242/tong1324,"['aust1307', 'mala1545', 'east2712', 'ocea1241', 'cent2060', 'east2445', 'poly1242', 'tong1324']",aust1307,mala1545,Austronesian,family,Malayo-Polynesian,family,
514,uum,http://www.wikidata.org/entity/Q13257,Urum,185000,,urum1249,Kipchak Urum,Eurasia,42.0379,43.994,urum1249,uum,language,GE;GR;RU;UA,turk1311,,uum,,,False,urum1249,turk1311/comm1245/kipc1240/kipc1239/nort3424/west1472/crim1256,"['turk1311', 'comm1245', 'kipc1240', 'kipc1239', 'nort3424', 'west1472', 'crim1256']",turk1311,comm1245,Turkic,family,Common Turkic,family,Grek
515,miq,http://www.wikidata.org/entity/Q1516803,Miskito,180000,,misk1235,Mískito,North America,15.1576,-84.2942,misk1235,miq,language,HN;NI,misu1242,,miq,,,False,misk1235,misu1242,['misu1242'],misu1242,,Misumalpan,family,,,Latn
516,ctu,http://www.wikidata.org/entity/Q35179,Ch’ol,180000,,chol1282,Chol,North America,17.4897,-92.4698,chol1282,ctu,language,MX,maya1287,,ctu,,,False,chol1282,maya1287/core1254/west2865/chol1286/chol1287/chol1281,"['maya1287', 'core1254', 'west2865', 'chol1286', 'chol1287', 'chol1281']",maya1287,core1254,Mayan,family,Core Mayan,family,Latn
517,dnw,http://www.wikidata.org/entity/Q7987774,Lani,180000,,west2594,Western Dani,Papunesia,-3.77127,138.217,west2594,dnw,language,ID,nucl1709,,dnw,,,False,west2594,nucl1709/dani1287/cent2233,"['nucl1709', 'dani1287', 'cent2233']",nucl1709,dani1287,Nuclear Trans New Guinea,family,Dani,family,Latn
518,slp,http://www.wikidata.org/entity/Q6480777,Lamaholot,180000,,lama1277,Lamaholot,Papunesia,-8.36439,122.803,lama1277,slp,language,ID,aust1307,,slp,,,False,lama1277,aust1307/mala1545/bima1248/flor1244/flor1239/lama1293/flor1242,"['aust1307', 'mala1545', 'bima1248', 'flor1244', 'flor1239', 'lama1293', 'flor1242']",aust1307,mala1545,Austronesian,family,Malayo-Polynesian,family,Latn
519,dtp,http://www.wikidata.org/entity/Q5317225,Kadazandusun,180000,,cent2100,Kadazan Dusun,Papunesia,6.02998,116.681,cent2100,dtp,language,MY,aust1307,,dtp,,,False,cent2100,aust1307/mala1545/nort3253/saba1285/sout3154/grea1293/dusu1277/kada1292,"['aust1307', 'mala1545', 'nort3253', 'saba1285', 'sout3154', 'grea1293', 'dusu1277', 'kada1292']",aust1307,mala1545,Austronesian,family,Malayo-Polynesian,family,Latn
520,kvk,http://www.wikidata.org/entity/Q3073428,Korean Sign Language,180000,,kore1273,Korean Sign Language,Eurasia,37.4718,127.609,kore1273,kvk,language,KR,sign1238,,kvk,,,False,kore1273,sign1238/deaf1237/jsli1234,"['sign1238', 'deaf1237', 'jsli1234']",sign1238,deaf1237,Sign Language,family,L1 Sign Language,family,
521,njh,http://www.wikidata.org/entity/Q33590,Lotha,179467,,loth1237,Lotha Naga,Eurasia,26.01396,94.04355,loth1237,njh,language,IN,sino1245,,njh,,,False,loth1237,sino1245/kuki1245/anga1312/aoic1235,"['sino1245', 'kuki1245', 'anga1312', 'aoic1235']",sino1245,kuki1245,Sino-Tibetan,family,Kuki-Chin-Naga,family,Latn
522,thk,http://www.wikidata.org/entity/Q15407179,Tharaka,176000,,thar1283,Tharaka,Africa,-0.13221,38.073,thar1283,thk,language,KE,atla1278,,thk,,,False,thar1283,atla1278/volt1241/benu1247/bant1294/sout3152/narr1281/east2731/nort3203/cent2274/east2901/nort3413,"['atla1278', 'volt1241', 'benu1247', 'bant1294', 'sout3152', 'narr1281', 'east2731', 'nort3203', 'cent2274', 'east2901', 'nort3413']",atla1278,volt1241,Atlantic-Congo,family,Volta-Congo,family,Latn
523,cla,http://www.wikidata.org/entity/Q3440432,Ron,176000,,ronn1241,Ron,Africa,9.3,9.02,ronn1241,cla,language,NG,afro1255,,cla,,,False,ronn1241,afro1255/chad1250/west2785/west2714/west2716/roni1235,"['afro1255', 'chad1250', 'west2785', 'west2714', 'west2716', 'roni1235']",afro1255,chad1250,Afro-Asiatic,family,Chadic,family,Latn
524,tsj,http://www.wikidata.org/entity/Q36840,Tshangla,175000,,tsha1245,Tshangla,Eurasia,27.3694,91.7741,tsha1245,tsj,language,BT;CN;IN,sino1245,,tsj,,,False,tsha1245,sino1245/bodi1256/tsha1247,"['sino1245', 'bodi1256', 'tsha1247']",sino1245,bodi1256,Sino-Tibetan,family,Bodic,family,Tibt
525,ski,http://www.wikidata.org/entity/Q33960,Sika,175000,,sika1262,Sika,Papunesia,-8.67302,122.38,sika1262,ski,language,ID,aust1307,,ski,,,False,sika1262,aust1307/mala1545/bima1248/flor1244/flor1239,"['aust1307', 'mala1545', 'bima1248', 'flor1244', 'flor1239']",aust1307,mala1545,Austronesian,family,Malayo-Polynesian,family,Latn
526,tsz,http://www.wikidata.org/entity/Q36803,Purépecha,175000,,pure1242,Purepecha,North America,19.2467,-101.631,pure1242,tsz,language,MX;US,tara1323,,tsz,,,False,pure1242,tara1323,['tara1323'],tara1323,,Tarascan,family,,,Latn
527,dzo,http://www.wikidata.org/entity/Q33081,Dzongkha,171000,,dzon1239,Dzongkha,Eurasia,27.410786,89.581604,dzon1239,dzo,language,BT;CN;IN;NP,sino1245,,dzo,,,False,dzon1239,sino1245/bodi1256/bodi1257/oldm1245/tibe1276/late1253/sout3217/dzon1238/nucl1307,"['sino1245', 'bodi1256', 'bodi1257', 'oldm1245', 'tibe1276', 'late1253', 'sout3217', 'dzon1238', 'nucl1307']",sino1245,bodi1256,Sino-Tibetan,family,Bodic,family,
528,qus,http://www.wikidata.org/entity/Q35168,Santiagueño Quechua,170000,,sant1432,Santiago del Estero Quichua,South America,-27.821,-63.2466,sant1432,qus,language,AR,quec1387,,qus,,,False,sant1432,quec1387/quec1389/boli1262/sout3406,"['quec1387', 'quec1389', 'boli1262', 'sout3406']",quec1387,quec1389,Quechuan,family,Southern Quechua,family,Latn
529,nav,http://www.wikidata.org/entity/Q13310,Navajo,169369,,nava1243,Navajo,North America,36.33,-109.38,nava1243,nav,language,US,atha1245,,nav,,,False,nava1243,atha1245/atha1246/atha1247/apac1239/sout3151/west2810,"['atha1245', 'atha1246', 'atha1247', 'apac1239', 'sout3151', 'west2810']",atha1245,atha1246,Athabaskan-Eyak-Tlingit,family,Athabaskan-Eyak,family,
530,smo,http://www.wikidata.org/entity/Q34011,Samoan,169000,,samo1305,Samoan,Papunesia,-13.92,-171.83,samo1305,smo,language,AS;WS,aust1307,,smo,,,False,samo1305,aust1307/mala1545/east2712/ocea1241/cent2060/east2445/poly1242/nucl1485/elli1239/puka1245/samo1310,"['aust1307', 'mala1545', 'east2712', 'ocea1241', 'cent2060', 'east2445', 'poly1242', 'nucl1485', 'elli1239', 'puka1245', 'samo1310']",aust1307,mala1545,Austronesian,family,Malayo-Polynesian,family,
531,bkd,http://www.wikidata.org/entity/Q4914553,Binukid,168234,,binu1244,Talaandig-Binukid,Papunesia,8.15933,124.892,binu1244,bkd,language,PH,aust1307,,bkd,,,False,binu1244,aust1307/mala1545/grea1284/mano1276/nort2884/kina1254/buki1251,"['aust1307', 'mala1545', 'grea1284', 'mano1276', 'nort2884', 'kina1254', 'buki1251']",aust1307,mala1545,Austronesian,family,Malayo-Polynesian,family,Latn
532,hns,http://www.wikidata.org/entity/Q1843468,Caribbean Hindustani,165000,,cari1275,Caribbean Hindustani,South America,5.722918,-55.333168,cari1275,hns,language,GY;NL;SR;TT,indo1319,,hns,,,False,cari1275,indo1319/clas1257/indo1320/indo1321/midd1375/cont1248/midl1245/shau1239/biha1245/mait1254/bhoj1246,"['indo1319', 'clas1257', 'indo1320', 'indo1321', 'midd1375', 'cont1248', 'midl1245', 'shau1239', 'biha1245', 'mait1254', 'bhoj1246']",indo1319,clas1257,Indo-European,family,Classical Indo-European,family,Latn
533,dop,http://www.wikidata.org/entity/Q3258739,Lukpa,160000,,lukp1238,Lukpa,Africa,9.51949,1.66954,lukp1238,dop,language,BJ;TG,atla1278,,dop,,,False,lukp1238,atla1278/volt1241/nort3149/gura1261/cent2243/sout3164/grus1239/east2740/east2397/kabi1265,"['atla1278', 'volt1241', 'nort3149', 'gura1261', 'cent2243', 'sout3164', 'grus1239', 'east2740', 'east2397', 'kabi1265']",atla1278,volt1241,Atlantic-Congo,family,Volta-Congo,family,Latn
534,bdq,http://www.wikidata.org/entity/Q32924,Bahnar,160000,,bahn1262,Bahnar,Eurasia,14.0476,108.471,bahn1262,bdq,language,VN,aust1305,,bdq,,,False,bahn1262,aust1305/bahn1264/west2399/tamp1256,"['aust1305', 'bahn1264', 'west2399', 'tamp1256']",aust1305,bahn1264,Austroasiatic,family,Bahnaric,family,Latn
535,kqy,http://www.wikidata.org/entity/Q6430753,Koore,159200,,koor1239,Koorete,Africa,5.80545,37.8679,koor1239,kqy,language,ET,gong1255,,kqy,,,False,koor1239,gong1255/omet1238/east2423,"['gong1255', 'omet1238', 'east2423']",gong1255,omet1238,Ta-Ne-Omotic,family,Ometo,family,Ethi
536,kdn,http://www.wikidata.org/entity/Q4121130,Kunda,157000,,kund1255,Chikunda,Africa,-15.7337,30.2804,kund1255,kdn,language,MZ;ZM;ZW,atla1278,,kdn,,,False,kund1255,atla1278/volt1241/benu1247/bant1294/sout3152/narr1281/east2731/tumb1253/sena1271,"['atla1278', 'volt1241', 'benu1247', 'bant1294', 'sout3152', 'narr1281', 'east2731', 'tumb1253', 'sena1271']",atla1278,volt1241,Atlantic-Congo,family,Volta-Congo,family,Latn
537,kpv,http://www.wikidata.org/entity/Q34114,Komi-Zyryan,156000,,komi1268,Komi-Zyrian,Eurasia,64.0527,54.946,komi1268,kpv,language,RU,ural1272,,kpv,,,False,komi1268,ural1272/perm1256/komi1267,"['ural1272', 'perm1256', 'komi1267']",ural1272,perm1256,Uralic,family,Permian,family,
538,leh,http://www.wikidata.org/entity/Q6522666,Lenje,156000,,lenj1248,Lenje,Africa,-14.7192,28.2581,lenj1248,leh,language,ZM,atla1278,,leh,,,False,lenj1248,atla1278/volt1241/benu1247/bant1294/sout3152/narr1281/east2731/bota1239/lenj1247/cent2279/kafu1239,"['atla1278', 'volt1241', 'benu1247', 'bant1294', 'sout3152', 'narr1281', 'east2731', 'bota1239', 'lenj1247', 'cent2279', 'kafu1239']",atla1278,volt1241,Atlantic-Congo,family,Volta-Congo,family,Latn
539,lbe,http://www.wikidata.org/entity/Q36206,Lak,154820,,lakk1252,Lak,Eurasia,42.1328,47.0809,lakk1252,lbe,language,AZ;GE;KZ;RU;UA,nakh1245,,lbe,,,False,lakk1252,nakh1245/dagh1238,"['nakh1245', 'dagh1238']",nakh1245,dagh1238,Nakh-Daghestanian,family,Daghestanian,family,Cyrl
540,tir,http://www.wikidata.org/entity/Q34124,Tigrinya,152000,,tigr1271,Tigrinya,Africa,15.3359,38.9266,tigr1271,tir,language,DJ;ER;ET;SD,afro1255,,tir,,,False,tigr1271,afro1255/semi1276/west2786/ethi1244,"['afro1255', 'semi1276', 'west2786', 'ethi1244']",afro1255,semi1276,Afro-Asiatic,family,Semitic,family,
541,mjg,http://www.wikidata.org/entity/Q34214,Monguor,152000,,huzh1238,Mongghul,Eurasia,36.84174,101.95904,huzh1238,mjg,language,CN,mong1349,,mjg,,,False,huzh1238,mong1349/mong1329/sout2705/shir1260/tuuu1240,"['mong1349', 'mong1329', 'sout2705', 'shir1260', 'tuuu1240']",mong1349,mong1329,Mongolic-Khitan,family,Mongolic,family,Latn
542,cos,http://www.wikidata.org/entity/Q33111,Corsican,151000,,cors1241,Corsican,Eurasia,41.7,9.25537,cors1241,cos,language,FR;IT,indo1319,,cos,,,False,cors1241,indo1319/clas1257/ital1284/lati1262/lati1263/impe1234/roma1334/ital1285/ital1286/ital1287/cent2427/cors1242,"['indo1319', 'clas1257', 'ital1284', 'lati1262', 'lati1263', 'impe1234', 'roma1334', 'ital1285', 'ital1286', 'ital1287', 'cent2427', 'cors1242']",indo1319,clas1257,Indo-European,family,Classical Indo-European,family,
543,ngu,http://www.wikidata.org/entity/Q5614980,Guerrero Nahuatl,150000,,guer1241,Central Guerrero Nahuatl,North America,17.8583,-99.0023,guer1241,ngu,language,MX,utoa1244,,ngu,,,False,guer1241,utoa1244/sout3136/cora1261/azte1234/west2809/cent2258,"['utoa1244', 'sout3136', 'cora1261', 'azte1234', 'west2809', 'cent2258']",utoa1244,sout3136,Uto-Aztecan,family,Southern Uto-Aztecan,family,Latn
544,hus,http://www.wikidata.org/entity/Q35573,Teenek,150000,,huas1242,Huastec,North America,21.6153,-98.5028,huas1242,hus,language,MX,maya1287,,hus,,,False,huas1242,maya1287/huas1241,"['maya1287', 'huas1241']",maya1287,huas1241,Mayan,family,Huastecan Mayan,family,Latn
545,mki,http://www.wikidata.org/entity/Q32480,Dhatki,150000,,dhat1238,Dhatki,Eurasia,26.4156,70.7826,dhat1238,mki,language,IN;PK,indo1319,,mki,,,False,dhat1238,indo1319/clas1257/indo1320/indo1321/midd1375/cont1248/midl1245/apab1234/guja1255/raja1256/west2831/indu1243,"['indo1319', 'clas1257', 'indo1320', 'indo1321', 'midd1375', 'cont1248', 'midl1245', 'apab1234', 'guja1255', 'raja1256', 'west2831', 'indu1243']",indo1319,clas1257,Indo-European,family,Classical Indo-European,family,Arab
546,mzb,http://www.wikidata.org/entity/Q36149,Mozabite,150000,,tumz1238,Tumzabt,Africa,32.5014,3.85035,tumz1238,mzb,language,DZ,afro1255,,mzb,,,False,tumz1238,afro1255/berb1260/grea1296/zena1250/moza1250,"['afro1255', 'berb1260', 'grea1296', 'zena1250', 'moza1250']",afro1255,berb1260,Afro-Asiatic,family,Berber,family,Arab
547,rmc,http://www.wikidata.org/entity/Q5045611,Carpathian Romani,150000,,carp1235,Central Romani,Eurasia,48.1968,20.3129,carp1235,rmc,language,AL;AT;BA;BG;BY;CH;CZ;DE;FI;FR;GB;GR;HR;HU;IT;LT;LV;ME;MK;NL;PL;RO;RS;RU;SI;SK;TR;UA,indo1319,,rmc,,,False,carp1235,indo1319/clas1257/indo1320/indo1321/midd1375/cont1248/midl1245/shau1239/indo1322/roma1329,"['indo1319', 'clas1257', 'indo1320', 'indo1321', 'midd1375', 'cont1248', 'midl1245', 'shau1239', 'indo1322', 'roma1329']",indo1319,clas1257,Indo-European,family,Classical Indo-European,family,Latn
548,bno,http://www.wikidata.org/entity/Q29490,Bantoanon,150000,,bant1288,Bantoanon,Papunesia,12.5194,122.034,bant1288,bno,language,PH,aust1307,,bno,,,False,bant1288,aust1307/mala1545/grea1284/cent2246/bisa1268,"['aust1307', 'mala1545', 'grea1284', 'cent2246', 'bisa1268']",aust1307,mala1545,Austronesian,family,Malayo-Polynesian,family,Latn
549,mhy,http://www.wikidata.org/entity/Q2328761,Ma'anyan,150000,,maan1238,Ma'anyan,Papunesia,-2.1239,115.092,maan1238,mhy,language,ID,aust1307,,mhy,,,False,maan1238,aust1307/mala1545/basa1291/grea1283/sout2919/maan1240,"['aust1307', 'mala1545', 'basa1291', 'grea1283', 'sout2919', 'maan1240']",aust1307,mala1545,Austronesian,family,Malayo-Polynesian,family,Latn
550,aig,http://www.wikidata.org/entity/Q3244184,Antiguan and Barbudan Creole,150000,,anti1245,Antigua and Barbuda Creole English,North America,17.068263,-61.821863,anti1245,aig,language,AG;AI;DM;GB;KN;MS,indo1319,,aig,,,False,anti1245,indo1319/clas1257/germ1287/nort3152/west2793/nort3175/angl1264/angl1265/late1254/merc1242/macr1271/guin1259/cari1284/east2759/gull1242,"['indo1319', 'clas1257', 'germ1287', 'nort3152', 'west2793', 'nort3175', 'angl1264', 'angl1265', 'late1254', 'merc1242', 'macr1271', 'guin1259', 'cari1284', 'east2759', 'gull1242']",indo1319,clas1257,Indo-European,family,Classical Indo-European,family,Latn
551,esg,http://www.wikidata.org/entity/Q62997793,Aheri Gondi,150000,,aher1237,Aheri Gondi,Eurasia,19.4163,80.0058,aher1237,esg,language,IN,drav1251,,esg,,,False,aher1237,drav1251/sout3133/sout3139/gond1265/nort3258/sout3367/sout2711/east2880,"['drav1251', 'sout3133', 'sout3139', 'gond1265', 'nort3258', 'sout3367', 'sout2711', 'east2880']",drav1251,sout3133,Dravidian,family,South Dravidian,family,Gonm
552,gag,http://www.wikidata.org/entity/Q33457,Gagauz,148720,,gaga1249,Gagauz,Eurasia,44.59876,28.02769,gaga1249,gag,language,BG;GR;MD;MK;RO;UA,turk1311,,gag,,,False,gaga1249,turk1311/comm1245/oghu1243/nucl1769/west2406,"['turk1311', 'comm1245', 'oghu1243', 'nucl1769', 'west2406']",turk1311,comm1245,Turkic,family,Common Turkic,family,Latn
553,pdc,http://www.wikidata.org/entity/Q22711,Pennsylvania German,148000,,penn1240,Pennsylvania German,North America,40.030507,-76.3211,penn1240,pdc,language,CA;US,indo1319,,pdc,,,False,penn1240,indo1319/clas1257/germ1287/nort3152/west2793/high1289/fran1268/high1287/rhin1244/pala1355,"['indo1319', 'clas1257', 'germ1287', 'nort3152', 'west2793', 'high1289', 'fran1268', 'high1287', 'rhin1244', 'pala1355']",indo1319,clas1257,Indo-European,family,Classical Indo-European,family,Latn
554,mve,http://www.wikidata.org/entity/Q67093214,Marwari,146000,,marw1256,Marwari (Pakistan),Eurasia,28.3242,71.5671,marw1256,mve,language,IN;PK,indo1319,,mve,,,False,marw1256,indo1319/clas1257/indo1320/indo1321/midd1375/cont1248/midl1245/apab1234/guja1255/raja1256/west2831/indu1243,"['indo1319', 'clas1257', 'indo1320', 'indo1321', 'midd1375', 'cont1248', 'midl1245', 'apab1234', 'guja1255', 'raja1256', 'west2831', 'indu1243']",indo1319,clas1257,Indo-European,family,Classical Indo-European,family,Arab
555,nka,http://www.wikidata.org/entity/Q7042633,Nkoya,146000,,nkoy1244,Nkoya,Africa,-14.8513,24.7649,nkoy1244,nka,language,ZM,atla1278,,nka,,,False,nkoy1244,atla1278/volt1241/benu1247/bant1294/sout3152/narr1281/cent2260/luba1253,"['atla1278', 'volt1241', 'benu1247', 'bant1294', 'sout3152', 'narr1281', 'cent2260', 'luba1253']",atla1278,volt1241,Atlantic-Congo,family,Volta-Congo,family,Latn
556,gle,http://www.wikidata.org/entity/Q9142,Irish,141000,,iris1253,Irish,Eurasia,53.2186,-7.61509,iris1253,gle,language,GB;IE,indo1319,,gle,,,False,iris1253,indo1319/clas1257/celt1248/nucl1715/tgbc1234/insu1254/goid1240/mode1265,"['indo1319', 'clas1257', 'celt1248', 'nucl1715', 'tgbc1234', 'insu1254', 'goid1240', 'mode1265']",indo1319,clas1257,Indo-European,family,Classical Indo-European,family,
557,pua,http://www.wikidata.org/entity/Q16114351,Western Highland Purepecha,140000,,west2631,Western Highland Purepecha,North America,19.5392,-102.154,west2631,pua,language,MX;US,tara1323,,pua,,,False,west2631,tara1323,['tara1323'],tara1323,,Tarascan,family,,,Latn
559,anu,http://www.wikidata.org/entity/Q56677,Anuak,140000,,anua1242,Anuak,Africa,7.57714,34.0267,anua1242,anu,language,ET;SS,nilo1247,,anu,,,False,anua1242,nilo1247/west2493/lwoo1234/nort2814,"['nilo1247', 'west2493', 'lwoo1234', 'nort2814']",nilo1247,west2493,Nilotic,family,Western Nilotic,family,Ethi
560,jbn,http://www.wikidata.org/entity/Q36151,Nafusi,140000,,nafu1238,Nafusi,Africa,31.93488,11.78231,nafu1238,jbn,language,LY;TN,afro1255,,jbn,,,False,nafu1238,afro1255/berb1260,"['afro1255', 'berb1260']",afro1255,berb1260,Afro-Asiatic,family,Berber,family,Arab
561,pmf,http://www.wikidata.org/entity/Q3513320,Pamona,137000,,pamo1252,Pamona,Papunesia,-1.62663,121.268,pamo1252,pmf,language,ID,aust1307,,pmf,,,False,pamo1252,aust1307/mala1545/cele1242/kail1255/nort2898/pamo1251,"['aust1307', 'mala1545', 'cele1242', 'kail1255', 'nort2898', 'pamo1251']",aust1307,mala1545,Austronesian,family,Malayo-Polynesian,family,Latn
562,mrr,http://www.wikidata.org/entity/Q27602,Maria,134000,,mari1414,Maria (India),Eurasia,19.7875,79.9144,mari1414,mrr,language,IN,drav1251,,mrr,,,False,mari1414,drav1251/sout3133/sout3139/gond1265/sout3234,"['drav1251', 'sout3133', 'sout3139', 'gond1265', 'sout3234']",drav1251,sout3133,Dravidian,family,South Dravidian,family,Deva
563,bfq,http://www.wikidata.org/entity/Q33205,Badaga,134000,,bada1257,Badaga,Eurasia,11.3094,76.5974,bada1257,bfq,language,IN,drav1251,,bfq,,,False,bada1257,drav1251/sout3133/sout3138/tami1291/bada1263,"['drav1251', 'sout3133', 'sout3138', 'tami1291', 'bada1263']",drav1251,sout3133,Dravidian,family,South Dravidian,family,Taml
564,ngp,http://www.wikidata.org/entity/Q7193332,Ngulu,132000,,ngul1246,Ngulu,Africa,-5.79734,37.6823,ngul1246,ngp,language,TZ,atla1278,,ngp,,,False,ngul1246,atla1278/volt1241/benu1247/bant1294/sout3152/narr1281/east2731/nort3203/nort3209/ruvu1235/west2846/seut1234/zigu1243,"['atla1278', 'volt1241', 'benu1247', 'bant1294', 'sout3152', 'narr1281', 'east2731', 'nort3203', 'nort3209', 'ruvu1235', 'west2846', 'seut1234', 'zigu1243']",atla1278,volt1241,Atlantic-Congo,family,Volta-Congo,family,Latn
565,pof,http://www.wikidata.org/entity/Q7208577,Poke,130000,,poke1238,Poke,Africa,0.73538,23.8972,poke1238,pof,language,CD,atla1278,,pof,,,False,poke1238,atla1278/volt1241/benu1247/bant1294/sout3152/narr1281/cent2260/nort3376/inne1246/kele1261/kele1263/sopo1239,"['atla1278', 'volt1241', 'benu1247', 'bant1294', 'sout3152', 'narr1281', 'cent2260', 'nort3376', 'inne1246', 'kele1261', 'kele1263', 'sopo1239']",atla1278,volt1241,Atlantic-Congo,family,Volta-Congo,family,Latn
566,tan,http://www.wikidata.org/entity/Q529921,Tangale,130000,,nucl1696,Tangale,Africa,9.75444,11.3228,nucl1696,tan,language,NG,afro1255,,tan,,,False,nucl1696,afro1255/chad1250/west2785/west2714/west2799/west2715/tang1366/tang1367/tang1378,"['afro1255', 'chad1250', 'west2785', 'west2714', 'west2799', 'west2715', 'tang1366', 'tang1367', 'tang1378']",afro1255,chad1250,Afro-Asiatic,family,Chadic,family,Latn
567,mgm,http://www.wikidata.org/entity/Q35774,Mambai,130000,,mamb1306,Mambae,Papunesia,-9.19552,125.475,mamb1306,mgm,language,TL,aust1307,,mgm,,,False,mamb1306,aust1307/mala1545/west2945,"['aust1307', 'mala1545', 'west2945']",aust1307,mala1545,Austronesian,family,Malayo-Polynesian,family,Latn
568,cnh,http://www.wikidata.org/entity/Q3250286,Hakha–Chin,125000,,haka1240,Haka Chin,Eurasia,22.8735,92.8208,haka1240,cnh,language,BD;IN;MM,sino1245,,cnh,,,False,haka1240,sino1245/kuki1245/kuki1246/cent2330/cent2005/laic1236,"['sino1245', 'kuki1245', 'kuki1246', 'cent2330', 'cent2005', 'laic1236']",sino1245,kuki1245,Sino-Tibetan,family,Kuki-Chin-Naga,family,Latn
569,tpi,http://www.wikidata.org/entity/Q34159,Tok Pisin,122000,,tokp1240,Tok Pisin,Papunesia,-9.41971,147.303,tokp1240,tpi,language,PG,indo1319,,tpi,,,False,tokp1240,indo1319/clas1257/germ1287/nort3152/west2793/nort3175/angl1264/angl1265/late1254/merc1242/macr1271/paci1280/earl1243,"['indo1319', 'clas1257', 'germ1287', 'nort3152', 'west2793', 'nort3175', 'angl1264', 'angl1265', 'late1254', 'merc1242', 'macr1271', 'paci1280', 'earl1243']",indo1319,clas1257,Indo-European,family,Classical Indo-European,family,Latn
570,kus,http://www.wikidata.org/entity/Q35708,Kusaal,121000,,kusa1250,Kusaal,Africa,10.9703,-0.38756,kusa1250,kus,language,BF;GH;TG,atla1278,,kus,,,False,kusa1250,atla1278/volt1241/nort3149/gura1261/cent2243/nort2777/bwam1248/otiv1239/nucl1743/gurm1247/west2461/nucl1748/sout3205,"['atla1278', 'volt1241', 'nort3149', 'gura1261', 'cent2243', 'nort2777', 'bwam1248', 'otiv1239', 'nucl1743', 'gurm1247', 'west2461', 'nucl1748', 'sout3205']",atla1278,volt1241,Atlantic-Congo,family,Volta-Congo,family,Latn
571,rsl,http://www.wikidata.org/entity/Q13210,Russian Sign Language,120000,,russ1255,Russian-Tajik Sign Language,Eurasia,56.0,44.0,russ1255,rsl,language,BG;RU,sign1238,,rsl,,,False,russ1255,sign1238/deaf1237/russ1270/nucl1824/cent2419,"['sign1238', 'deaf1237', 'russ1270', 'nucl1824', 'cent2419']",sign1238,deaf1237,Sign Language,family,L1 Sign Language,family,
572,hmo,http://www.wikidata.org/entity/Q33617,Hiri Motu,120000,,hiri1237,Hiri Motu,Papunesia,-9.33333,147.083,hiri1237,hmo,language,PG,pidg1258,,hmo,,,False,hiri1237,pidg1258/motu1248,"['pidg1258', 'motu1248']",pidg1258,motu1248,Pidgin,family,Motu-based pidgin,family,
573,cyo,http://www.wikidata.org/entity/Q33153,Cuyonon,120000,,cuyo1237,Cuyonon,Papunesia,10.3201,119.3,cuyo1237,cyo,language,PH,aust1307,,cyo,,,False,cuyo1237,aust1307/mala1545/grea1284/cent2246/bisa1268/west2820/kuya1251,"['aust1307', 'mala1545', 'grea1284', 'cent2246', 'bisa1268', 'west2820', 'kuya1251']",aust1307,mala1545,Austronesian,family,Malayo-Polynesian,family,Latn
574,kkh,http://www.wikidata.org/entity/Q3545044,Khün,120000,,khun1259,Khün,Eurasia,19.6062,99.3363,khun1259,kkh,language,LA;MM;TH,taik1256,,kkh,,,False,khun1259,taik1256/kamt1241/daic1238/daic1237/cent2251/wenm1239/sapa1255/sout3184/sout2743/shan1276/sout2744/yuan1245,"['taik1256', 'kamt1241', 'daic1238', 'daic1237', 'cent2251', 'wenm1239', 'sapa1255', 'sout3184', 'sout2743', 'shan1276', 'sout2744', 'yuan1245']",taik1256,kamt1241,Tai-Kadai,family,Kam-Tai,family,Lana
575,bpy,http://www.wikidata.org/entity/Q37059,Bishnupriya Manipuri,117500,,bish1244,Bishnupriya Manipuri,Eurasia,24.4578,92.0157,bish1244,bpy,language,BD;IN;MM,indo1319,,bpy,,,False,bish1244,indo1319/clas1257/indo1320/indo1321/midd1375/cont1248/indo1323/oriy1254/gaud1237/gaud1238,"['indo1319', 'clas1257', 'indo1320', 'indo1321', 'midd1375', 'cont1248', 'indo1323', 'oriy1254', 'gaud1237', 'gaud1238']",indo1319,clas1257,Indo-European,family,Classical Indo-European,family,Beng
576,ady,http://www.wikidata.org/entity/Q27776,Adyghe,117500,,adyg1241,West Circassian,Eurasia,44.0,39.33,adyg1241,ady,language,IL;JO;RU;SY;TR,abkh1242,,ady,,,False,adyg1241,abkh1242/circ1239,"['abkh1242', 'circ1239']",abkh1242,circ1239,Abkhaz-Adyge,family,Circassian,family,Cyrl
577,etu,http://www.wikidata.org/entity/Q35296,Ekoi,116700,,ejag1239,Ejagham,Africa,5.54442,8.90959,ejag1239,etu,language,CM;NG,atla1278,,etu,,,False,ejag1239,atla1278/volt1241/benu1247/bant1294/sout3152/ekoi1237/ekoi1236/ejag1240,"['atla1278', 'volt1241', 'benu1247', 'bant1294', 'sout3152', 'ekoi1237', 'ekoi1236', 'ejag1240']",atla1278,volt1241,Atlantic-Congo,family,Volta-Congo,family,Latn
578,gil,http://www.wikidata.org/entity/Q30898,Gilbertese,116280,,gilb1244,Gilbertese,Papunesia,0.179,173.64,gilb1244,gil,language,FJ;KI;SB;TV,aust1307,,gil,,,False,gilb1244,aust1307/mala1545/east2712/ocea1241/micr1243/cent2276,"['aust1307', 'mala1545', 'east2712', 'ocea1241', 'micr1243', 'cent2276']",aust1307,mala1545,Austronesian,family,Malayo-Polynesian,family,Latn
579,qul,http://www.wikidata.org/entity/Q3409819,North Bolivian Quechua,116000,,nort2976,North Bolivian Quechua,South America,-14.4014,-68.7894,nort2976,qul,language,BO;PE,quec1387,,qul,,,False,nort2976,quec1387/quec1389/boli1262,"['quec1387', 'quec1389', 'boli1262']",quec1387,quec1389,Quechuan,family,Southern Quechua,family,Latn
580,rup,http://www.wikidata.org/entity/Q29316,Aromanian,112960,,arom1237,Aromanian,Eurasia,40.616,21.2,arom1237,rup,language,AL;BA;BG;GR;MK;RO;RS,indo1319,,rup,,,False,arom1237,indo1319/clas1257/ital1284/lati1262/lati1263/impe1234/roma1334/east2714,"['indo1319', 'clas1257', 'ital1284', 'lati1262', 'lati1263', 'impe1234', 'roma1334', 'east2714']",indo1319,clas1257,Indo-European,family,Classical Indo-European,family,Latn
581,thv,http://www.wikidata.org/entity/Q56703,Tamahaq,112900,,taha1241,Tahaggart Tamahaq,Africa,22.5908,8.73169,taha1241,thv,language,DZ;LY;ML;NE;NG,afro1255,,thv,,,False,taha1241,afro1255/berb1260/tuar1240,"['afro1255', 'berb1260', 'tuar1240']",afro1255,berb1260,Afro-Asiatic,family,Berber,family,Latn
582,yky,http://www.wikidata.org/entity/Q3571364,Yakoma,110000,,yako1252,Yakoma,Africa,4.1651,22.1702,yako1252,yky,language,CD;CF,atla1278,,yky,,,False,yako1252,atla1278/volt1241/nort3149/came1255/uban1244/ngba1290/ngba1280/nucl1737,"['atla1278', 'volt1241', 'nort3149', 'came1255', 'uban1244', 'ngba1290', 'ngba1280', 'nucl1737']",atla1278,volt1241,Atlantic-Congo,family,Volta-Congo,family,Latn
583,kkv,http://www.wikidata.org/entity/Q2071325,Kangeanic,110000,,kang1289,Kangean,Papunesia,-7.98335,112.968,kang1289,kkv,language,ID,aust1307,,kkv,,,False,kang1289,aust1307/mala1545/madu1247,"['aust1307', 'mala1545', 'madu1247']",aust1307,mala1545,Austronesian,family,Malayo-Polynesian,family,Latn
584,bzj,http://www.wikidata.org/entity/Q1363055,Belizean Creole,110000,,beli1260,Belize Kriol English,North America,17.3941,-88.6281,beli1260,bzj,language,BZ;US,indo1319,,bzj,,,False,beli1260,indo1319/clas1257/germ1287/nort3152/west2793/nort3175/angl1264/angl1265/late1254/merc1242/macr1271/guin1259/cari1284/west2854/misk1243/beli1261,"['indo1319', 'clas1257', 'germ1287', 'nort3152', 'west2793', 'nort3175', 'angl1264', 'angl1265', 'late1254', 'merc1242', 'macr1271', 'guin1259', 'cari1284', 'west2854', 'misk1243', 'beli1261']",indo1319,clas1257,Indo-European,family,Classical Indo-European,family,Latn
585,yka,http://www.wikidata.org/entity/Q3571351,Yakan,110000,,yaka1277,Yakan,Papunesia,6.531023,122.021729,yaka1277,yka,language,PH,aust1307,,yka,,,False,yaka1277,aust1307/mala1545/basa1291/grea1283/sama1302,"['aust1307', 'mala1545', 'basa1291', 'grea1283', 'sama1302']",aust1307,mala1545,Austronesian,family,Malayo-Polynesian,family,Latn
586,ibl,http://www.wikidata.org/entity/Q3147383,Ibaloi,110000,,ibal1244,Ibaloi,Papunesia,16.4263,120.695,ibal1244,ibl,language,PH,aust1307,,ibl,,,False,ibal1244,aust1307/mala1545/nort3238/meso1254/sout3211/sout2907/west2550/nucl1542,"['aust1307', 'mala1545', 'nort3238', 'meso1254', 'sout3211', 'sout2907', 'west2550', 'nucl1542']",aust1307,mala1545,Austronesian,family,Malayo-Polynesian,family,Latn
587,csb,http://www.wikidata.org/entity/Q33690,Kashubian,108000,,kash1274,Kashubian,Eurasia,54.2996,18.6163,kash1274,csb,language,PL,indo1319,,csb,,,False,kash1274,indo1319/clas1257/balt1263/slav1255/west2792/lech1241,"['indo1319', 'clas1257', 'balt1263', 'slav1255', 'west2792', 'lech1241']",indo1319,clas1257,Indo-European,family,Classical Indo-European,family,Latn
588,bre,http://www.wikidata.org/entity/Q12107,Breton,107000,,bret1244,Breton,Eurasia,48.2452,-3.78934,bret1244,bre,language,FR,indo1319,,bre,,,False,bret1244,indo1319/clas1257/celt1248/nucl1715/tgbc1234/insu1254/bryt1239/sout3176/midd1379/bret1245,"['indo1319', 'clas1257', 'celt1248', 'nucl1715', 'tgbc1234', 'insu1254', 'bryt1239', 'sout3176', 'midd1379', 'bret1245']",indo1319,clas1257,Indo-European,family,Classical Indo-European,family,
589,jdt,http://www.wikidata.org/entity/Q56495,Judeo-Tat,106000,,jude1256,Judeo-Tat,Eurasia,42.068306,48.264749,jude1256,jdt,language,AZ;IL;RU,indo1319,,jdt,,,False,jude1256,indo1319/clas1257/indo1320/iran1271/iran1269/sout3157/midd1352/mode1259/fars1254/cauc1242,"['indo1319', 'clas1257', 'indo1320', 'iran1271', 'iran1269', 'sout3157', 'midd1352', 'mode1259', 'fars1254', 'cauc1242']",indo1319,clas1257,Indo-European,family,Classical Indo-European,family,Cyrl
590,nbw,http://www.wikidata.org/entity/Q17522635,Southern Ngbandi,105000,,sout2784,Southern Ngbandi,Africa,2.5414,19.5939,sout2784,nbw,language,CD,atla1278,,nbw,,,False,sout2784,atla1278/volt1241/nort3149/came1255/uban1244/ngba1290/ngba1280/nucl1737,"['atla1278', 'volt1241', 'nort3149', 'came1255', 'uban1244', 'ngba1290', 'ngba1280', 'nucl1737']",atla1278,volt1241,Atlantic-Congo,family,Volta-Congo,family,Latn
591,ljl,http://www.wikidata.org/entity/Q2697010,Lio,105000,,lioo1240,Li'o,Papunesia,-8.68615,121.832,lioo1240,ljl,language,ID,aust1307,,ljl,,,False,lioo1240,aust1307/mala1545/bima1248/flor1244/flor1241/ngad1265/ngad1266/ende1245/ende1247,"['aust1307', 'mala1545', 'bima1248', 'flor1244', 'flor1241', 'ngad1265', 'ngad1266', 'ende1245', 'ende1247']",aust1307,mala1545,Austronesian,family,Malayo-Polynesian,family,Latn
592,sty,http://www.wikidata.org/entity/Q4418344,Siberian Tatar,101000,,sibe1250,Siberian Tatar,Eurasia,57.4921,72.5642,sibe1250,sty,language,RU,turk1311,,sty,,,False,sibe1250,turk1311/comm1245/kipc1240/kipc1239/nort3424/nort2696,"['turk1311', 'comm1245', 'kipc1240', 'kipc1239', 'nort3424', 'nort2696']",turk1311,comm1245,Turkic,family,Common Turkic,family,Cyrl
593,nto,http://www.wikidata.org/entity/Q11130292,Ntomba,100000,,ntom1248,Ntomba,Africa,-1.99062,18.265,ntom1248,nto,language,CD,atla1278,,nto,,,False,ntom1248,atla1278/volt1241/benu1247/bant1294/sout3152/narr1281/cent2260/nort3376/inne1246/vieu1234/mong1351/boli1263,"['atla1278', 'volt1241', 'benu1247', 'bant1294', 'sout3152', 'narr1281', 'cent2260', 'nort3376', 'inne1246', 'vieu1234', 'mong1351', 'boli1263']",atla1278,volt1241,Atlantic-Congo,family,Volta-Congo,family,Latn
594,adj,http://www.wikidata.org/entity/Q34738,Adjukru,100000,,adio1239,Adioukrou,Africa,5.38228,-4.52522,adio1239,adj,language,CI,atla1278,,adj,,,False,adio1239,atla1278/volt1241/kwav1236/nyoa1234/agne1238,"['atla1278', 'volt1241', 'kwav1236', 'nyoa1234', 'agne1238']",atla1278,volt1241,Atlantic-Congo,family,Volta-Congo,family,Latn
595,tjl,http://www.wikidata.org/entity/Q7675773,Tai Laing,100000,,tail1248,Tai Laing,Eurasia,24.9041,95.0772,tail1248,tjl,language,MM,taik1256,,tjl,,,False,tail1248,taik1256/kamt1241/daic1238/daic1237/cent2251/wenm1239/sapa1255/sout3184/sout2743/shan1276/assa1264/moga1251,"['taik1256', 'kamt1241', 'daic1238', 'daic1237', 'cent2251', 'wenm1239', 'sapa1255', 'sout3184', 'sout2743', 'shan1276', 'assa1264', 'moga1251']",taik1256,kamt1241,Tai-Kadai,family,Kam-Tai,family,Mymr
596,sdc,http://www.wikidata.org/entity/Q845441,Sassarese,100000,,sass1235,Sassarese Sardinian,Eurasia,40.748,8.39332,sass1235,sdc,language,IT,indo1319,,sdc,,,False,sass1235,indo1319/clas1257/ital1284/lati1262/lati1263/impe1234/roma1334/ital1285/ital1286/ital1287/cent2427/cors1242,"['indo1319', 'clas1257', 'ital1284', 'lati1262', 'lati1263', 'impe1234', 'roma1334', 'ital1285', 'ital1286', 'ital1287', 'cent2427', 'cors1242']",indo1319,clas1257,Indo-European,family,Classical Indo-European,family,Latn
597,niy,http://www.wikidata.org/entity/Q7022396,Ngiti,100000,,ngit1239,Ngiti,Africa,1.30455,30.2242,ngit1239,niy,language,CD;UG,cent2225,,niy,,,False,ngit1239,cent2225/lend1246,"['cent2225', 'lend1246']",cent2225,lend1246,Central Sudanic,family,Lenduic,family,Latn
598,ast,http://www.wikidata.org/entity/Q29507,Asturian,100000,,astu1245,Asturian-Leonese-Cantabrian,Eurasia,42.4181,-6.02227,astu1245,ast,language,ES;PT,indo1319,,ast,,,False,astu1245,indo1319/clas1257/ital1284/lati1262/lati1263/impe1234/roma1334/ital1285/west2813/shif1234/sout3183/west2838/astu1244,"['indo1319', 'clas1257', 'ital1284', 'lati1262', 'lati1263', 'impe1234', 'roma1334', 'ital1285', 'west2813', 'shif1234', 'sout3183', 'west2838', 'astu1244']",indo1319,clas1257,Indo-European,family,Classical Indo-European,family,Latn
599,sdn,http://www.wikidata.org/entity/Q612220,Gallurese,100000,,gall1276,Gallurese Sardinian,Eurasia,41.1131,9.24279,gall1276,sdn,language,IT,indo1319,,sdn,,,False,gall1276,indo1319/clas1257/ital1284/lati1262/lati1263/impe1234/roma1334/ital1285/ital1286/ital1287/cent2427/cors1242,"['indo1319', 'clas1257', 'ital1284', 'lati1262', 'lati1263', 'impe1234', 'roma1334', 'ital1285', 'ital1286', 'ital1287', 'cent2427', 'cors1242']",indo1319,clas1257,Indo-European,family,Classical Indo-European,family,Latn
600,wmw,http://www.wikidata.org/entity/Q3042206,Mwani,100000,,mwan1247,Mwani,Africa,-12.5821,40.4601,mwan1247,wmw,language,MZ,atla1278,,wmw,,,False,mwan1247,atla1278/volt1241/benu1247/bant1294/sout3152/narr1281/east2731/nort3203/nort3209/coas1317/saba1282,"['atla1278', 'volt1241', 'benu1247', 'bant1294', 'sout3152', 'narr1281', 'east2731', 'nort3203', 'nort3209', 'coas1317', 'saba1282']",atla1278,volt1241,Atlantic-Congo,family,Volta-Congo,family,Latn
601,aae,http://www.wikidata.org/entity/Q1075302,Arbëresh,100000,,arbe1236,Arbëreshë Albanian,Eurasia,38.911,16.7164,arbe1236,aae,language,IT,indo1319,,aae,,,False,arbe1236,indo1319/clas1257/alba1267/alba1268/sout3378,"['indo1319', 'clas1257', 'alba1267', 'alba1268', 'sout3378']",indo1319,clas1257,Indo-European,family,Classical Indo-European,family,Latn
602,dsq,http://www.wikidata.org/entity/Q36568,Tadaksahak,100000,,tada1238,Tadaksahak,Africa,16.685,2.32653,tada1238,dsq,language,DZ;ML,song1307,,dsq,,,False,tada1238,song1307/nort2822/nort2823,"['song1307', 'nort2822', 'nort2823']",song1307,nort2822,Songhay,family,Northwest Songhay,family,Latn
603,ked,http://www.wikidata.org/entity/Q6393846,Kerewe,100000,,kere1283,Kerewe,Africa,-2.09315,33.5326,kere1283,ked,language,TZ,atla1278,,ked,,,False,kere1283,atla1278/volt1241/benu1247/bant1294/sout3152/narr1281/east2731/nort3203/grea1289/west2841/ruta1242,"['atla1278', 'volt1241', 'benu1247', 'bant1294', 'sout3152', 'narr1281', 'east2731', 'nort3203', 'grea1289', 'west2841', 'ruta1242']",atla1278,volt1241,Atlantic-Congo,family,Volta-Congo,family,Latn
604,fay,http://www.wikidata.org/entity/Q5228140,Kuhmareyi,100000,,sout2645,Fars Dialects,Eurasia,29.746,52.267,sout2645,fay,language,IR,indo1319,,fay,,,False,sout2645,indo1319/clas1257/indo1320/iran1271/iran1269/sout3157/midd1352/mode1259,"['indo1319', 'clas1257', 'indo1320', 'iran1271', 'iran1269', 'sout3157', 'midd1352', 'mode1259']",indo1319,clas1257,Indo-European,family,Classical Indo-European,family,Arab
605,fng,http://www.wikidata.org/entity/Q35727,Fanagalo,100000,,fana1235,Fanagalo,Africa,-25.384842,27.1400833333,fana1235,fng,language,CD;NA;ZA;ZM;ZW,pidg1258,,fng,,,False,fana1235,pidg1258/zulu1250,"['pidg1258', 'zulu1250']",pidg1258,zulu1250,Pidgin,family,Zulu-based pidgin,family,Latn
606,lrl,http://www.wikidata.org/entity/Q4699526,Achomi,100000,,lari1253,Larestani,Eurasia,27.6436,54.63449,lari1253,lrl,language,IR,indo1319,,lrl,,,False,lari1253,indo1319/clas1257/indo1320/iran1271/iran1269/sout3157/midd1352/mode1259,"['indo1319', 'clas1257', 'indo1320', 'iran1271', 'iran1269', 'sout3157', 'midd1352', 'mode1259']",indo1319,clas1257,Indo-European,family,Classical Indo-European,family,Arab
607,adr,http://www.wikidata.org/entity/Q4684505,Adonara,98000,,adon1237,Adonara,Papunesia,-8.32027,123.159,adon1237,adr,language,ID,aust1307,,adr,,,False,adon1237,aust1307/mala1545/bima1248/flor1244/flor1239/lama1293/nort3216,"['aust1307', 'mala1545', 'bima1248', 'flor1244', 'flor1239', 'lama1293', 'nort3216']",aust1307,mala1545,Austronesian,family,Malayo-Polynesian,family,Latn
608,cwe,http://www.wikidata.org/entity/Q779632,Kwere,98000,,kwer1261,Kwere,Africa,-6.50666,38.4449,kwer1261,cwe,language,TZ,atla1278,,cwe,,,False,kwer1261,atla1278/volt1241/benu1247/bant1294/sout3152/narr1281/east2731/nort3203/nort3209/ruvu1235/east2756/cent2287,"['atla1278', 'volt1241', 'benu1247', 'bant1294', 'sout3152', 'narr1281', 'east2731', 'nort3203', 'nort3209', 'ruvu1235', 'east2756', 'cent2287']",atla1278,volt1241,Atlantic-Congo,family,Volta-Congo,family,Latn
609,dta,http://www.wikidata.org/entity/Q32430,Daur,96085,,daur1238,Dagur,Eurasia,48.0,124.0,daur1238,dta,language,CN;KZ;MN,mong1349,,dta,,,False,daur1238,mong1349/mong1329,"['mong1349', 'mong1329']",mong1349,mong1329,Mongolic-Khitan,family,Mongolic,family,Latn
610,pwn,http://www.wikidata.org/entity/Q715755,Paiwan,96000,,paiw1248,Paiwan,Papunesia,22.3271,120.806,paiw1248,pwn,language,CN,aust1307,,pwn,,,False,paiw1248,aust1307,['aust1307'],aust1307,,Austronesian,family,,,Latn
611,auh,http://www.wikidata.org/entity/Q2872082,Aushi,95200,,aush1241,Aushi,Africa,-11.6295,29.0168,aush1241,auh,language,CD;ZM,atla1278,,auh,,,False,aush1241,atla1278/volt1241/benu1247/bant1294/sout3152/narr1281/east2731/sabi1248/malu1252/cent2321/bemb1256,"['atla1278', 'volt1241', 'benu1247', 'bant1294', 'sout3152', 'narr1281', 'east2731', 'sabi1248', 'malu1252', 'cent2321', 'bemb1256']",atla1278,volt1241,Atlantic-Congo,family,Volta-Congo,family,Latn
612,tbl,http://www.wikidata.org/entity/Q7690594,Tboli,95000,,tbol1240,Tboli,Papunesia,6.20377,124.538,tbol1240,tbl,language,PH,aust1307,,tbl,,,False,tbol1240,aust1307/mala1545/bili1253/tbol1241,"['aust1307', 'mala1545', 'bili1253', 'tbol1241']",aust1307,mala1545,Austronesian,family,Malayo-Polynesian,family,Latn
613,mdy,http://www.wikidata.org/entity/Q795327,Maale,94700,,male1284,Male (Ethiopia),Africa,5.91975,36.9892,male1284,mdy,language,ET,gong1255,,mdy,,,False,male1284,gong1255/omet1238/nort3161,"['gong1255', 'omet1238', 'nort3161']",gong1255,omet1238,Ta-Ne-Omotic,family,Ometo,family,Ethi
614,abu,http://www.wikidata.org/entity/Q34767,Abure,93000,,abur1243,Abure,Africa,5.21534,-3.64123,abur1243,abu,language,CI,atla1278,,abu,,,False,abur1243,atla1278/volt1241/kwav1236/nyoa1234/poto1254/tano1248/west2816,"['atla1278', 'volt1241', 'kwav1236', 'nyoa1234', 'poto1254', 'tano1248', 'west2816']",atla1278,volt1241,Atlantic-Congo,family,Volta-Congo,family,Latn
615,bst,http://www.wikidata.org/entity/Q56531,Basketo,92600,,bask1236,Basketo,Africa,6.45774,36.5763,bask1236,bst,language,ET,gong1255,,bst,,,False,bask1236,gong1255/omet1238/nort3161,"['gong1255', 'omet1238', 'nort3161']",gong1255,omet1238,Ta-Ne-Omotic,family,Ometo,family,Ethi
616,ixl,http://www.wikidata.org/entity/Q35528,Ixil,92000,,ixil1251,Ixil,North America,15.4569,-90.8935,ixil1251,ixl,language,GT,maya1287,,ixl,,,False,ixil1251,maya1287/core1254/quic1274/grea1277/ixil1250,"['maya1287', 'core1254', 'quic1274', 'grea1277', 'ixil1250']",maya1287,core1254,Mayan,family,Core Mayan,family,Latn
617,kft,http://www.wikidata.org/entity/Q12953610,Kanjari,91000,,kanj1259,Kanjari,Eurasia,25.6999,74.7355,kanj1259,kft,language,IN,indo1319,,kft,,,False,kanj1259,indo1319/clas1257/indo1320/indo1321/midd1375/cont1248/midl1245/apab1234/guja1255/raja1256/mewa1253,"['indo1319', 'clas1257', 'indo1320', 'indo1321', 'midd1375', 'cont1248', 'midl1245', 'apab1234', 'guja1255', 'raja1256', 'mewa1253']",indo1319,clas1257,Indo-European,family,Classical Indo-European,family,
618,omi,http://www.wikidata.org/entity/Q56795,Omi,91000,,omii1238,Omi,Africa,3.2542,30.5385,omii1238,omi,language,CD,cent2225,,omi,,,False,omii1238,cent2225/moru1252/cent2043/avok1245/kali1312,"['cent2225', 'moru1252', 'cent2043', 'avok1245', 'kali1312']",cent2225,moru1252,Central Sudanic,family,Moru-Madi,family,Latn
619,srm,http://www.wikidata.org/entity/Q33779,Saramaccan,90000,,sara1340,Saramaccan,South America,4.54729,-54.0238,sara1340,srm,language,GF;SR,indo1319,,srm,,,False,sara1340,indo1319/clas1257/germ1287/nort3152/west2793/nort3175/angl1264/angl1265/late1254/merc1242/macr1271/guin1259/suri1275,"['indo1319', 'clas1257', 'germ1287', 'nort3152', 'west2793', 'nort3175', 'angl1264', 'angl1265', 'late1254', 'merc1242', 'macr1271', 'guin1259', 'suri1275']",indo1319,clas1257,Indo-European,family,Classical Indo-European,family,Latn
620,sco,http://www.wikidata.org/entity/Q14549,Scots,90000,,scot1243,Scots,Eurasia,55.886945,-3.710133,scot1243,sco,language,GB,indo1319,,sco,,,False,scot1243,indo1319/clas1257/germ1287/nort3152/west2793/nort3175/angl1264/angl1265/late1254,"['indo1319', 'clas1257', 'germ1287', 'nort3152', 'west2793', 'nort3175', 'angl1264', 'angl1265', 'late1254']",indo1319,clas1257,Indo-European,family,Classical Indo-European,family,Latn
621,trw,http://www.wikidata.org/entity/Q2665246,Torwali,90000,,torw1241,Torwali,Eurasia,35.3101,72.5316,torw1241,trw,language,PK,indo1319,,trw,,,False,torw1241,indo1319/clas1257/indo1320/indo1321/midd1375/dard1244/nucl1819/kohi1251/dirs1236,"['indo1319', 'clas1257', 'indo1320', 'indo1321', 'midd1375', 'dard1244', 'nucl1819', 'kohi1251', 'dirs1236']",indo1319,clas1257,Indo-European,family,Classical Indo-European,family,Arab
622,nog,http://www.wikidata.org/entity/Q33871,Nogai,87119,,noga1249,Nogai,Eurasia,44.89776,43.1656,noga1249,nog,language,KZ;RU,turk1311,,nog,,,False,noga1249,turk1311/comm1245/kipc1240/kipc1239/sout3396/sout2701,"['turk1311', 'comm1245', 'kipc1240', 'kipc1239', 'sout3396', 'sout2701']",turk1311,comm1245,Turkic,family,Common Turkic,family,Cyrl
623,end,http://www.wikidata.org/entity/Q2067656,Ende,87000,,ende1246,Ende,Papunesia,-8.70998,121.555,ende1246,end,language,ID,aust1307,,end,,,False,ende1246,aust1307/mala1545/bima1248/flor1244/flor1241/ngad1265/ngad1266/ende1245/ende1247,"['aust1307', 'mala1545', 'bima1248', 'flor1244', 'flor1241', 'ngad1265', 'ngad1266', 'ende1245', 'ende1247']",aust1307,mala1545,Austronesian,family,Malayo-Polynesian,family,Latn
624,sjs,http://www.wikidata.org/entity/Q56744,Senhaja de Srair,86000,,senh1238,Senhaja De Srair,Africa,34.9992,-4.51293,senh1238,sjs,language,MA,afro1255,,sjs,,,False,senh1238,afro1255/berb1260/kaby1244/atla1275/nort3248,"['afro1255', 'berb1260', 'kaby1244', 'atla1275', 'nort3248']",afro1255,berb1260,Afro-Asiatic,family,Berber,family,
625,mlm,http://www.wikidata.org/entity/Q3092284,Mulam,86000,,mula1253,Mulam,Eurasia,24.8151,108.928,mula1253,mlm,language,CN,taik1256,,mlm,,,False,mula1253,taik1256/kamt1241/kams1241/mula1252,"['taik1256', 'kamt1241', 'kams1241', 'mula1252']",taik1256,kamt1241,Tai-Kadai,family,Kam-Tai,family,
626,sth,http://www.wikidata.org/entity/Q36705,Shelta,86000,,shel1236,Shelta,Eurasia,53.7907,-7.73983,shel1236,sth,language,GB;IE;US,spee1234,,sth,,,False,shel1236,spee1234/iris1254,"['spee1234', 'iris1254']",spee1234,iris1254,Speech Register,family,Irish-English,family,Latn
627,zai,http://www.wikidata.org/entity/Q56728,Isthmus Zapotec,85000,,isth1244,Isthmus Zapotec,North America,16.4548,-94.8444,isth1244,zai,language,MX,otom1299,,zai,,,False,isth1244,otom1299/east2557/popo1292/zapo1436/zapo1437/nucl1765/core1259/cent2146/west2947/exte1234,"['otom1299', 'east2557', 'popo1292', 'zapo1436', 'zapo1437', 'nucl1765', 'core1259', 'cent2146', 'west2947', 'exte1234']",otom1299,east2557,Otomanguean,family,Eastern Otomanguean,family,
628,crs,http://www.wikidata.org/entity/Q34015,Seychellois Creole,85000,,sese1246,Seselwa Creole French,Africa,-4.62314,55.4503,sese1246,crs,language,SC,indo1319,,crs,,,False,sese1246,indo1319/clas1257/ital1284/lati1262/lati1263/impe1234/roma1334/ital1285/west2813/shif1234/nort3208/gall1280/oila1234/cent2283/macr1273/isle1246,"['indo1319', 'clas1257', 'ital1284', 'lati1262', 'lati1263', 'impe1234', 'roma1334', 'ital1285', 'west2813', 'shif1234', 'nort3208', 'gall1280', 'oila1234', 'cent2283', 'macr1273', 'isle1246']",indo1319,clas1257,Indo-European,family,Classical Indo-European,family,Latn
629,tru,http://www.wikidata.org/entity/Q34040,Turoyo,84000,,turo1239,Turoyo,Eurasia,37.2275,42.1451,turo1239,tru,language,IQ;LB;SY;TR,afro1255,,tru,,,False,turo1239,afro1255/semi1276/west2786/cent2236/nort3165/aram1259/impe1236/midd1367/east2680/cent2217/turo1240,"['afro1255', 'semi1276', 'west2786', 'cent2236', 'nort3165', 'aram1259', 'impe1236', 'midd1367', 'east2680', 'cent2217', 'turo1240']",afro1255,semi1276,Afro-Asiatic,family,Semitic,family,Latn
630,yim,http://www.wikidata.org/entity/Q56348,Yimkhiungrü,83259,,yimc1240,Yimchungru Naga,Eurasia,25.7675,94.8087,yimc1240,yim,language,IN,sino1245,,yim,,,False,yimc1240,sino1245/kuki1245/anga1312/aoic1235/yimc1239,"['sino1245', 'kuki1245', 'anga1312', 'aoic1235', 'yimc1239']",sino1245,kuki1245,Sino-Tibetan,family,Kuki-Chin-Naga,family,Latn
631,adl,http://www.wikidata.org/entity/Q2857892,Gallong,80597,,galo1242,Galo,Eurasia,27.9805586,94.6884956,galo1242,adl,language,IN,sino1245,,adl,,,False,galo1242,sino1245/macr1268/tani1259/prew1234/west2797/suba1255,"['sino1245', 'macr1268', 'tani1259', 'prew1234', 'west2797', 'suba1255']",sino1245,macr1268,Sino-Tibetan,family,Macro-Tani,family,Latn
632,byk,http://www.wikidata.org/entity/Q4902547,Biao,80000,,biao1253,Shidong Biao,Eurasia,23.656,113.391,biao1253,byk,language,CN,taik1256,,byk,,,False,biao1253,taik1256/kamt1241/lakk1237/biao1257,"['taik1256', 'kamt1241', 'lakk1237', 'biao1257']",taik1256,kamt1241,Tai-Kadai,family,Kam-Tai,family,Latn
633,tay,http://www.wikidata.org/entity/Q715766,Atayal,80000,,atay1247,Atayal,Papunesia,24.5209,121.388,atay1247,tay,language,CN,aust1307,,tay,,,False,atay1247,aust1307/atay1246,"['aust1307', 'atay1246']",aust1307,atay1246,Austronesian,family,Atayalic,family,Latn
634,ngi,http://www.wikidata.org/entity/Q3914924,Ngizim,80000,,ngiz1242,Ngizim,Africa,12.1051,11.0178,ngiz1242,ngi,language,NG,afro1255,,ngi,,,False,ngiz1242,afro1255/chad1250/west2785/west2790/west2710/ngiz1243,"['afro1255', 'chad1250', 'west2785', 'west2790', 'west2710', 'ngiz1243']",afro1255,chad1250,Afro-Asiatic,family,Chadic,family,Latn
635,cia,http://www.wikidata.org/entity/Q35284,Cia-Cia,80000,,ciac1237,Cia-Cia,Papunesia,-5.68289,122.791,ciac1237,cia,language,ID,aust1307,,cia,,,False,ciac1237,aust1307/mala1545/cele1242/grea1299/east2488/sout2928/muna1246/nucl1573/buto1237,"['aust1307', 'mala1545', 'cele1242', 'grea1299', 'east2488', 'sout2928', 'muna1246', 'nucl1573', 'buto1237']",aust1307,mala1545,Austronesian,family,Malayo-Polynesian,family,Latn
637,sbm,http://www.wikidata.org/entity/Q11732610,Sagara,79000,,saga1256,Sagala,Africa,-6.98537,36.9153,saga1256,sbm,language,TZ,atla1278,,sbm,,,False,saga1256,atla1278/volt1241/benu1247/bant1294/sout3152/narr1281/east2731/nort3203/nort3209/ruvu1235/west2846/vidu1239,"['atla1278', 'volt1241', 'benu1247', 'bant1294', 'sout3152', 'narr1281', 'east2731', 'nort3203', 'nort3209', 'ruvu1235', 'west2846', 'vidu1239']",atla1278,volt1241,Atlantic-Congo,family,Volta-Congo,family,Latn
638,ltz,http://www.wikidata.org/entity/Q9051,Luxembourgish,79000,,luxe1241,Moselle Franconian,Eurasia,49.6839,6.14931,luxe1241,ltz,language,BE;DE;FR;LU,indo1319,,ltz,,,False,luxe1241,indo1319/clas1257/germ1287/nort3152/west2793/high1289/fran1268/high1287/midd1319,"['indo1319', 'clas1257', 'germ1287', 'nort3152', 'west2793', 'high1289', 'fran1268', 'high1287', 'midd1319']",indo1319,clas1257,Indo-European,family,Classical Indo-European,family,
639,cts,http://www.wikidata.org/entity/Q7130477,Pandan Bikol,78000,,nort2883,Northern Catanduanes Bicolano,Papunesia,13.9032,124.27,nort2883,cts,language,PH,aust1307,,cts,,,False,nort2883,aust1307/mala1545/grea1284/cent2246/biko1240,"['aust1307', 'mala1545', 'grea1284', 'cent2246', 'biko1240']",aust1307,mala1545,Austronesian,family,Malayo-Polynesian,family,Latn
640,wji,http://www.wikidata.org/entity/Q3440381,Warji,77700,,warj1253,Warji-Gala,Africa,11.1718,9.56925,warj1253,wji,language,NG,afro1255,,wji,,,False,warj1253,afro1255/chad1250/west2785/west2790/west2712/nucl1830/warj1254/warj1255,"['afro1255', 'chad1250', 'west2785', 'west2790', 'west2712', 'nucl1830', 'warj1254', 'warj1255']",afro1255,chad1250,Afro-Asiatic,family,Chadic,family,Latn
641,bfi,http://www.wikidata.org/entity/Q33000,British Sign Language,77000,,brit1235,British Sign Language,Eurasia,51.6688,-0.4431,brit1235,bfi,language,GB,sign1238,,bfi,,,False,brit1235,sign1238/deaf1237/bsli1234/banz1243,"['sign1238', 'deaf1237', 'bsli1234', 'banz1243']",sign1238,deaf1237,Sign Language,family,L1 Sign Language,family,
642,tab,http://www.wikidata.org/entity/Q34079,Tabasaran,75079,,taba1259,Tabasaran,Eurasia,42.0198,47.8379,taba1259,tab,language,AZ;KZ;RU,nakh1245,,tab,,,False,taba1259,nakh1245/dagh1238/lezg1248/nucl1321/east2790/east2367,"['nakh1245', 'dagh1238', 'lezg1248', 'nucl1321', 'east2790', 'east2367']",nakh1245,dagh1238,Nakh-Daghestanian,family,Daghestanian,family,Cyrl
643,vro,http://www.wikidata.org/entity/Q32762,Võro,74499,,sout2679,South Estonian,Eurasia,57.85,27.0,sout2679,vro,language,EE,ural1272,,vro,,,False,sout2679,ural1272/finn1317,"['ural1272', 'finn1317']",ural1272,finn1317,Uralic,family,Finnic,family,Latn
644,cni,http://www.wikidata.org/entity/Q3437230,Asháninka,73567,,asha1243,Asháninka,South America,-11.9311,-73.9073,asha1243,cni,language,BR;PE,araw1281,,cni,,,False,asha1243,araw1281/sout3131/kamp1244/prea1240/asha1244/asha1241/asha1242,"['araw1281', 'sout3131', 'kamp1244', 'prea1240', 'asha1244', 'asha1241', 'asha1242']",araw1281,sout3131,Arawakan,family,Southern Maipuran,family,Latn
645,emp,http://www.wikidata.org/entity/Q2391297,Northern Embera,72000,,nort2972,Northern Emberá,South America,7.12761,-77.574,nort2972,emp,language,CO;PA,choc1280,,emp,,,False,nort2972,choc1280/embe1258/atra1235/pana1309,"['choc1280', 'embe1258', 'atra1235', 'pana1309']",choc1280,embe1258,Chocoan,family,Embera,family,Latn
646,agi,http://www.wikidata.org/entity/Q663586,Agariya,72000,,agar1251,Agariya,Eurasia,24.5024,82.297,agar1251,agi,language,IN,unat1236,,agi,,,False,agar1251,unat1236/drav1252,"['unat1236', 'drav1252']",unat1236,drav1252,Unattested,family,Dravidian (Unattested),family,Deva
647,bji,http://www.wikidata.org/entity/Q34999,Burji,70100,,burj1242,Burji,Africa,4.44624,38.4646,burj1242,bji,language,ET;KE,afro1255,,bji,,,False,burj1242,afro1255/cush1243/east2699/high1285,"['afro1255', 'cush1243', 'east2699', 'high1285']",afro1255,cush1243,Afro-Asiatic,family,Cushitic,family,Latn
648,byn,http://www.wikidata.org/entity/Q56491,Blin,70000,,bili1260,Bilin,Africa,15.7833,38.3917,bili1260,byn,language,ER,afro1255,,byn,,,False,bili1260,afro1255/cush1243/cent2193/nort3158/nort3163,"['afro1255', 'cush1243', 'cent2193', 'nort3158', 'nort3163']",afro1255,cush1243,Afro-Asiatic,family,Cushitic,family,Ethi
649,sip,http://www.wikidata.org/entity/Q35285,Sikkimese Bhutia,70000,,sikk1242,Sikkimese,Eurasia,27.85795,88.59153,sikk1242,sip,language,IN,sino1245,,sip,,,False,sikk1242,sino1245/bodi1256/bodi1257/oldm1245/tibe1276/late1253/sout3217/dzon1238,"['sino1245', 'bodi1256', 'bodi1257', 'oldm1245', 'tibe1276', 'late1253', 'sout3217', 'dzon1238']",sino1245,bodi1256,Sino-Tibetan,family,Bodic,family,Tibt
650,fit,http://www.wikidata.org/entity/Q13357,Meänkieli,70000,,torn1244,Meänkieli,Eurasia,67.2527,23.066,torn1244,fit,language,FI;SE,ural1272,,fit,,,False,torn1244,ural1272/finn1317/coas1319/neva1234/nort3282/nucl1717,"['ural1272', 'finn1317', 'coas1319', 'neva1234', 'nort3282', 'nucl1717']",ural1272,finn1317,Uralic,family,Finnic,family,Latn
651,mbo,http://www.wikidata.org/entity/Q36011,Mbo,70000,,mboc1235,Mbo (Cameroon),Africa,5.13981,9.92766,mboc1235,mbo,language,CM,atla1278,,mbo,,,False,mboc1235,atla1278/volt1241/benu1247/bant1294/sout3152/narr1281/bant1295/lund1274/leko1248/ngoe1239/mane1268,"['atla1278', 'volt1241', 'benu1247', 'bant1294', 'sout3152', 'narr1281', 'bant1295', 'lund1274', 'leko1248', 'ngoe1239', 'mane1268']",atla1278,volt1241,Atlantic-Congo,family,Volta-Congo,family,Latn
652,xsb,http://www.wikidata.org/entity/Q2592378,Sambal,70000,,tina1248,Tinà Sambal,Papunesia,15.5797,120.095,tina1248,xsb,language,PH,aust1307,,xsb,,,False,tina1248,aust1307/mala1545/cent2080/samb1319/tina1255,"['aust1307', 'mala1545', 'cent2080', 'samb1319', 'tina1255']",aust1307,mala1545,Austronesian,family,Malayo-Polynesian,family,Latn
653,slr,http://www.wikidata.org/entity/Q33963,Salar,70000,,sala1264,Salar,Eurasia,35.5457,102.819,sala1264,slr,language,CN,turk1311,,slr,,,False,sala1264,turk1311/comm1245/oghu1243,"['turk1311', 'comm1245', 'oghu1243']",turk1311,comm1245,Turkic,family,Common Turkic,family,Latn
654,dbd,http://www.wikidata.org/entity/Q3914436,Dadiya,70000,,dadi1249,Dadiya,Africa,9.62705,11.3587,dadi1249,dbd,language,NG,atla1278,,dbd,,,False,dadi1249,atla1278/volt1241/nort3149/gura1261/cent2243/tula1256/tula1250/tula1251/tula1257/nucl1371,"['atla1278', 'volt1241', 'nort3149', 'gura1261', 'cent2243', 'tula1256', 'tula1250', 'tula1251', 'tula1257', 'nucl1371']",atla1278,volt1241,Atlantic-Congo,family,Volta-Congo,family,Latn
655,cri,http://www.wikidata.org/entity/Q36536,Forro Creole,69899,,saot1239,Sãotomense,Africa,0.28332,6.61935,saot1239,cri,language,ST,indo1319,,cri,,,False,saot1239,indo1319/clas1257/ital1284/lati1262/lati1263/impe1234/roma1334/ital1285/west2813/shif1234/sout3183/west2838/gali1263/macr1272/lowe1440/bant1299/saot1242,"['indo1319', 'clas1257', 'ital1284', 'lati1262', 'lati1263', 'impe1234', 'roma1334', 'ital1285', 'west2813', 'shif1234', 'sout3183', 'west2838', 'gali1263', 'macr1272', 'lowe1440', 'bant1299', 'saot1242']",indo1319,clas1257,Indo-European,family,Classical Indo-European,family,Latn
656,fao,http://www.wikidata.org/entity/Q25258,Faroese,69150,,faro1244,Faroese,Eurasia,62.0732,-6.88497,faro1244,fao,language,DK;FO,indo1319,,fao,,,False,faro1244,indo1319/clas1257/germ1287/nort3152/nort3160/west2805/icel1246,"['indo1319', 'clas1257', 'germ1287', 'nort3152', 'nort3160', 'west2805', 'icel1246']",indo1319,clas1257,Indo-European,family,Classical Indo-European,family,
657,gwd,http://www.wikidata.org/entity/Q3032135,Gawwada,69000,,gaww1239,Ale-Gawwada,Africa,5.37869,37.2737,gaww1239,gwd,language,ET,afro1255,,gwd,,,False,gaww1239,afro1255/cush1243/east2699/lowl1267/sout3055/tran1283/dull1239,"['afro1255', 'cush1243', 'east2699', 'lowl1267', 'sout3055', 'tran1283', 'dull1239']",afro1255,cush1243,Afro-Asiatic,family,Cushitic,family,Latn
658,tah,http://www.wikidata.org/entity/Q34128,Tahitian,68000,,tahi1242,Tahitian,Papunesia,-17.6485,-149.45,tahi1242,tah,language,PF,aust1307,,tah,,,False,tahi1242,aust1307/mala1545/east2712/ocea1241/cent2060/east2445/poly1242/nucl1485/nort3246/solo1260/cent2298/east2449/east2896/sout3383/tahi1244,"['aust1307', 'mala1545', 'east2712', 'ocea1241', 'cent2060', 'east2445', 'poly1242', 'nucl1485', 'nort3246', 'solo1260', 'cent2298', 'east2449', 'east2896', 'sout3383', 'tahi1244']",aust1307,mala1545,Austronesian,family,Malayo-Polynesian,family,
659,lep,http://www.wikidata.org/entity/Q35990,Lepcha,66500,,lepc1244,Lepcha,Eurasia,27.0869,88.5726,lepc1244,lep,language,BT;IN;NP,sino1245,,lep,,,False,lepc1244,sino1245/hima1249,"['sino1245', 'hima1249']",sino1245,hima1249,Sino-Tibetan,family,Himalayish,family,Lepc
660,bzy,http://www.wikidata.org/entity/Q36276,Banliku,65000,,oban1244,Obanliku,Africa,6.4794,9.27156,oban1244,bzy,language,NG,atla1278,,bzy,,,False,oban1244,atla1278/volt1241/benu1247/bant1294/sout3152/bend1256/nucl1801/bete1267,"['atla1278', 'volt1241', 'benu1247', 'bant1294', 'sout3152', 'bend1256', 'nucl1801', 'bete1267']",atla1278,volt1241,Atlantic-Congo,family,Volta-Congo,family,Latn
661,bxu,http://www.wikidata.org/entity/Q20527417,Bargu-Shineken Buriyad,65000,,chin1476,China Buriat,Eurasia,48.7593,117.786,chin1476,bxu,language,CN;MN;RU,mong1349,,bxu,,,False,chin1476,mong1349/mong1329/oira1260/khal1273/buri1258,"['mong1349', 'mong1329', 'oira1260', 'khal1273', 'buri1258']",mong1349,mong1329,Mongolic-Khitan,family,Mongolic,family,Mong
662,dbm,http://www.wikidata.org/entity/Q7194057,Duguri,65000,,dugu1249,Duguri,Africa,10.05,10.21,dugu1249,dbm,language,NG,atla1278,,dbm,,,False,dugu1249,atla1278/volt1241/benu1247/bant1294/sout3152/jara1262/nige1254/jarr1236/jara1275,"['atla1278', 'volt1241', 'benu1247', 'bant1294', 'sout3152', 'jara1262', 'nige1254', 'jarr1236', 'jara1275']",atla1278,volt1241,Atlantic-Congo,family,Volta-Congo,family,Latn
663,wlo,http://www.wikidata.org/entity/Q1185114,Wolio,65000,,woli1241,Wolio,Papunesia,-5.33,122.67,woli1241,wlo,language,ID,aust1307,,wlo,,,False,woli1241,aust1307/mala1545/cele1242/kail1255/wotu1239/isla1281/woli1240,"['aust1307', 'mala1545', 'cele1242', 'kail1255', 'wotu1239', 'isla1281', 'woli1240']",aust1307,mala1545,Austronesian,family,Malayo-Polynesian,family,Arab
664,gdl,http://www.wikidata.org/entity/Q56809,Dirasha,65000,,dira1242,Dirasha,Africa,5.60452,37.4026,dira1242,gdl,language,ET,afro1255,,gdl,,,False,dira1242,afro1255/cush1243/east2699/lowl1267/sout3055/main1283/nucl1701/kons1242/gido1236,"['afro1255', 'cush1243', 'east2699', 'lowl1267', 'sout3055', 'main1283', 'nucl1701', 'kons1242', 'gido1236']",afro1255,cush1243,Afro-Asiatic,family,Cushitic,family,Latn
665,sgh,http://www.wikidata.org/entity/Q34053,Shughni,64800,,shug1248,Shughni,Eurasia,37.5018,71.7925,shug1248,sgh,language,AF;TJ,indo1319,,sgh,,,False,shug1248,indo1319/clas1257/indo1320/iran1271/iran1269/cent2399/shug1237/shug1253,"['indo1319', 'clas1257', 'indo1320', 'iran1271', 'iran1269', 'cent2399', 'shug1237', 'shug1253']",indo1319,clas1257,Indo-European,family,Classical Indo-European,family,Cyrl
666,cha,http://www.wikidata.org/entity/Q33262,Chamorro,64300,,cham1312,Chamorro,Papunesia,13.438011,144.74474,cham1312,cha,language,GU;MP,aust1307,,cha,,,False,cham1312,aust1307/mala1545,"['aust1307', 'mala1545']",aust1307,mala1545,Austronesian,family,Malayo-Polynesian,family,
667,liq,http://www.wikidata.org/entity/Q35691,Libido,64000,,libi1250,Libido,Africa,8.09761,38.4997,libi1250,liq,language,ET,afro1255,,liq,,,False,libi1250,afro1255/cush1243/east2699/high1285/sida1247/hadi1241/hadi1242,"['afro1255', 'cush1243', 'east2699', 'high1285', 'sida1247', 'hadi1241', 'hadi1242']",afro1255,cush1243,Afro-Asiatic,family,Cushitic,family,Latn
668,koi,http://www.wikidata.org/entity/Q56318,Komi-Permyak,63100,,komi1269,Komi-Permyak,Eurasia,59.6602,54.7959,komi1269,koi,language,RU,ural1272,,koi,,,False,komi1269,ural1272/perm1256/komi1267,"['ural1272', 'perm1256', 'komi1267']",ural1272,perm1256,Uralic,family,Permian,family,Cyrl
669,raw,http://www.wikidata.org/entity/Q542564,Rawang,63000,,rawa1265,Rawang,Eurasia,27.1027,97.0738,rawa1265,raw,language,CN;IN;MM,sino1245,,raw,,,False,rawa1265,sino1245/nung1293,"['sino1245', 'nung1293']",sino1245,nung1293,Sino-Tibetan,family,Nungish,family,Latn
670,mqx,http://www.wikidata.org/entity/Q6746004,Mamuju,63000,,mamu1255,Mamuju,Papunesia,-2.50762,119.082,mamu1255,mqx,language,ID,aust1307,,mqx,,,False,mamu1255,aust1307/mala1545/sout2923/sout3413/nort2894,"['aust1307', 'mala1545', 'sout2923', 'sout3413', 'nort2894']",aust1307,mala1545,Austronesian,family,Malayo-Polynesian,family,Latn
671,jgo,http://www.wikidata.org/entity/Q36287,Ngomba,63000,,ngom1272,Ngomba,Africa,5.63067,10.237,ngom1272,jgo,language,CM,atla1278,,jgo,,,False,ngom1272,atla1278/volt1241/benu1247/bant1294/sout3152/wide1239/narr1282/mbam1249/sout3350/bami1239/west2958,"['atla1278', 'volt1241', 'benu1247', 'bant1294', 'sout3152', 'wide1239', 'narr1282', 'mbam1249', 'sout3350', 'bami1239', 'west2958']",atla1278,volt1241,Atlantic-Congo,family,Volta-Congo,family,Latn
672,tca,http://www.wikidata.org/entity/Q1815205,Ticuna,61000,,ticu1245,Ticuna,South America,-3.66289,-69.8723,ticu1245,tca,language,BR;CO;PE,ticu1244,,tca,,,False,ticu1245,ticu1244,['ticu1244'],ticu1244,,Ticuna-Yuri,family,,,Latn
673,dsh,http://www.wikidata.org/entity/Q56637,Daasanach,60500,,daas1238,Daasanach,Africa,4.58879,35.9888,daas1238,dsh,language,ET;KE;SS,afro1255,,dsh,,,False,daas1238,afro1255/cush1243/east2699/lowl1267/sout3055/main1283/omot1245/west2723,"['afro1255', 'cush1243', 'east2699', 'lowl1267', 'sout3055', 'main1283', 'omot1245', 'west2723']",afro1255,cush1243,Afro-Asiatic,family,Cushitic,family,Latn
674,nbh,http://www.wikidata.org/entity/Q3438705,Ngamo,60000,,ngam1282,Ngamo,Africa,12.0048,11.2108,ngam1282,nbh,language,NG,afro1255,,nbh,,,False,ngam1282,afro1255/chad1250/west2785/west2714/west2799/west2715/bole1261/nucl1735/gala1265/kirf1234/ngam1283,"['afro1255', 'chad1250', 'west2785', 'west2714', 'west2799', 'west2715', 'bole1261', 'nucl1735', 'gala1265', 'kirf1234', 'ngam1283']",afro1255,chad1250,Afro-Asiatic,family,Chadic,family,Latn
675,wja,http://www.wikidata.org/entity/Q3914415,Waja,60000,,waja1259,Waja,Africa,9.91175,11.7206,waja1259,wja,language,NG,atla1278,,wja,,,False,waja1259,atla1278/volt1241/nort3149/gura1261/cent2243/tula1256/tula1250,"['atla1278', 'volt1241', 'nort3149', 'gura1261', 'cent2243', 'tula1256', 'tula1250']",atla1278,volt1241,Atlantic-Congo,family,Volta-Congo,family,Latn
676,nxg,http://www.wikidata.org/entity/Q1516651,Ngadha,60000,,ngad1261,Ngad'a,Papunesia,-8.79508,120.976,ngad1261,nxg,language,ID,aust1307,,nxg,,,False,ngad1261,aust1307/mala1545/bima1248/flor1244/flor1241/ngad1265/ngad1266/ngad1267,"['aust1307', 'mala1545', 'bima1248', 'flor1244', 'flor1241', 'ngad1265', 'ngad1266', 'ngad1267']",aust1307,mala1545,Austronesian,family,Malayo-Polynesian,family,Latn
677,rmq,http://www.wikidata.org/entity/Q35466,Caló,60000,,calo1236,Caló,Eurasia,41.424,0.6,calo1236,rmq,language,ES,indo1319,,rmq,,,False,calo1236,indo1319/clas1257/indo1320/indo1321/midd1375/cont1248/midl1245/shau1239/indo1322/roma1329,"['indo1319', 'clas1257', 'indo1320', 'indo1321', 'midd1375', 'cont1248', 'midl1245', 'shau1239', 'indo1322', 'roma1329']",indo1319,clas1257,Indo-European,family,Classical Indo-European,family,Latn
678,bhh,http://www.wikidata.org/entity/Q56469,Bukharian,60000,,bukh1238,Bukharic,Eurasia,41.0,64.0,bukh1238,bhh,language,IL;UZ,indo1319,,bhh,,,False,bukh1238,indo1319/clas1257/indo1320/iran1271/iran1269/sout3157/midd1352/mode1259/fars1254/fars1255/east2745/taji1250,"['indo1319', 'clas1257', 'indo1320', 'iran1271', 'iran1269', 'sout3157', 'midd1352', 'mode1259', 'fars1254', 'fars1255', 'east2745', 'taji1250']",indo1319,clas1257,Indo-European,family,Classical Indo-European,family,Cyrl
679,ksf,http://www.wikidata.org/entity/Q34930,Bafia,60000,,bafi1243,Bafia,Africa,4.72603,11.0982,bafi1243,ksf,language,CM,atla1278,,ksf,,,False,bafi1243,atla1278/volt1241/benu1247/bant1294/sout3152/narr1281/bant1295/bafi1244/nucl1740/lefa1243,"['atla1278', 'volt1241', 'benu1247', 'bant1294', 'sout3152', 'narr1281', 'bant1295', 'bafi1244', 'nucl1740', 'lefa1243']",atla1278,volt1241,Atlantic-Congo,family,Volta-Congo,family,Latn
680,jvn,http://www.wikidata.org/entity/Q11732256,Surinamese Javanese,60000,,cari1276,Caribbean Javanese,South America,5.62695,-54.6305,cari1276,jvn,language,GF;SR,aust1307,,jvn,,,False,cari1276,aust1307/mala1545/java1253/mode1251/glob1245,"['aust1307', 'mala1545', 'java1253', 'mode1251', 'glob1245']",aust1307,mala1545,Austronesian,family,Malayo-Polynesian,family,Latn
681,nnp,http://www.wikidata.org/entity/Q7967085,Wancho,59154,,wanc1238,Wancho Naga,Eurasia,26.8873,95.3203,wanc1238,nnp,language,IN,sino1245,,nnp,,,False,wanc1238,sino1245/brah1260/kony1246/kony1247/sout3407/wanc1241,"['sino1245', 'brah1260', 'kony1246', 'kony1247', 'sout3407', 'wanc1241']",sino1245,brah1260,Sino-Tibetan,family,Brahmaputran,family,Wcho
682,msk,http://www.wikidata.org/entity/Q12952800,Mansaka,58000,,mans1262,Mansaka,Papunesia,6.79221,126.181,mans1262,msk,language,PH,aust1307,,msk,,,False,mans1262,aust1307/mala1545/grea1284/cent2246/mans1261/east2477,"['aust1307', 'mala1545', 'grea1284', 'cent2246', 'mans1261', 'east2477']",aust1307,mala1545,Austronesian,family,Malayo-Polynesian,family,Latn
683,gla,http://www.wikidata.org/entity/Q9314,Scottish Gaelic,57000,,scot1245,Scottish Gaelic,Eurasia,56.7574,-5.24366,scot1245,gla,language,GB,indo1319,,gla,,,False,scot1245,indo1319/clas1257/celt1248/nucl1715/tgbc1234/insu1254/goid1240/mode1265/east2734,"['indo1319', 'clas1257', 'celt1248', 'nucl1715', 'tgbc1234', 'insu1254', 'goid1240', 'mode1265', 'east2734']",indo1319,clas1257,Indo-European,family,Classical Indo-European,family,
684,agr,http://www.wikidata.org/entity/Q1526530,Aguaruna,56584,,agua1253,Aguaruna,South America,-5.30044,-77.9218,agua1253,agr,language,PE,jiva1245,,agr,,,False,agua1253,jiva1245,['jiva1245'],jiva1245,,Chicham,family,,,Latn
685,kal,http://www.wikidata.org/entity/Q25355,Greenlandic,56200,,kala1399,Kalaallisut,North America,69.3761,-52.864,kala1399,kal,language,DK;GL,eski1264,,kal,,,False,kala1399,eski1264/eski1265/inui1246/gree1280,"['eski1264', 'eski1265', 'inui1246', 'gree1280']",eski1264,eski1265,Eskimo-Aleut,family,Eskimo,family,
686,alt,http://www.wikidata.org/entity/Q1991779,Southern Altai,55720,,sout2694,Southern Altai,Eurasia,50.1347,86.8705,sout2694,alt,language,CN;KZ;MN;RU,turk1311,,alt,,,False,sout2694,turk1311/comm1245/kipc1240/kipc1239/sout3396/east2791,"['turk1311', 'comm1245', 'kipc1240', 'kipc1239', 'sout3396', 'east2791']",turk1311,comm1245,Turkic,family,Common Turkic,family,Cyrl
688,nph,http://www.wikidata.org/entity/Q7187109,Phom,54416,,phom1236,Phom Naga,Eurasia,26.4715,94.7476,phom1236,nph,language,IN,sino1245,,nph,,,False,phom1236,sino1245/brah1260/kony1246/kony1247/sout3407/chan1331/kony1251,"['sino1245', 'brah1260', 'kony1246', 'kony1247', 'sout3407', 'chan1331', 'kony1251']",sino1245,brah1260,Sino-Tibetan,family,Brahmaputran,family,Latn
689,sby,http://www.wikidata.org/entity/Q7557754,Soli,54400,,soli1239,Soli,Africa,-15.5213,28.7934,soli1239,sby,language,ZM,atla1278,,sby,,,False,soli1239,atla1278/volt1241/benu1247/bant1294/sout3152/narr1281/east2731/bota1239/lenj1247,"['atla1278', 'volt1241', 'benu1247', 'bant1294', 'sout3152', 'narr1281', 'east2731', 'bota1239', 'lenj1247']",atla1278,volt1241,Atlantic-Congo,family,Volta-Congo,family,Latn
690,klj,http://www.wikidata.org/entity/Q33455,Khalaj,53900,,turk1303,Khalaj Turkic,Eurasia,34.42237,50.32223,turk1303,klj,language,IR,turk1311,,klj,,,False,turk1303,turk1311/comm1245,"['turk1311', 'comm1245']",turk1311,comm1245,Turkic,family,Common Turkic,family,Arab
691,wbj,http://www.wikidata.org/entity/Q56621,Alagwa,53000,,alag1248,Alagwa,Africa,-4.64148,35.7231,alag1248,wbj,language,TZ,afro1255,,wbj,,,False,alag1248,afro1255/cush1243/sout3054/grea1305/west2720/nort3164,"['afro1255', 'cush1243', 'sout3054', 'grea1305', 'west2720', 'nort3164']",afro1255,cush1243,Afro-Asiatic,family,Cushitic,family,Latn
692,chk,http://www.wikidata.org/entity/Q33161,Chuukese,51330,,chuu1238,Chuukese,Papunesia,7.346993,151.598607,chuu1238,chk,language,FM,aust1307,,chk,,,False,chuu1238,aust1307/mala1545/east2712/ocea1241/micr1243/cent2276/west2844/pona1247/truk1243/nucl1749/cent2290/east2764/mort1238,"['aust1307', 'mala1545', 'east2712', 'ocea1241', 'micr1243', 'cent2276', 'west2844', 'pona1247', 'truk1243', 'nucl1749', 'cent2290', 'east2764', 'mort1238']",aust1307,mala1545,Austronesian,family,Malayo-Polynesian,family,Latn
693,abi,http://www.wikidata.org/entity/Q34781,Abidji,51000,,abid1235,Abidji,Africa,5.65656,-4.58421,abid1235,abi,language,CI,atla1278,,abi,,,False,abid1235,atla1278/volt1241/kwav1236/nyoa1234/agne1238,"['atla1278', 'volt1241', 'kwav1236', 'nyoa1234', 'agne1238']",atla1278,volt1241,Atlantic-Congo,family,Volta-Congo,family,Latn
694,smk,http://www.wikidata.org/entity/Q2669235,Bolinao,51000,,boli1256,Bolinao,Papunesia,16.3071,119.853,boli1256,smk,language,PH,aust1307,,smk,,,False,boli1256,aust1307/mala1545/cent2080/samb1319/tina1255,"['aust1307', 'mala1545', 'cent2080', 'samb1319', 'tina1255']",aust1307,mala1545,Austronesian,family,Malayo-Polynesian,family,Latn
695,kcz,http://www.wikidata.org/entity/Q11732345,Konongo,51000,,kono1265,Konongo-Ruwila,Africa,-6.51503,32.1803,kono1265,kcz,language,TZ,atla1278,,kcz,,,False,kono1265,atla1278/volt1241/benu1247/bant1294/sout3152/narr1281/east2731/nort3203/suku1274/nyam1286,"['atla1278', 'volt1241', 'benu1247', 'bant1294', 'sout3152', 'narr1281', 'east2731', 'nort3203', 'suku1274', 'nyam1286']",atla1278,volt1241,Atlantic-Congo,family,Volta-Congo,family,Latn
696,jye,http://www.wikidata.org/entity/Q56596,Judeo-Yemeni Arabic,50300,,jude1267,Judeo-Yemeni Arabic,Eurasia,15.0,45.0,jude1267,jye,language,IL;YE,afro1255,,jye,,,False,jude1267,afro1255/semi1276/west2786/cent2236/arab1394/arab1395/arab1393/jude1277,"['afro1255', 'semi1276', 'west2786', 'cent2236', 'arab1394', 'arab1395', 'arab1393', 'jude1277']",afro1255,semi1276,Afro-Asiatic,family,Semitic,family,Hebr
697,bha,http://www.wikidata.org/entity/Q4901287,Bhariati,50000,,bhar1241,Bhariati,Eurasia,22.3429,83.1071,bhar1241,bha,language,IN,indo1319,,bha,,,False,bhar1241,indo1319/clas1257/indo1320/indo1321/midd1375/cont1248/midl1245/shau1239/indo1322/west2812/bund1252,"['indo1319', 'clas1257', 'indo1320', 'indo1321', 'midd1375', 'cont1248', 'midl1245', 'shau1239', 'indo1322', 'west2812', 'bund1252']",indo1319,clas1257,Indo-European,family,Classical Indo-European,family,Deva
698,rml,http://www.wikidata.org/entity/Q513736,Baltic Romani,50000,,balt1257,Baltic Romani,Eurasia,57.29,29.06,balt1257,rml,language,BY;LT;LV;PL;RU,indo1319,,rml,,,False,balt1257,indo1319/clas1257/indo1320/indo1321/midd1375/cont1248/midl1245/shau1239/indo1322/roma1329,"['indo1319', 'clas1257', 'indo1320', 'indo1321', 'midd1375', 'cont1248', 'midl1245', 'shau1239', 'indo1322', 'roma1329']",indo1319,clas1257,Indo-European,family,Classical Indo-European,family,Latn
699,fcs,http://www.wikidata.org/entity/Q13193,Quebec Sign Language,50000,,queb1245,Quebec Sign Language,North America,45.99654,-74.87193,queb1245,fcs,language,CA,sign1238,,fcs,,,False,queb1245,sign1238/deaf1237/lsfi1234/asli1244,"['sign1238', 'deaf1237', 'lsfi1234', 'asli1244']",sign1238,deaf1237,Sign Language,family,L1 Sign Language,family,
700,tiy,http://www.wikidata.org/entity/Q7809425,Teduray,50000,,tiru1241,Tiruray,Papunesia,6.77321,124.127,tiru1241,tiy,language,PH,aust1307,,tiy,,,False,tiru1241,aust1307/mala1545/bili1253,"['aust1307', 'mala1545', 'bili1253']",aust1307,mala1545,Austronesian,family,Malayo-Polynesian,family,Latn
701,nxe,http://www.wikidata.org/entity/Q2295569,Nage,50000,,nage1237,Nage,Papunesia,-8.70513,121.31,nage1237,nxe,language,ID,aust1307,,nxe,,,False,nage1237,aust1307/mala1545/bima1248/flor1244/flor1241/ngad1265/ngad1266/ende1245/nage1238,"['aust1307', 'mala1545', 'bima1248', 'flor1244', 'flor1241', 'ngad1265', 'ngad1266', 'ende1245', 'nage1238']",aust1307,mala1545,Austronesian,family,Malayo-Polynesian,family,Latn
702,mbt,http://www.wikidata.org/entity/Q6787447,Matigsalug,50000,,mati1250,Matigsalug Manobo,Papunesia,7.72124,125.16,mati1250,mbt,language,PH,aust1307,,mbt,,,False,mati1250,aust1307/mala1545/grea1284/mano1276/cent2255/east2778/east2742/cent2088,"['aust1307', 'mala1545', 'grea1284', 'mano1276', 'cent2255', 'east2778', 'east2742', 'cent2088']",aust1307,mala1545,Austronesian,family,Malayo-Polynesian,family,Latn
703,mhw,http://www.wikidata.org/entity/Q2691548,Mbukushu,49710,,mbuk1240,Mbukushu,Africa,-17.6827,22.5026,mbuk1240,mhw,language,AO;BW;NA;ZM,atla1278,,mhw,,,False,mbuk1240,atla1278/volt1241/benu1247/bant1294/sout3152/narr1281/cent2260/grea1287/west2833/mash1271,"['atla1278', 'volt1241', 'benu1247', 'bant1294', 'sout3152', 'narr1281', 'cent2260', 'grea1287', 'west2833', 'mash1271']",atla1278,volt1241,Atlantic-Congo,family,Volta-Congo,family,Latn
704,hch,http://www.wikidata.org/entity/Q35575,Huichol,47625,,huic1243,Huichol,North America,21.954,-104.062,huic1243,hch,language,MX,utoa1244,,hch,,,False,huic1243,utoa1244/sout3136/cora1261/cora1259,"['utoa1244', 'sout3136', 'cora1261', 'cora1259']",utoa1244,sout3136,Uto-Aztecan,family,Southern Uto-Aztecan,family,Latn
705,rys,http://www.wikidata.org/entity/Q34203,Yaeyama,47600,,yaey1239,Yaeyama,Eurasia,24.3401,123.801,yaey1239,rys,language,JP,japo1237,,rys,,,False,yaey1239,japo1237/ryuk1243/ryuk1244/macr1267,"['japo1237', 'ryuk1243', 'ryuk1244', 'macr1267']",japo1237,ryuk1243,Japonic,family,Ryukyuan,family,
706,rut,http://www.wikidata.org/entity/Q36757,Rutulian,47400,,rutu1240,Rutul,Eurasia,41.6187,47.3244,rutu1240,rut,language,AZ;RU,nakh1245,,rut,,,False,rutu1240,nakh1245/dagh1238/lezg1248/nucl1321/west2428,"['nakh1245', 'dagh1238', 'lezg1248', 'nucl1321', 'west2428']",nakh1245,dagh1238,Nakh-Daghestanian,family,Daghestanian,family,Cyrl
707,sci,http://www.wikidata.org/entity/Q1089151,Sri Lanka Malay language,46000,,sril1245,Sri Lanka Malay,Eurasia,6.91603,79.864,sril1245,sci,language,LK,aust1307,,sci,,,False,sril1245,aust1307/mala1545/mala1554/mala1538/nucl1806/vehi1234,"['aust1307', 'mala1545', 'mala1554', 'mala1538', 'nucl1806', 'vehi1234']",aust1307,mala1545,Austronesian,family,Malayo-Polynesian,family,Latn
708,kdc,http://www.wikidata.org/entity/Q6448634,Kutu,45000,,kutu1263,Kutu,Africa,-7.23789,37.8623,kutu1263,kdc,language,TZ,atla1278,,kdc,,,False,kutu1263,atla1278/volt1241/benu1247/bant1294/sout3152/narr1281/east2731/nort3203/nort3209/ruvu1235/east2756/cent2287/kutu1267,"['atla1278', 'volt1241', 'benu1247', 'bant1294', 'sout3152', 'narr1281', 'east2731', 'nort3203', 'nort3209', 'ruvu1235', 'east2756', 'cent2287', 'kutu1267']",atla1278,volt1241,Atlantic-Congo,family,Volta-Congo,family,Latn
709,bmi,http://www.wikidata.org/entity/Q34903,Bagirmi,44800,,bagi1246,Bagirmi,Africa,11.52392,14.769495,bagi1246,bmi,language,NG;TD,cent2225,,bmi,,,False,bagi1246,cent2225/sara1341/sbbo1237/nucl1719/sara1349/bagi1248,"['cent2225', 'sara1341', 'sbbo1237', 'nucl1719', 'sara1349', 'bagi1248']",cent2225,sara1341,Central Sudanic,family,Sara-Bongo-Bagirmi,family,Latn
710,bra,http://www.wikidata.org/entity/Q35243,Braj Bhasha,44000,,braj1242,Braj,Eurasia,26.4758,78.0813,braj1242,bra,language,IN,indo1319,,bra,,,False,braj1242,indo1319/clas1257/indo1320/indo1321/midd1375/cont1248/midl1245/shau1239/indo1322/west2812/hary1239,"['indo1319', 'clas1257', 'indo1320', 'indo1321', 'midd1375', 'cont1248', 'midl1245', 'shau1239', 'indo1322', 'west2812', 'hary1239']",indo1319,clas1257,Indo-European,family,Classical Indo-European,family,Deva
711,mah,http://www.wikidata.org/entity/Q36280,Marshallese,43900,,mars1254,Marshallese,Papunesia,8.72,167.73,mars1254,mah,language,MH,aust1307,,mah,,,False,mars1254,aust1307/mala1545/east2712/ocea1241/micr1243/cent2276/west2844,"['aust1307', 'mala1545', 'east2712', 'ocea1241', 'micr1243', 'cent2276', 'west2844']",aust1307,mala1545,Austronesian,family,Malayo-Polynesian,family,
712,agj,http://www.wikidata.org/entity/Q29292,Argobba,43700,,argo1244,Argobba,Africa,10.6596,39.756,argo1244,agj,language,ET,afro1255,,agj,,,False,argo1244,afro1255/semi1276/west2786/ethi1244/sout3078/amha1244,"['afro1255', 'semi1276', 'west2786', 'ethi1244', 'sout3078', 'amha1244']",afro1255,semi1276,Afro-Asiatic,family,Semitic,family,Ethi
713,cac,http://www.wikidata.org/entity/Q35233,Chuj,43370,,chuj1250,Chuj,North America,15.8399,-91.76,chuj1250,cac,language,GT;MX,maya1287,,cac,,,False,chuj1250,maya1287/core1254/west2865/kanj1261/chuj1249,"['maya1287', 'core1254', 'west2865', 'kanj1261', 'chuj1249']",maya1287,core1254,Mayan,family,Core Mayan,family,Latn
714,bgs,http://www.wikidata.org/entity/Q7675121,Tagabawa,43000,,taga1272,Tagabawa,Papunesia,6.9712,125.175,taga1272,bgs,language,PH,aust1307,,bgs,,,False,taga1272,aust1307/mala1545/grea1284/mano1276/cent2255/sout2913,"['aust1307', 'mala1545', 'grea1284', 'mano1276', 'cent2255', 'sout2913']",aust1307,mala1545,Austronesian,family,Malayo-Polynesian,family,Latn
715,kjh,http://www.wikidata.org/entity/Q33575,Khakas,42604,,khak1248,Khakas,Eurasia,52.66002,89.67409,khak1248,kjh,language,CN;RU,turk1311,,kjh,,,False,khak1248,turk1311/comm1245/sout2693/yeni1256/yeni1251,"['turk1311', 'comm1245', 'sout2693', 'yeni1256', 'yeni1251']",turk1311,comm1245,Turkic,family,Common Turkic,family,Cyrl
716,tuq,http://www.wikidata.org/entity/Q36639,Teda,42500,,teda1241,Tedaga,Africa,18.0426,14.7717,teda1241,tuq,language,LY;NE;NG;TD,saha1256,,tuq,,,False,teda1241,saha1256/west2505/tebu1238,"['saha1256', 'west2505', 'tebu1238']",saha1256,west2505,Saharan,family,Western Saharan,family,Latn
717,bxm,http://www.wikidata.org/entity/Q12637238,Mongolia Buriat,42500,,mong1330,Mongolia Buriat,Eurasia,48.7686,109.005,mong1330,bxm,language,CN;MN;RU,mong1349,,bxm,,,False,mong1330,mong1349/mong1329/oira1260/khal1273/buri1258,"['mong1349', 'mong1329', 'oira1260', 'khal1273', 'buri1258']",mong1349,mong1329,Mongolic-Khitan,family,Mongolic,family,Cyrl
718,tft,http://www.wikidata.org/entity/Q3518492,Ternate,42000,,tern1247,Ternate,Papunesia,0.80562,127.333,tern1247,tft,language,ID,nort2923,,tft,,,False,tern1247,nort2923/nort2924/tern1246,"['nort2923', 'nort2924', 'tern1246']",nort2923,nort2924,North Halmahera,family,Northern North Halmahera,family,Latn
719,kcn,http://www.wikidata.org/entity/Q36388,Nubi,42000,,nubi1253,Nubi,Africa,-0.183215,34.7552,nubi1253,kcn,language,CD;KE;SS;UG;US,afro1255,,kcn,,,False,nubi1253,afro1255/semi1276/west2786/cent2236/arab1394/arab1395/egyp1251/egyp1254/suda1235/east2897,"['afro1255', 'semi1276', 'west2786', 'cent2236', 'arab1394', 'arab1395', 'egyp1251', 'egyp1254', 'suda1235', 'east2897']",afro1255,semi1276,Afro-Asiatic,family,Semitic,family,Latn
720,dng,http://www.wikidata.org/entity/Q33050,Dungan,41400,,dung1253,Dungan,Eurasia,42.7292,76.8382,dung1253,dng,language,KG;KZ;TJ;TM;UZ,sino1245,,dng,,,False,dung1253,sino1245/sini1245/clas1255/midd1354/nort3155/mand1471/zhon1236,"['sino1245', 'sini1245', 'clas1255', 'midd1354', 'nort3155', 'mand1471', 'zhon1236']",sino1245,sini1245,Sino-Tibetan,family,Sinitic,family,Cyrl
721,lif,http://www.wikidata.org/entity/Q56477,Limbu,40835,,limb1266,Limbu,Eurasia,27.2703,87.8859,limb1266,lif,language,IN;NP,sino1245,,lif,,,False,limb1266,sino1245/hima1249/maha1306/kira1253/east2719/grea1285,"['sino1245', 'hima1249', 'maha1306', 'kira1253', 'east2719', 'grea1285']",sino1245,hima1249,Sino-Tibetan,family,Himalayish,family,Deva
722,gss,http://www.wikidata.org/entity/Q3565084,Greek Sign Language,40600,,gree1271,Greek Sign Language,Eurasia,38.0536,23.3762,gree1271,gss,language,GR,sign1238,,gss,,,False,gree1271,sign1238/deaf1237/lsfi1234,"['sign1238', 'deaf1237', 'lsfi1234']",sign1238,deaf1237,Sign Language,family,L1 Sign Language,family,
723,rwm,http://www.wikidata.org/entity/Q788423,Amba,40100,,amba1263,Amba (Uganda),Africa,0.81206,30.0014,amba1263,rwm,language,CD;UG,atla1278,,rwm,,,False,amba1263,atla1278/volt1241/benu1247/bant1294/sout3152/narr1281/cent2260/nort3376/rive1266/ngir1248/ngir1250/ngom1276/abab1240/oldb1234/komo1265,"['atla1278', 'volt1241', 'benu1247', 'bant1294', 'sout3152', 'narr1281', 'cent2260', 'nort3376', 'rive1266', 'ngir1248', 'ngir1250', 'ngom1276', 'abab1240', 'oldb1234', 'komo1265']",atla1278,volt1241,Atlantic-Congo,family,Volta-Congo,family,Latn
724,roh,http://www.wikidata.org/entity/Q13199,Romansh,40039,,roma1326,Romansh,Eurasia,46.5538,9.92812,roma1326,roh,language,AT;CH;IT,indo1319,,roh,,,False,roma1326,indo1319/clas1257/ital1284/lati1262/lati1263/impe1234/roma1334/ital1285/west2813/shif1234/nort3208/gall1280,"['indo1319', 'clas1257', 'ital1284', 'lati1262', 'lati1263', 'impe1234', 'roma1334', 'ital1285', 'west2813', 'shif1234', 'nort3208', 'gall1280']",indo1319,clas1257,Indo-European,family,Classical Indo-European,family,
725,uuu,http://www.wikidata.org/entity/Q953082,U,40000,,uuuu1243,U,Eurasia,22.6767,101.772,uuuu1243,uuu,language,CN,aust1305,,uuu,,,False,uuuu1243,aust1305/khas1273/pala1352/east2331/angk1246,"['aust1305', 'khas1273', 'pala1352', 'east2331', 'angk1246']",aust1305,khas1273,Austroasiatic,family,Khasi-Palaung,family,
727,qub,http://www.wikidata.org/entity/Q35492,Huallaga Quechua,40000,,hual1241,Huallaga Huánuco Quechua,South America,-9.57135,-75.594,hual1241,qub,language,PE,quec1387,,qub,,,False,hual1241,quec1387/quec1386/cent2141/apam1237,"['quec1387', 'quec1386', 'cent2141', 'apam1237']",quec1387,quec1386,Quechuan,family,Quechua I,family,Latn
728,nhn,http://www.wikidata.org/entity/Q6047309,Central Nahuatl,40000,,cent2132,Tlaxcala-Puebla-Central Nahuatl,North America,19.1248,-98.3002,cent2132,nhn,language,MX,utoa1244,,nhn,,,False,cent2132,utoa1244/sout3136/cora1261/azte1234/west2809/cent2258/tlax1234/tlax1237,"['utoa1244', 'sout3136', 'cora1261', 'azte1234', 'west2809', 'cent2258', 'tlax1234', 'tlax1237']",utoa1244,sout3136,Uto-Aztecan,family,Southern Uto-Aztecan,family,Latn
729,bau,http://www.wikidata.org/entity/Q11001650,Mbat,40000,,bada1258,Bada (Nigeria),Africa,9.62456,9.95,bada1258,bau,language,NG,atla1278,,bau,,,False,bada1258,atla1278/volt1241/benu1247/bant1294/sout3152/jara1262/nige1254/jarr1236/jara1275,"['atla1278', 'volt1241', 'benu1247', 'bant1294', 'sout3152', 'jara1262', 'nige1254', 'jarr1236', 'jara1275']",atla1278,volt1241,Atlantic-Congo,family,Volta-Congo,family,Latn
730,hac,http://www.wikidata.org/entity/Q33733,Gorani,40000,,gura1251,Gurani,Eurasia,36.8377,44.4956,gura1251,hac,language,IQ;IR,indo1319,,hac,,,False,gura1251,indo1319/clas1257/indo1320/iran1271/iran1269/cent2317/cent2318/nort3177/tati1243/gora1267,"['indo1319', 'clas1257', 'indo1320', 'iran1271', 'iran1269', 'cent2317', 'cent2318', 'nort3177', 'tati1243', 'gora1267']",indo1319,clas1257,Indo-European,family,Classical Indo-European,family,Arab
731,tob,http://www.wikidata.org/entity/Q3113756,Toba Qom,40000,,toba1269,Toba,South America,-23.77,-61.96,toba1269,tob,language,AR;BO;PY,guai1249,,tob,,,False,toba1269,guai1249/guai1250/qomm1235/pila1244,"['guai1249', 'guai1250', 'qomm1235', 'pila1244']",guai1249,guai1250,Guaicuruan,family,Guaicuru del Sur,family,Latn
732,ise,http://www.wikidata.org/entity/Q375619,Italian Sign Language,40000,,ital1275,Italian Sign Language,Eurasia,42.72915,12.42949,ital1275,ise,language,IT,sign1238,,ise,,,False,ital1275,sign1238/deaf1237/lsfi1234/ital1288,"['sign1238', 'deaf1237', 'lsfi1234', 'ital1288']",sign1238,deaf1237,Sign Language,family,L1 Sign Language,family,
733,ask,http://www.wikidata.org/entity/Q29379,Ashkun,40000,,ashk1246,Ashkun,Eurasia,35.10699,70.542035,ashk1246,ask,language,AF,indo1319,,ask,,,False,ashk1246,indo1319/clas1257/indo1320/iran1271/nuri1243/ashk1248/ashk1249,"['indo1319', 'clas1257', 'indo1320', 'iran1271', 'nuri1243', 'ashk1248', 'ashk1249']",indo1319,clas1257,Indo-European,family,Classical Indo-European,family,Arab
734,xxk,http://www.wikidata.org/entity/Q3195346,Ke'o,40000,,keoo1238,Kéo,Papunesia,-8.8704,121.256,keoo1238,xxk,language,ID,aust1307,,xxk,,,False,keoo1238,aust1307/mala1545/bima1248/flor1244/flor1241/ngad1265/ngad1266/ende1245/nage1238,"['aust1307', 'mala1545', 'bima1248', 'flor1244', 'flor1241', 'ngad1265', 'ngad1266', 'ende1245', 'nage1238']",aust1307,mala1545,Austronesian,family,Malayo-Polynesian,family,Latn
735,geh,http://www.wikidata.org/entity/Q33385,Hutterite German,40000,,hutt1235,Hutterite German,North America,40.0,-97.0,hutt1235,geh,language,CA;US,indo1319,,geh,,,False,hutt1235,indo1319/clas1257/germ1287/nort3152/west2793/high1289/high1286/midd1349/mode1258/baye1239/glob1242,"['indo1319', 'clas1257', 'germ1287', 'nort3152', 'west2793', 'high1289', 'high1286', 'midd1349', 'mode1258', 'baye1239', 'glob1242']",indo1319,clas1257,Indo-European,family,Classical Indo-European,family,Latn
736,kvq,http://www.wikidata.org/entity/Q12952581,Geba Karen,40000,,geba1237,Geba Karen,Eurasia,19.4991,96.9492,geba1237,kvq,language,MM,sino1245,,kvq,,,False,geba1237,sino1245/kare1337/cent1999/geba1236,"['sino1245', 'kare1337', 'cent1999', 'geba1236']",sino1245,kare1337,Sino-Tibetan,family,Karenic,family,Mymr
737,mkl,http://www.wikidata.org/entity/Q36047,Mokole,39600,,moko1243,Mokole,Africa,11.0438,3.05998,moko1243,mkl,language,BJ,atla1278,,mkl,,,False,moko1243,atla1278/volt1241/benu1247/defo1239/yoru1244/edek1238/edea1234,"['atla1278', 'volt1241', 'benu1247', 'defo1239', 'yoru1244', 'edek1238', 'edea1234']",atla1278,volt1241,Atlantic-Congo,family,Volta-Congo,family,Latn
738,meu,http://www.wikidata.org/entity/Q33516,Motu,39000,,motu1246,Motu,Papunesia,-9.67492,147.424,motu1246,meu,language,PG,aust1307,,meu,,,False,motu1246,aust1307/mala1545/east2712/ocea1241/west2818/papu1253/peri1258/cent2070/west2850,"['aust1307', 'mala1545', 'east2712', 'ocea1241', 'west2818', 'papu1253', 'peri1258', 'cent2070', 'west2850']",aust1307,mala1545,Austronesian,family,Malayo-Polynesian,family,Latn
739,mfy,http://www.wikidata.org/entity/Q56729,Mayo,39000,,mayo1264,Mayo,North America,26.4522,-108.981,mayo1264,mfy,language,MX,utoa1244,,mfy,,,False,mayo1264,utoa1244/sout3136/cahi1243,"['utoa1244', 'sout3136', 'cahi1243']",utoa1244,sout3136,Uto-Aztecan,family,Southern Uto-Aztecan,family,Latn
740,kkw,http://www.wikidata.org/entity/Q36560,Kukuya,38800,,teke1280,Teke-Kukuya,Africa,-2.27122,14.4407,teke1280,kkw,language,CG;GA,atla1278,,kkw,,,False,teke1280,atla1278/volt1241/benu1247/bant1294/sout3152/narr1281/cent2260/west2968/nzad1235/lwer1234/ding1244/loan1238/kwil1238/kasa1251/moye1234/inte1264,"['atla1278', 'volt1241', 'benu1247', 'bant1294', 'sout3152', 'narr1281', 'cent2260', 'west2968', 'nzad1235', 'lwer1234', 'ding1244', 'loan1238', 'kwil1238', 'kasa1251', 'moye1234', 'inte1264']",atla1278,volt1241,Atlantic-Congo,family,Volta-Congo,family,Latn
741,bnn,http://www.wikidata.org/entity/Q56505,Bunun,38000,,bunu1267,Bunun,Papunesia,23.4116,121.025,bunu1267,bnn,language,CN,aust1307,,bnn,,,False,bunu1267,aust1307,['aust1307'],aust1307,,Austronesian,family,,,Latn
742,abq,http://www.wikidata.org/entity/Q27567,Abaza,37831,,abaz1241,Abaza,Eurasia,44.25,42.0,abaz1241,abq,language,RU;TR,abkh1242,,abq,,,False,abaz1241,abkh1242/abkh1243,"['abkh1242', 'abkh1243']",abkh1242,abkh1243,Abkhaz-Adyge,family,Abkhaz-Abaza,family,Cyrl
743,dot,http://www.wikidata.org/entity/Q3441293,Dass,37582,,dass1243,Dass,Africa,9.9325,9.51838,dass1243,dot,language,NG,afro1255,,dot,,,False,dass1243,afro1255/chad1250/west2785/west2790/west2800/sout3162/sout3170,"['afro1255', 'chad1250', 'west2785', 'west2790', 'west2800', 'sout3162', 'sout3170']",afro1255,chad1250,Afro-Asiatic,family,Chadic,family,Latn
744,bqn,http://www.wikidata.org/entity/Q3438325,Bulgarian Sign Language,37000,,bulg1240,Bulgarian Sign Language,Eurasia,42.7918,25.0026,bulg1240,bqn,language,BG,sign1238,,bqn,,,False,bulg1240,sign1238/deaf1237/lsfi1234/cent2306,"['sign1238', 'deaf1237', 'lsfi1234', 'cent2306']",sign1238,deaf1237,Sign Language,family,L1 Sign Language,family,
745,oyd,http://www.wikidata.org/entity/Q7116251,Oyda,37000,,oyda1235,Oyda,Africa,6.13322,36.8541,oyda1235,oyd,language,ET,gong1255,,oyd,,,False,oyda1235,gong1255/omet1238/nort3161/cent2046,"['gong1255', 'omet1238', 'nort3161', 'cent2046']",gong1255,omet1238,Ta-Ne-Omotic,family,Ometo,family,Latn
746,caq,http://www.wikidata.org/entity/Q35156,Car,37000,,carn1240,Car Nicobarese,Eurasia,9.18853,92.7671,carn1240,caq,language,IN,aust1305,,caq,,,False,carn1240,aust1305/nico1262,"['aust1305', 'nico1262']",aust1305,nico1262,Austroasiatic,family,Nicobaric,family,Latn
747,cdm,http://www.wikidata.org/entity/Q5091700,Chepang,36807,,chep1245,Chepang,Eurasia,27.7206,84.9017,chep1245,cdm,language,NP,sino1245,,cdm,,,False,chep1245,sino1245/hima1249/maha1306/kham1285/chep1244,"['sino1245', 'hima1249', 'maha1306', 'kham1285', 'chep1244']",sino1245,hima1249,Sino-Tibetan,family,Himalayish,family,Deva
748,myv,http://www.wikidata.org/entity/Q29952,Erzya,36700,,erzy1239,Erzya,Eurasia,52.8548,45.3901,erzy1239,myv,language,AZ;BY;EE;KZ;LT;LV;RU;UA,ural1272,,myv,,,False,erzy1239,ural1272/mord1256,"['ural1272', 'mord1256']",ural1272,mord1256,Uralic,family,Mordvin,family,Cyrl
749,ntk,http://www.wikidata.org/entity/Q5996114,Ikoma,36000,,ikom1245,Ikoma-Nata,Africa,-1.94989,34.5361,ikom1245,ntk,language,TZ,atla1278,,ntk,,,False,ikom1245,atla1278/volt1241/benu1247/bant1294/sout3152/narr1281/east2731/nort3203/grea1289/east2750/nyan1318/sout3201/west2987/ikom1247,"['atla1278', 'volt1241', 'benu1247', 'bant1294', 'sout3152', 'narr1281', 'east2731', 'nort3203', 'grea1289', 'east2750', 'nyan1318', 'sout3201', 'west2987', 'ikom1247']",atla1278,volt1241,Atlantic-Congo,family,Volta-Congo,family,Latn
750,poi,http://www.wikidata.org/entity/Q7511556,Sierra Popoluca,36000,,high1276,Highland Popoluca,North America,18.198,-94.9109,high1276,poi,language,MX,mixe1284,,poi,,,False,high1276,mixe1284/zoqu1261/gulf1238,"['mixe1284', 'zoqu1261', 'gulf1238']",mixe1284,zoqu1261,Mixe-Zoque,family,Zoque,family,Latn
751,krl,http://www.wikidata.org/entity/Q33557,Karelian,35600,,kare1335,Karelian,Eurasia,65.1691,30.8655,kare1335,krl,language,FI;RU,ural1272,,krl,,,False,kare1335,ural1272/finn1317/coas1319/neva1234/nort3282/lado1234,"['ural1272', 'finn1317', 'coas1319', 'neva1234', 'nort3282', 'lado1234']",ural1272,finn1317,Uralic,family,Finnic,family,Latn
752,slm,http://www.wikidata.org/entity/Q3362086,Pangutaran Sama,35000,,pang1291,Pangutaran Sama,Papunesia,6.27167,120.536,pang1291,slm,language,PH,aust1307,,slm,,,False,pang1291,aust1307/mala1545/basa1291/grea1283/sama1302/sulu1242,"['aust1307', 'mala1545', 'basa1291', 'grea1283', 'sama1302', 'sulu1242']",aust1307,mala1545,Austronesian,family,Malayo-Polynesian,family,Latn
753,jiv,http://www.wikidata.org/entity/Q617291,Shuar,35000,,shua1257,Shuar,South America,-3.45136,-78.1892,shua1257,jiv,language,EC;PE,jiva1245,,jiv,,,False,shua1257,jiva1245/shua1256/huam1251,"['jiva1245', 'shua1256', 'huam1251']",jiva1245,shua1256,Chicham,family,Shuaric,family,Latn
754,tvu,http://www.wikidata.org/entity/Q36632,Nen,35000,,tune1261,Tunen,Africa,4.75,10.67,tune1261,tvu,language,CM,atla1278,,tvu,,,False,tune1261,atla1278/volt1241/benu1247/bant1294/sout3152/narr1281/mbam1254/mbam1252/nucl1802/sana1299/west2826/mand1474,"['atla1278', 'volt1241', 'benu1247', 'bant1294', 'sout3152', 'narr1281', 'mbam1254', 'mbam1252', 'nucl1802', 'sana1299', 'west2826', 'mand1474']",atla1278,volt1241,Atlantic-Congo,family,Volta-Congo,family,Latn
755,shp,http://www.wikidata.org/entity/Q2671988,Shipibo-Conibo,34152,,ship1254,Shipibo-Conibo,South America,-7.17105,-74.8219,ship1254,shp,language,PE,pano1259,,shp,,,False,ship1254,pano1259/pano1256/main1279/pano1257/cham1314/ship1253,"['pano1259', 'pano1256', 'main1279', 'pano1257', 'cham1314', 'ship1253']",pano1259,pano1256,Pano-Tacanan,family,Panoan,family,Latn
756,crk,http://www.wikidata.org/entity/Q56699,Plains Cree,34000,,plai1258,Plains Cree,North America,51.2437,-110.463,plai1258,crk,language,CA;US,algi1248,,crk,,,False,plai1258,algi1248/algo1256/algo1257/cree1271/cree1272/plai1264,"['algi1248', 'algo1256', 'algo1257', 'cree1271', 'cree1272', 'plai1264']",algi1248,algo1256,Algic,family,Algonquian-Blackfoot,family,Cans
757,ktz,http://www.wikidata.org/entity/Q1192295,Juǀʼhoansi,33600,,juho1239,South-Eastern Ju,Africa,-19.688,20.7673,juho1239,ktz,language,BW;NA,kxaa1236,,ktz,,,False,juho1239,kxaa1236/juku1256,"['kxaa1236', 'juku1256']",kxaa1236,juku1256,Kxa,family,Ju-Kung,family,Latn
758,bsc,http://www.wikidata.org/entity/Q35098,Bassari,33600,,bass1258,Bassari-Tanda,Africa,12.4529,-13.3495,bass1258,bsc,language,GN;GW;SN,atla1278,,bsc,,,False,bass1258,atla1278/nort3146/tend1239/bass1263,"['atla1278', 'nort3146', 'tend1239', 'bass1263']",atla1278,nort3146,Atlantic-Congo,family,North-Central Atlantic,family,Latn
759,inb,http://www.wikidata.org/entity/Q35491,Inga,33000,,inga1252,Colombian Inga,South America,1.00313,-76.8606,inga1252,inb,language,CO;VE,quec1387,,inb,,,False,inga1252,quec1387/colo1257/ecua1249/imba1241/colo1258,"['quec1387', 'colo1257', 'ecua1249', 'imba1241', 'colo1258']",quec1387,colo1257,Quechuan,family,Colombia-Ecuador Quechua,family,Latn
760,jac,http://www.wikidata.org/entity/Q33393,Jakaltek,33000,,popt1235,Popti',North America,15.6609,-91.6633,popt1235,jac,language,GT;MX,maya1287,,jac,,,False,popt1235,maya1287/core1254/west2865/kanj1261/kanj1262/kanj1263,"['maya1287', 'core1254', 'west2865', 'kanj1261', 'kanj1262', 'kanj1263']",maya1287,core1254,Mayan,family,Core Mayan,family,Latn
761,mhs,http://www.wikidata.org/entity/Q2928650,Buru,32980,,buru1303,Buru (Indonesia),Papunesia,-3.43957,126.632,buru1303,mhs,language,ID,aust1307,,mhs,,,False,buru1303,aust1307/mala1545/west2817/sula1247/buru1322,"['aust1307', 'mala1545', 'west2817', 'sula1247', 'buru1322']",aust1307,mala1545,Austronesian,family,Malayo-Polynesian,family,Latn
762,new,http://www.wikidata.org/entity/Q33979,Newar,32600,,newa1246,Kathmandu Valley Newari,Eurasia,27.67,85.326,newa1246,new,language,IN;NP,sino1245,,new,,,False,newa1246,sino1245/hima1249/maha1306/newa1245/newa1247,"['sino1245', 'hima1249', 'maha1306', 'newa1245', 'newa1247']",sino1245,hima1249,Sino-Tibetan,family,Himalayish,family,Deva
763,ddn,http://www.wikidata.org/entity/Q35164,Dendi,32050,,dend1243,Dendi (Benin),Africa,11.6682,3.49109,dend1243,ddn,language,BJ;NE;NG,song1307,,ddn,,,False,dend1243,song1307/east2431/zarm1240,"['song1307', 'east2431', 'zarm1240']",song1307,east2431,Songhay,family,Eastern Songhay,family,Latn
764,bri,http://www.wikidata.org/entity/Q36428,Kpwe,32000,,mokp1239,Mokpwe,Africa,4.24178,9.23887,mokp1239,bri,language,CM,atla1278,,bri,,,False,mokp1239,atla1278/volt1241/benu1247/bant1294/sout3152/narr1281/bant1295/lund1274/leko1248/ngoe1239/bafa1251/kpwe1234,"['atla1278', 'volt1241', 'benu1247', 'bant1294', 'sout3152', 'narr1281', 'bant1295', 'lund1274', 'leko1248', 'ngoe1239', 'bafa1251', 'kpwe1234']",atla1278,volt1241,Atlantic-Congo,family,Volta-Congo,family,Latn
765,ymk,http://www.wikidata.org/entity/Q6740513,Makwe,32000,,makw1236,Makwe,Africa,-10.4673,40.0274,makw1236,ymk,language,MZ;TZ,atla1278,,ymk,,,False,makw1236,atla1278/volt1241/benu1247/bant1294/sout3152/narr1281/east2731/rufi1235/ruvu1234/mako1254,"['atla1278', 'volt1241', 'benu1247', 'bant1294', 'sout3152', 'narr1281', 'east2731', 'rufi1235', 'ruvu1234', 'mako1254']",atla1278,volt1241,Atlantic-Congo,family,Volta-Congo,family,Latn
766,tny,http://www.wikidata.org/entity/Q7821200,Tongwe,31600,,tong1320,Tongwe,Africa,-6.43051,30.0807,tong1320,tny,language,TZ,atla1278,,tny,,,False,tong1320,atla1278/volt1241/benu1247/bant1294/sout3152/narr1281/east2731/nort3203/uncl1498/bend1261,"['atla1278', 'volt1241', 'benu1247', 'bant1294', 'sout3152', 'narr1281', 'east2731', 'nort3203', 'uncl1498', 'bend1261']",atla1278,volt1241,Atlantic-Congo,family,Volta-Congo,family,Latn
767,nzy,http://www.wikidata.org/entity/Q36374,Nzakambay,31500,,nzak1246,Nzakambay,Africa,7.66745,15.6675,nzak1246,nzy,language,CF;CM;TD,atla1278,,nzy,,,False,nzak1246,atla1278/volt1241/nort3149/came1255/mbum1257/cent2020/kara1477,"['atla1278', 'volt1241', 'nort3149', 'came1255', 'mbum1257', 'cent2020', 'kara1477']",atla1278,volt1241,Atlantic-Congo,family,Volta-Congo,family,Latn
768,jun,http://www.wikidata.org/entity/Q33362,Juang,30875,,juan1238,Juang,Eurasia,21.2606,85.5845,juan1238,jun,language,IN,aust1305,,jun,,,False,juan1238,aust1305/mund1335,"['aust1305', 'mund1335']",aust1305,mund1335,Austroasiatic,family,Mundaic,family,Orya
769,olo,http://www.wikidata.org/entity/Q36584,Livvi-Karelian,30770,,livv1243,Livvi,Eurasia,61.6565,29.0726,livv1243,olo,language,FI;RU,ural1272,,olo,,,False,livv1243,ural1272/finn1317/coas1319/neva1234/nort3282/lado1234/east2796,"['ural1272', 'finn1317', 'coas1319', 'neva1234', 'nort3282', 'lado1234', 'east2796']",ural1272,finn1317,Uralic,family,Finnic,family,Latn
770,tul,http://www.wikidata.org/entity/Q3914907,Tula,30000,,tula1252,Tula,Africa,9.84629,11.52551,tula1252,tul,language,NG,atla1278,,tul,,,False,tula1252,atla1278/volt1241/nort3149/gura1261/cent2243/tula1256/tula1250/tula1251/tula1257/nucl1371,"['atla1278', 'volt1241', 'nort3149', 'gura1261', 'cent2243', 'tula1256', 'tula1250', 'tula1251', 'tula1257', 'nucl1371']",atla1278,volt1241,Atlantic-Congo,family,Volta-Congo,family,Latn
771,lld,http://www.wikidata.org/entity/Q36202,Ladin,30000,,ladi1250,Ladin,Eurasia,46.60651,11.89498,ladi1250,lld,language,IT,indo1319,,lld,,,False,ladi1250,indo1319/clas1257/ital1284/lati1262/lati1263/impe1234/roma1334/ital1285/ital1286/ital1287,"['indo1319', 'clas1257', 'ital1284', 'lati1262', 'lati1263', 'impe1234', 'roma1334', 'ital1285', 'ital1286', 'ital1287']",indo1319,clas1257,Indo-European,family,Classical Indo-European,family,Latn
772,atb,http://www.wikidata.org/entity/Q56594,Zaiwa,30000,,zaiw1241,Zaiwa,Eurasia,24.1726,98.3643,zaiw1241,atb,language,CN;MM,sino1245,,atb,,,False,zaiw1241,sino1245/burm1265/lolo1265/burm1266/nort2720/maru1254,"['sino1245', 'burm1265', 'lolo1265', 'burm1266', 'nort2720', 'maru1254']",sino1245,burm1265,Sino-Tibetan,family,Burmo-Qiangic,family,Latn
773,adz,http://www.wikidata.org/entity/Q3327445,Adzera,30000,,adze1240,Adzera,Papunesia,-6.39394,146.294,adze1240,adz,language,PG,aust1307,,adz,,,False,adze1240,aust1307/mala1545/east2712/ocea1241/west2818/nort3206/huon1245/mark1257/uppe1423,"['aust1307', 'mala1545', 'east2712', 'ocea1241', 'west2818', 'nort3206', 'huon1245', 'mark1257', 'uppe1423']",aust1307,mala1545,Austronesian,family,Malayo-Polynesian,family,Latn
774,blz,http://www.wikidata.org/entity/Q4850053,Balantak,30000,,bala1315,Balantak,Papunesia,-0.86809,123.289,bala1315,blz,language,ID,aust1307,,blz,,,False,bala1315,aust1307/mala1545/cele1242/grea1299/east2488/salu1251/east2491,"['aust1307', 'mala1545', 'cele1242', 'grea1299', 'east2488', 'salu1251', 'east2491']",aust1307,mala1545,Austronesian,family,Malayo-Polynesian,family,Latn
775,qvc,http://www.wikidata.org/entity/Q35112,Cajamarca Quechua,30000,,caja1238,Cajamarca Quechua,South America,-7.09314,-78.3214,caja1238,qvc,language,PE,quec1387,,qvc,,,False,caja1238,quec1387/caja1240,"['quec1387', 'caja1240']",quec1387,caja1240,Quechuan,family,Cajamarca-Lambayeque Quechua,family,Latn
776,nag,http://www.wikidata.org/entity/Q3503454,Nagamese Creole,30000,,naga1394,Naga Pidgin,Eurasia,25.2508,93.4438,naga1394,nag,language,IN,indo1319,,nag,,,False,naga1394,indo1319/clas1257/indo1320/indo1321/midd1375/cont1248/indo1323/oriy1254/gaud1237/kamt1240/assa1262,"['indo1319', 'clas1257', 'indo1320', 'indo1321', 'midd1375', 'cont1248', 'indo1323', 'oriy1254', 'gaud1237', 'kamt1240', 'assa1262']",indo1319,clas1257,Indo-European,family,Classical Indo-European,family,Latn
777,mba,http://www.wikidata.org/entity/Q5753411,Higaonon,30000,,higa1237,Higaonon,Papunesia,8.61202,125.071,higa1237,mba,language,PH,aust1307,,mba,,,False,higa1237,aust1307/mala1545/grea1284/mano1276/nort2884/kina1254/buki1251,"['aust1307', 'mala1545', 'grea1284', 'mano1276', 'nort2884', 'kina1254', 'buki1251']",aust1307,mala1545,Austronesian,family,Malayo-Polynesian,family,Latn
778,oci,http://www.wikidata.org/entity/Q14185,Occitan,30000,,occi1239,Occitan,Eurasia,44.1415,6.82979,occi1239,oci,language,AD;ES;FR;IT;MC,indo1319,,oci,,,False,occi1239,indo1319/clas1257/ital1284/lati1262/lati1263/impe1234/roma1334/ital1285/west2813/shif1234/sout3183/occi1240,"['indo1319', 'clas1257', 'ital1284', 'lati1262', 'lati1263', 'impe1234', 'roma1334', 'ital1285', 'west2813', 'shif1234', 'sout3183', 'occi1240']",indo1319,clas1257,Indo-European,family,Classical Indo-European,family,
779,lsi,http://www.wikidata.org/entity/Q6493203,Lashi,30000,,lash1243,Lashi,Eurasia,26.0992,98.5481,lash1243,lsi,language,CN;MM,sino1245,,lsi,,,False,lash1243,sino1245/burm1265/lolo1265/burm1266/nort2720/maru1254/leqi1234,"['sino1245', 'burm1265', 'lolo1265', 'burm1266', 'nort2720', 'maru1254', 'leqi1234']",sino1245,burm1265,Sino-Tibetan,family,Burmo-Qiangic,family,Latn
780,mmd,http://www.wikidata.org/entity/Q3092293,Maonan,30000,,maon1241,Maonan,Eurasia,25.0169,108.024,maon1241,mmd,language,CN,taik1256,,mmd,,,False,maon1241,taik1256/kamt1241/kams1241/then1235/maon1239/maon1240,"['taik1256', 'kamt1241', 'kams1241', 'then1235', 'maon1239', 'maon1240']",taik1256,kamt1241,Tai-Kadai,family,Kam-Tai,family,Latn
781,mkf,http://www.wikidata.org/entity/Q43328,Miya,30000,,miya1266,Miya,Africa,10.9234,9.71505,miya1266,mkf,language,NG,afro1255,,mkf,,,False,miya1266,afro1255/chad1250/west2785/west2790/west2712/nucl1830/warj1254,"['afro1255', 'chad1250', 'west2785', 'west2790', 'west2712', 'nucl1830', 'warj1254']",afro1255,chad1250,Afro-Asiatic,family,Chadic,family,Latn
782,cgc,http://www.wikidata.org/entity/Q6346422,Kagayanen,30000,,kaga1256,Kagayanen,Papunesia,10.4656,119.872,kaga1256,cgc,language,PH,aust1307,,cgc,,,False,kaga1256,aust1307/mala1545/grea1284/mano1276/nort2884,"['aust1307', 'mala1545', 'grea1284', 'mano1276', 'nort2884']",aust1307,mala1545,Austronesian,family,Malayo-Polynesian,family,Latn
783,caa,http://www.wikidata.org/entity/Q35177,Ch’orti’,30000,,chor1273,Ch'orti',North America,14.818,-89.2363,chor1273,caa,language,GT;HN,maya1287,,caa,,,False,chor1273,maya1287/core1254/west2865/chol1286/chol1287/chor1272,"['maya1287', 'core1254', 'west2865', 'chol1286', 'chol1287', 'chor1272']",maya1287,core1254,Mayan,family,Core Mayan,family,Latn
784,sjo,http://www.wikidata.org/entity/Q13223,Xibe,30000,,xibe1242,Xibe,Eurasia,43.5854,81.0034,xibe1242,sjo,language,CN;KZ,tung1282,,sjo,,,False,xibe1242,tung1282/manc1250/manc1251,"['tung1282', 'manc1250', 'manc1251']",tung1282,manc1250,Tungusic,family,Manchu-Jurchen,family,
785,agx,http://www.wikidata.org/entity/Q36498,Aghul,29300,,aghu1253,Aghul,Eurasia,41.9242,47.5843,aghu1253,agx,language,AZ;RU,nakh1245,,agx,,,False,aghu1253,nakh1245/dagh1238/lezg1248/nucl1321/east2790/east2367/aghu1259/aghu1260,"['nakh1245', 'dagh1238', 'lezg1248', 'nucl1321', 'east2790', 'east2367', 'aghu1259', 'aghu1260']",nakh1245,dagh1238,Nakh-Daghestanian,family,Daghestanian,family,Cyrl
786,sne,http://www.wikidata.org/entity/Q2891938,Jagoi,29000,,baub1235,Bau-Jagoi Bidayuh,Papunesia,1.54467,109.985,baub1235,sne,language,ID;MY,aust1307,,sne,,,False,baub1235,aust1307/mala1545/land1261/bida1239/bida1240/cent2415,"['aust1307', 'mala1545', 'land1261', 'bida1239', 'bida1240', 'cent2415']",aust1307,mala1545,Austronesian,family,Malayo-Polynesian,family,Latn
787,snp,http://www.wikidata.org/entity/Q7506812,Siane,29000,,sian1257,Siane,Papunesia,-6.13188,145.247,sian1257,snp,language,PG,nucl1709,,snp,,,False,sian1257,nucl1709/kain1273/goro1272/nucl1760/nucl1756,"['nucl1709', 'kain1273', 'goro1272', 'nucl1760', 'nucl1756']",nucl1709,kain1273,Nuclear Trans New Guinea,family,Kainantu-Goroka,family,Latn
788,pon,http://www.wikidata.org/entity/Q28422,Pohnpeian,29000,,pohn1238,Pohnpeian,Papunesia,6.87212,158.223,pohn1238,pon,language,FM,aust1307,,pon,,,False,pohn1238,aust1307/mala1545/east2712/ocea1241/micr1243/cent2276/west2844/pona1247/pona1248,"['aust1307', 'mala1545', 'east2712', 'ocea1241', 'micr1243', 'cent2276', 'west2844', 'pona1247', 'pona1248']",aust1307,mala1545,Austronesian,family,Malayo-Polynesian,family,Latn
789,wlc,http://www.wikidata.org/entity/Q3319155,Mwali Comorian,28700,,mwal1237,Mwali Comorian,Africa,-12.3164,43.741,mwal1237,wlc,language,KM,atla1278,,wlc,,,False,mwal1237,atla1278/volt1241/benu1247/bant1294/sout3152/narr1281/east2731/nort3203/nort3209/coas1317/miji1240/como1260,"['atla1278', 'volt1241', 'benu1247', 'bant1294', 'sout3152', 'narr1281', 'east2731', 'nort3203', 'nort3209', 'coas1317', 'miji1240', 'como1260']",atla1278,volt1241,Atlantic-Congo,family,Volta-Congo,family,
791,zab,http://www.wikidata.org/entity/Q5614751,Guelavía Zapotec,28000,,sanj1284,Western Tlacolula Valley Zapotec,North America,17.0332,-96.5967,sanj1284,zab,language,MX;US,otom1299,,zab,,,False,sanj1284,otom1299/east2557/popo1292/zapo1436/zapo1437/nucl1765/core1259/cent2146/west2947,"['otom1299', 'east2557', 'popo1292', 'zapo1436', 'zapo1437', 'nucl1765', 'core1259', 'cent2146', 'west2947']",otom1299,east2557,Otomanguean,family,Eastern Otomanguean,family,Latn
792,lbo,http://www.wikidata.org/entity/Q6298648,Jru',28000,,lave1248,Laven,Eurasia,15.2726,106.322,lave1248,lbo,language,LA,aust1305,,lbo,,,False,lave1248,aust1305/bahn1264/west2399/nucl1299/love1237,"['aust1305', 'bahn1264', 'west2399', 'nucl1299', 'love1237']",aust1305,bahn1264,Austroasiatic,family,Bahnaric,family,Laoo
793,tmw,http://www.wikidata.org/entity/Q3025610,Temuan,28000,,temu1239,Temuan,Eurasia,2.78176,101.906,temu1239,tmw,language,MY,aust1307,,tmw,,,False,temu1239,aust1307/mala1545/mala1554/mala1538/nucl1806/sing1270,"['aust1307', 'mala1545', 'mala1554', 'mala1538', 'nucl1806', 'sing1270']",aust1307,mala1545,Austronesian,family,Malayo-Polynesian,family,Latn
794,tlb,http://www.wikidata.org/entity/Q1142333,Tobelo,27720,,tobe1252,Tobelo,Papunesia,1.0946,128.154,tobe1252,tlb,language,ID,nort2923,,tlb,,,False,tobe1252,nort2923/nort2924/main1282/tobe1251,"['nort2923', 'nort2924', 'main1282', 'tobe1251']",nort2923,nort2924,North Halmahera,family,Northern North Halmahera,family,Latn
795,agd,http://www.wikidata.org/entity/Q3399642,Agarabi,27000,,agar1252,Agarabi,Papunesia,-6.20604,145.917,agar1252,agd,language,PG,nucl1709,,agd,,,False,agar1252,nucl1709/kain1273/kain1274/gauw1235/gads1260,"['nucl1709', 'kain1273', 'kain1274', 'gauw1235', 'gads1260']",nucl1709,kain1273,Nuclear Trans New Guinea,family,Kainantu-Goroka,family,Latn
796,bdp,http://www.wikidata.org/entity/Q8836490,Bende,27000,,bend1258,Bende,Africa,-6.22082,30.5926,bend1258,bdp,language,TZ,atla1278,,bdp,,,False,bend1258,atla1278/volt1241/benu1247/bant1294/sout3152/narr1281/east2731/nort3203/uncl1498/bend1261,"['atla1278', 'volt1241', 'benu1247', 'bant1294', 'sout3152', 'narr1281', 'east2731', 'nort3203', 'uncl1498', 'bend1261']",atla1278,volt1241,Atlantic-Congo,family,Volta-Congo,family,Latn
797,tda,http://www.wikidata.org/entity/Q36570,Gadal,26900,,tagd1238,Tagdal,Africa,16.1908,6.83992,tagd1238,tda,language,NE;NG,song1307,,tda,,,False,tagd1238,song1307/nort2822/nort2823,"['song1307', 'nort2822', 'nort2823']",song1307,nort2822,Songhay,family,Northwest Songhay,family,Tfng
798,haw,http://www.wikidata.org/entity/Q33569,Hawaiian,26205,,hawa1245,Hawaiian,Papunesia,19.6297,-155.43,hawa1245,haw,language,US,aust1307,,haw,,,False,hawa1245,aust1307/mala1545/east2712/ocea1241/cent2060/east2445/poly1242/nucl1485/nort3246/solo1260/cent2298/east2449/east2896,"['aust1307', 'mala1545', 'east2712', 'ocea1241', 'cent2060', 'east2445', 'poly1242', 'nucl1485', 'nort3246', 'solo1260', 'cent2298', 'east2449', 'east2896']",aust1307,mala1545,Austronesian,family,Malayo-Polynesian,family,Latn
799,lel,http://www.wikidata.org/entity/Q56733,Lele,26000,,lele1265,Lele (Democratic Republic of Congo),Africa,-4.94672,20.5674,lele1265,lel,language,CD,atla1278,,lel,,,False,lele1265,atla1278/volt1241/benu1247/bant1294/sout3152/narr1281/cent2260/nort3376/inne1246/vieu1234/nkut1239/bush1251,"['atla1278', 'volt1241', 'benu1247', 'bant1294', 'sout3152', 'narr1281', 'cent2260', 'nort3376', 'inne1246', 'vieu1234', 'nkut1239', 'bush1251']",atla1278,volt1241,Atlantic-Congo,family,Volta-Congo,family,Latn
800,led,http://www.wikidata.org/entity/Q523823,Lendu,26000,,lend1245,Lendu,Africa,2.1898,30.6794,lend1245,led,language,CD;UG,cent2225,,led,,,False,lend1245,cent2225/lend1246/bale1255,"['cent2225', 'lend1246', 'bale1255']",cent2225,lend1246,Central Sudanic,family,Lenduic,family,Latn
801,gnd,http://www.wikidata.org/entity/Q56800,Zulgo-Gemzek,26000,,zulg1242,Zulgo-Gemzek,Africa,10.827,14.0578,zulg1242,gnd,language,CM,afro1255,,gnd,,,False,zulg1242,afro1255/chad1250/bium1280/nort3156/marg1267/mofu1249/meri1245,"['afro1255', 'chad1250', 'bium1280', 'nort3156', 'marg1267', 'mofu1249', 'meri1245']",afro1255,chad1250,Afro-Asiatic,family,Chadic,family,Latn
802,har,http://www.wikidata.org/entity/Q33626,Harari,25810,,hara1271,Harari,Africa,9.30485,42.1332,hara1271,har,language,ET,afro1255,,har,,,False,hara1271,afro1255/semi1276/west2786/ethi1244/sout3078/hara1270,"['afro1255', 'semi1276', 'west2786', 'ethi1244', 'sout3078', 'hara1270']",afro1255,semi1276,Afro-Asiatic,family,Semitic,family,Ethi
803,sme,http://www.wikidata.org/entity/Q33947,Northern Sami,25700,,nort2671,North Saami,Eurasia,68.725,22.1113,nort2671,sme,language,FI;NO;RU;SE,ural1272,,sme,,,False,nort2671,ural1272/saam1281/west2390/cent2240,"['ural1272', 'saam1281', 'west2390', 'cent2240']",ural1272,saam1281,Uralic,family,Saami,family,
804,aol,http://www.wikidata.org/entity/Q3332062,Alorese,25000,,alor1247,Alorese,Papunesia,-8.20382,124.264,alor1247,aol,language,ID,aust1307,,aol,,,False,alor1247,aust1307/mala1545/bima1248/flor1244/flor1239/lama1293,"['aust1307', 'mala1545', 'bima1248', 'flor1244', 'flor1239', 'lama1293']",aust1307,mala1545,Austronesian,family,Malayo-Polynesian,family,Latn
805,gah,http://www.wikidata.org/entity/Q3441595,Alekano,25000,,alek1238,Alekano,Papunesia,-6.03901,145.387,alek1238,gah,language,PG,nucl1709,,gah,,,False,alek1238,nucl1709/kain1273/goro1272/nucl1760/gahu1246,"['nucl1709', 'kain1273', 'goro1272', 'nucl1760', 'gahu1246']",nucl1709,kain1273,Nuclear Trans New Guinea,family,Kainantu-Goroka,family,Latn
806,pip,http://www.wikidata.org/entity/Q2411063,Pero,25000,,pero1241,Pero,Africa,9.62092,11.044,pero1241,pip,language,NG,afro1255,,pip,,,False,pero1241,afro1255/chad1250/west2785/west2714/west2799/west2715/tang1366/tang1367/pero1242,"['afro1255', 'chad1250', 'west2785', 'west2714', 'west2799', 'west2715', 'tang1366', 'tang1367', 'pero1242']",afro1255,chad1250,Afro-Asiatic,family,Chadic,family,Latn
807,cfa,http://www.wikidata.org/entity/Q3438350,Dijim-Bwilim,25000,,diji1241,Dijim-Bwilim,Africa,9.67567,11.5201,diji1241,cfa,language,NG,atla1278,,cfa,,,False,diji1241,atla1278/volt1241/nort3149/gura1261/cent2243/tula1256/tula1250/tula1251,"['atla1278', 'volt1241', 'nort3149', 'gura1261', 'cent2243', 'tula1256', 'tula1250', 'tula1251']",atla1278,volt1241,Atlantic-Congo,family,Volta-Congo,family,Latn
808,pis,http://www.wikidata.org/entity/Q36699,Pijin,25000,,piji1239,Pijin,Papunesia,-9.567,160.137,piji1239,pis,language,SB,indo1319,,pis,,,False,piji1239,indo1319/clas1257/germ1287/nort3152/west2793/nort3175/angl1264/angl1265/late1254/merc1242/macr1271/paci1280/earl1243,"['indo1319', 'clas1257', 'germ1287', 'nort3152', 'west2793', 'nort3175', 'angl1264', 'angl1265', 'late1254', 'merc1242', 'macr1271', 'paci1280', 'earl1243']",indo1319,clas1257,Indo-European,family,Classical Indo-European,family,Latn
809,mhp,http://www.wikidata.org/entity/Q12473441,Balinese Malay,25000,,bali1279,Balinese Malay,Papunesia,-8.355884,114.648391,bali1279,mhp,language,ID,aust1307,,mhp,,,False,bali1279,aust1307/mala1545/mala1554/mala1538/nucl1806/sing1270,"['aust1307', 'mala1545', 'mala1554', 'mala1538', 'nucl1806', 'sing1270']",aust1307,mala1545,Austronesian,family,Malayo-Polynesian,family,Latn
810,lmy,http://www.wikidata.org/entity/Q2479725,Lamboya,25000,,lamb1273,Lamboya,Papunesia,-9.70434,119.344,lamb1273,lmy,language,ID,aust1307,,lmy,,,False,lamb1273,aust1307/mala1545/bima1248/sumb1242/sumb1243/wewe1239,"['aust1307', 'mala1545', 'bima1248', 'sumb1242', 'sumb1243', 'wewe1239']",aust1307,mala1545,Austronesian,family,Malayo-Polynesian,family,Latn
811,bwc,http://www.wikidata.org/entity/Q3447440,Bwile,24800,,bwil1245,Bwile,Africa,-8.3041,29.4071,bwil1245,bwc,language,CD;ZM,atla1278,,bwc,,,False,bwil1245,atla1278/volt1241/benu1247/bant1294/sout3152/narr1281/east2731/sabi1248/malu1252,"['atla1278', 'volt1241', 'benu1247', 'bant1294', 'sout3152', 'narr1281', 'east2731', 'sabi1248', 'malu1252']",atla1278,volt1241,Atlantic-Congo,family,Volta-Congo,family,Latn
812,mql,http://www.wikidata.org/entity/Q4286473,Mbelime,24500,,mbel1240,Mbelime,Africa,10.4532,0.95645,mbel1240,mql,language,BJ;TG,atla1278,,mql,,,False,mbel1240,atla1278/volt1241/nort3149/gura1261/cent2243/nort2777/bwam1248/otiv1239/nucl1743/otiv1240/waam1245/taya1258/dita1239,"['atla1278', 'volt1241', 'nort3149', 'gura1261', 'cent2243', 'nort2777', 'bwam1248', 'otiv1239', 'nucl1743', 'otiv1240', 'waam1245', 'taya1258', 'dita1239']",atla1278,volt1241,Atlantic-Congo,family,Volta-Congo,family,Latn
813,bsh,http://www.wikidata.org/entity/Q2605045,Kamkata-viri,24200,,kati1270,Katë,Eurasia,35.4145,70.9826,kati1270,bsh,language,AF;PK,indo1319,,bsh,,,False,kati1270,indo1319/clas1257/indo1320/iran1271/nuri1243/ashk1248/ashk1249,"['indo1319', 'clas1257', 'indo1320', 'iran1271', 'nuri1243', 'ashk1248', 'ashk1249']",indo1319,clas1257,Indo-European,family,Classical Indo-European,family,Arab
814,doe,http://www.wikidata.org/entity/Q5288055,Doe,24000,,doee1238,Doe,Africa,-6.25844,38.4902,doee1238,doe,language,TZ,atla1278,,doe,,,False,doee1238,atla1278/volt1241/benu1247/bant1294/sout3152/narr1281/east2731/nort3203/nort3209/ruvu1235/east2756,"['atla1278', 'volt1241', 'benu1247', 'bant1294', 'sout3152', 'narr1281', 'east2731', 'nort3203', 'nort3209', 'ruvu1235', 'east2756']",atla1278,volt1241,Atlantic-Congo,family,Volta-Congo,family,Latn
815,sle,http://www.wikidata.org/entity/Q7500203,Sholaga,24000,,shol1240,Sholaga,Eurasia,11.9458,77.2211,shol1240,sle,language,IN,drav1251,,sle,,,False,shol1240,drav1251/sout3133/sout3138/tami1291/bada1263/kann1259,"['drav1251', 'sout3133', 'sout3138', 'tami1291', 'bada1263', 'kann1259']",drav1251,sout3133,Dravidian,family,South Dravidian,family,
816,yey,http://www.wikidata.org/entity/Q8053347,Yeyi,24000,,yeyi1239,Yeyi,Africa,-18.9178,23.6088,yeyi1239,yey,language,BW;NA,atla1278,,yey,,,False,yeyi1239,atla1278/volt1241/benu1247/bant1294/sout3152/narr1281/east2731,"['atla1278', 'volt1241', 'benu1247', 'bant1294', 'sout3152', 'narr1281', 'east2731']",atla1278,volt1241,Atlantic-Congo,family,Volta-Congo,family,Latn
817,bff,http://www.wikidata.org/entity/Q34914,Bofi,23500,,bofi1238,Bofi,Africa,4.02043,17.3032,bofi1238,bff,language,CF,atla1278,,bff,,,False,bofi1238,atla1278/volt1241/nort3149/gbay1279/gbay1280/mbod1237,"['atla1278', 'volt1241', 'nort3149', 'gbay1279', 'gbay1280', 'mbod1237']",atla1278,volt1241,Atlantic-Congo,family,Volta-Congo,family,Latn
818,mrj,http://www.wikidata.org/entity/Q1776032,Hill Mari,23062,,west2392,Western Mari,Eurasia,56.22,46.569,west2392,mrj,language,RU,ural1272,,mrj,,,False,west2392,ural1272/mari1278,"['ural1272', 'mari1278']",ural1272,mari1278,Uralic,family,Mari,family,Cyrl
819,bcw,http://www.wikidata.org/entity/Q56272,Bana,23000,,bana1305,Bana,Africa,10.3535,13.6131,bana1305,bcw,language,CM,afro1255,,bcw,,,False,bana1305,afro1255/chad1250/bium1280/nort3156/higi1241/nkaf1238,"['afro1255', 'chad1250', 'bium1280', 'nort3156', 'higi1241', 'nkaf1238']",afro1255,chad1250,Afro-Asiatic,family,Chadic,family,Latn
820,anm,http://www.wikidata.org/entity/Q56235,Namfau,23000,,anal1239,Anal,Eurasia,24.0506,94.2806,anal1239,anm,language,IN;MM,sino1245,,anm,,,False,anal1239,sino1245/kuki1245/kuki1246/oldk1252/anal1241/anal1240,"['sino1245', 'kuki1245', 'kuki1246', 'oldk1252', 'anal1241', 'anal1240']",sino1245,kuki1245,Sino-Tibetan,family,Kuki-Chin-Naga,family,Latn
821,tkr,http://www.wikidata.org/entity/Q36853,Tsakhur,23000,,tsak1249,Tsakhur,Eurasia,41.5916,46.8858,tsak1249,tkr,language,AZ;RU,nakh1245,,tkr,,,False,tsak1249,nakh1245/dagh1238/lezg1248/nucl1321/west2428,"['nakh1245', 'dagh1238', 'lezg1248', 'nucl1321', 'west2428']",nakh1245,dagh1238,Nakh-Daghestanian,family,Daghestanian,family,Latn
822,bld,http://www.wikidata.org/entity/Q3450578,Bolango,23000,,bola1252,Bolango,Papunesia,0.39044,123.888,bola1252,bld,language,ID,aust1307,,bld,,,False,bola1252,aust1307/mala1545/grea1284/goro1257/goro1273,"['aust1307', 'mala1545', 'grea1284', 'goro1257', 'goro1273']",aust1307,mala1545,Austronesian,family,Malayo-Polynesian,family,Latn
823,sli,http://www.wikidata.org/entity/Q152965,Silesian German,22900,,lowe1388,Lower Silesian,Eurasia,50.6963,15.9667,lowe1388,sli,language,CZ;DE;PL,indo1319,,sli,,,False,lowe1388,indo1319/clas1257/germ1287/nort3152/west2793/high1289/fran1268/east2832/schl1237,"['indo1319', 'clas1257', 'germ1287', 'nort3152', 'west2793', 'high1289', 'fran1268', 'east2832', 'schl1237']",indo1319,clas1257,Indo-European,family,Classical Indo-European,family,Latn
824,wae,http://www.wikidata.org/entity/Q680517,Walser German,22780,,wals1238,Walser,Eurasia,46.6995,9.18266,wals1238,wae,language,AT;CH;IT;LI,indo1319,,wae,,,False,wals1238,indo1319/clas1257/germ1287/nort3152/west2793/high1289/high1286/midd1349/mode1258/alem1243/sout3294,"['indo1319', 'clas1257', 'germ1287', 'nort3152', 'west2793', 'high1289', 'high1286', 'midd1349', 'mode1258', 'alem1243', 'sout3294']",indo1319,clas1257,Indo-European,family,Classical Indo-European,family,Latn
825,dhm,http://www.wikidata.org/entity/Q1845148,Zemba,22000,,zemb1238,Zemba,Africa,-17.2958,13.4424,zemb1238,dhm,language,AO;NA,atla1278,,dhm,,,False,zemb1238,atla1278/volt1241/benu1247/bant1294/sout3152/narr1281/cent2260/njil1234/sout3233/kune1234/cimb1239/here1252,"['atla1278', 'volt1241', 'benu1247', 'bant1294', 'sout3152', 'narr1281', 'cent2260', 'njil1234', 'sout3233', 'kune1234', 'cimb1239', 'here1252']",atla1278,volt1241,Atlantic-Congo,family,Volta-Congo,family,Latn
826,yrk,http://www.wikidata.org/entity/Q36452,Nenets,21926,,nene1249,Tundra Nenets,Eurasia,66.1775,71.0234,nene1249,yrk,language,RU,ural1272,,yrk,,,False,nene1249,ural1272/samo1298/enet1251/nene1251,"['ural1272', 'samo1298', 'enet1251', 'nene1251']",ural1272,samo1298,Uralic,family,Samoyedic,family,Cyrl
827,abx,http://www.wikidata.org/entity/Q2820163,Abaknon,21400,,inab1237,Inabaknon,Papunesia,12.4264,124.166,inab1237,abx,language,PH,aust1307,,abx,,,False,inab1237,aust1307/mala1545/basa1291/grea1283/sama1302,"['aust1307', 'mala1545', 'basa1291', 'grea1283', 'sama1302']",aust1307,mala1545,Austronesian,family,Malayo-Polynesian,family,Latn
828,xdq,http://www.wikidata.org/entity/Q1990659,Kaitag,21000,,kajt1238,Kajtak,Eurasia,42.052428,47.776611,kajt1238,xdq,language,RU,nakh1245,,xdq,,,False,kajt1238,nakh1245/dagh1238/darg1242/sout3260,"['nakh1245', 'dagh1238', 'darg1242', 'sout3260']",nakh1245,dagh1238,Nakh-Daghestanian,family,Daghestanian,family,Cyrl
829,ygr,http://www.wikidata.org/entity/Q8046690,Yagaria,21000,,yaga1260,Yagaria,Papunesia,-6.32432,145.388,yaga1260,ygr,language,PG,nucl1709,,ygr,,,False,yaga1260,nucl1709/kain1273/goro1272/nucl1760/nucl1756/kama1374,"['nucl1709', 'kain1273', 'goro1272', 'nucl1760', 'nucl1756', 'kama1374']",nucl1709,kain1273,Nuclear Trans New Guinea,family,Kainantu-Goroka,family,Latn
830,csg,http://www.wikidata.org/entity/Q3322112,Chilean Sign Language,21000,,chil1264,Chilean Sign Language,South America,-32.781,-70.6698,chil1264,csg,language,CL,sign1238,,csg,,,False,chil1264,sign1238/deaf1237,"['sign1238', 'deaf1237']",sign1238,deaf1237,Sign Language,family,L1 Sign Language,family,
831,zom,http://www.wikidata.org/entity/Q37011,Zo,20900,,zouu1235,Zou,Eurasia,24.0649,93.9253,zouu1235,zom,language,IN;MM,sino1245,,zom,,,False,zouu1235,sino1245/kuki1245/kuki1246/peri1260/nort3179/siza1239,"['sino1245', 'kuki1245', 'kuki1246', 'peri1260', 'nort3179', 'siza1239']",sino1245,kuki1245,Sino-Tibetan,family,Kuki-Chin-Naga,family,Latn
832,gum,http://www.wikidata.org/entity/Q2744745,Guambiano,20782,,guam1248,Guambiano,South America,2.55849,-76.582,guam1248,gum,language,CO,barb1265,,gum,,,False,guam1248,barb1265/coco1262,"['barb1265', 'coco1262']",barb1265,coco1262,Barbacoan,family,Coconucan,family,Latn
833,nzs,http://www.wikidata.org/entity/Q36239,New Zealand Sign Language,20200,,newz1236,New Zealand Sign Language,Papunesia,-39.2923,175.773,newz1236,nzs,language,NZ,sign1238,,nzs,,,False,newz1236,sign1238/deaf1237/bsli1234/banz1243,"['sign1238', 'deaf1237', 'bsli1234', 'banz1243']",sign1238,deaf1237,Sign Language,family,L1 Sign Language,family,
834,kcq,http://www.wikidata.org/entity/Q3914879,Kamo,20000,,kamo1254,Kamo,Africa,10.0602,11.2712,kamo1254,kcq,language,NG,atla1278,,kcq,,,False,kamo1254,atla1278/volt1241/nort3149/gura1261/cent2243/tula1256/tula1250/tula1251/tula1257/awak1249,"['atla1278', 'volt1241', 'nort3149', 'gura1261', 'cent2243', 'tula1256', 'tula1250', 'tula1251', 'tula1257', 'awak1249']",atla1278,volt1241,Atlantic-Congo,family,Volta-Congo,family,Latn
835,quf,http://www.wikidata.org/entity/Q35519,Lambayeque Quechua,20000,,lamb1276,Lambayeque Quechua,South America,-6.1715,-79.468,lamb1276,quf,language,PE,quec1387,,quf,,,False,lamb1276,quec1387/caja1240,"['quec1387', 'caja1240']",quec1387,caja1240,Quechuan,family,Cajamarca-Lambayeque Quechua,family,Latn
836,mnz,http://www.wikidata.org/entity/Q6899857,Migani,20000,,moni1261,Moni,Papunesia,-3.72962,136.886,moni1261,mnz,language,ID,nucl1709,,mnz,,,False,moni1261,nucl1709/pani1259,"['nucl1709', 'pani1259']",nucl1709,pani1259,Nuclear Trans New Guinea,family,Paniai Lakes,family,Latn
837,pap,http://www.wikidata.org/entity/Q33856,Papiamento,20000,,papi1253,Papiamento,South America,12.48485,-69.93988,papi1253,pap,language,AW;BQ;CW;NL,indo1319,,pap,,,False,papi1253,indo1319/clas1257/ital1284/lati1262/lati1263/impe1234/roma1334/ital1285/west2813/shif1234/sout3183/west2838/gali1263/macr1272/uppe1458,"['indo1319', 'clas1257', 'ital1284', 'lati1262', 'lati1263', 'impe1234', 'roma1334', 'ital1285', 'west2813', 'shif1234', 'sout3183', 'west2838', 'gali1263', 'macr1272', 'uppe1458']",indo1319,clas1257,Indo-European,family,Classical Indo-European,family,Latn
838,dun,http://www.wikidata.org/entity/Q2784033,Deyah,20000,,dusu1271,Dusun Deyah,Papunesia,-1.95514,115.578,dusu1271,dun,language,ID,aust1307,,dun,,,False,dusu1271,aust1307/mala1545/basa1291/grea1283,"['aust1307', 'mala1545', 'basa1291', 'grea1283']",aust1307,mala1545,Austronesian,family,Malayo-Polynesian,family,Latn
839,trv,http://www.wikidata.org/entity/Q716686,Seediq,20000,,taro1264,Seediq,Papunesia,23.9032,121.358,taro1264,trv,language,CN;TW,aust1307,,trv,,,False,taro1264,aust1307/atay1246,"['aust1307', 'atay1246']",aust1307,atay1246,Austronesian,family,Atayalic,family,Latn
840,kna,http://www.wikidata.org/entity/Q56811,Kanakuru,20000,,dera1248,Dera (Nigeria),Africa,10.072,12.0256,dera1248,kna,language,NG,afro1255,,kna,,,False,dera1248,afro1255/chad1250/west2785/west2714/west2799/west2715/tang1366,"['afro1255', 'chad1250', 'west2785', 'west2714', 'west2799', 'west2715', 'tang1366']",afro1255,chad1250,Afro-Asiatic,family,Chadic,family,Latn
841,dak,http://www.wikidata.org/entity/Q530384,Dakota,20000,,dako1258,Dakota,North America,45.86,-96.58,dako1258,dak,language,CA;US,siou1252,,dak,,,False,dako1258,siou1252/miss1254/dako1257/siou1253,"['siou1252', 'miss1254', 'dako1257', 'siou1253']",siou1252,miss1254,Siouan,family,Mississippi Valley,family,Latn
842,oua,http://www.wikidata.org/entity/Q56586,Wargli,20000,,taga1278,Ouargli,Africa,31.9454,5.28444,taga1278,oua,language,DZ,afro1255,,oua,,,False,taga1278,afro1255/berb1260/grea1296/zena1250/moza1250/ouar1239,"['afro1255', 'berb1260', 'grea1296', 'zena1250', 'moza1250', 'ouar1239']",afro1255,berb1260,Afro-Asiatic,family,Berber,family,
843,ani,http://www.wikidata.org/entity/Q34849,Andi,20000,,andi1255,Andi,Eurasia,42.8078,46.2919,andi1255,ani,language,RU,nakh1245,,ani,,,False,andi1255,nakh1245/dagh1238/avar1255/andi1254,"['nakh1245', 'dagh1238', 'avar1255', 'andi1254']",nakh1245,dagh1238,Nakh-Daghestanian,family,Daghestanian,family,Cyrl
844,nuo,http://www.wikidata.org/entity/Q3915785,Nguồn,20000,,nguo1239,Nguôn,Eurasia,17.7243,105.932,nguo1239,nuo,language,LA;VN,aust1305,,nuo,,,False,nguo1239,aust1305/viet1250/viet1251/muon1245,"['aust1305', 'viet1250', 'viet1251', 'muon1245']",aust1305,viet1250,Austroasiatic,family,Vietic,family,Latn
845,pga,http://www.wikidata.org/entity/Q1262143,Juba Arabic,20000,,suda1237,South Sudanese Creole Arabic,Africa,5.654,28.774,suda1237,pga,language,SS,afro1255,,pga,,,False,suda1237,afro1255/semi1276/west2786/cent2236/arab1394/arab1395/egyp1251/egyp1254/suda1235/east2897,"['afro1255', 'semi1276', 'west2786', 'cent2236', 'arab1394', 'arab1395', 'egyp1251', 'egyp1254', 'suda1235', 'east2897']",afro1255,semi1276,Afro-Asiatic,family,Semitic,family,Latn
846,kfc,http://www.wikidata.org/entity/Q35679,Konda,20000,,kond1295,Konda-Dora,Eurasia,18.26754,82.93402,kond1295,kfc,language,IN,drav1251,,kfc,,,False,kond1295,drav1251/sout3133/sout3139/kond1294,"['drav1251', 'sout3133', 'sout3139', 'kond1294']",drav1251,sout3133,Dravidian,family,South Dravidian,family,Telu
847,hca,http://www.wikidata.org/entity/Q7599417,Andaman Creole Hindi,20000,,anda1280,Andaman Creole Hindi,Eurasia,11.676,92.738,anda1280,hca,language,IN,indo1319,,hca,,,False,anda1280,indo1319/clas1257/indo1320/indo1321/midd1375/cont1248/midl1245/shau1239/indo1322/west2812/hind1270,"['indo1319', 'clas1257', 'indo1320', 'indo1321', 'midd1375', 'cont1248', 'midl1245', 'shau1239', 'indo1322', 'west2812', 'hind1270']",indo1319,clas1257,Indo-European,family,Classical Indo-European,family,
848,mky,http://www.wikidata.org/entity/Q3512690,Taba,20000,,east2440,East Makian,Papunesia,0.07337,127.423,east2440,mky,language,ID,aust1307,,mky,,,False,east2440,aust1307/mala1545/east2712/sout3229/raja1255/sout3231/east2439,"['aust1307', 'mala1545', 'east2712', 'sout3229', 'raja1255', 'sout3231', 'east2439']",aust1307,mala1545,Austronesian,family,Malayo-Polynesian,family,Latn
849,szn,http://www.wikidata.org/entity/Q3503403,Sula,20000,,sula1248,Sula,Papunesia,-2.30765,125.9656,sula1248,szn,language,ID,aust1307,,szn,,,False,sula1248,aust1307/mala1545/west2817/sula1247,"['aust1307', 'mala1545', 'west2817', 'sula1247']",aust1307,mala1545,Austronesian,family,Malayo-Polynesian,family,Latn
850,bvb,http://www.wikidata.org/entity/Q35110,Bube,20000,,bube1242,Bube,Africa,3.53638,8.68929,bube1242,bvb,language,GQ,atla1278,,bvb,,,False,bube1242,atla1278/volt1241/benu1247/bant1294/sout3152/narr1281/mbam1254,"['atla1278', 'volt1241', 'benu1247', 'bant1294', 'sout3152', 'narr1281', 'mbam1254']",atla1278,volt1241,Atlantic-Congo,family,Volta-Congo,family,Latn
851,ksd,http://www.wikidata.org/entity/Q35870,Tolai,20000,,kuan1248,Kuanua,Papunesia,-4.30986,152.114,kuan1248,ksd,language,PG,aust1307,,ksd,,,False,kuan1248,aust1307/mala1545/east2712/ocea1241/west2818/meso1253/newi1242/stge1234/patp1244/mini1257,"['aust1307', 'mala1545', 'east2712', 'ocea1241', 'west2818', 'meso1253', 'newi1242', 'stge1234', 'patp1244', 'mini1257']",aust1307,mala1545,Austronesian,family,Malayo-Polynesian,family,Latn
852,lrt,http://www.wikidata.org/entity/Q6488691,Larantuka Malay,20000,,lara1260,Larantuka Malay,Papunesia,-8.4746,122.7619,lara1260,lrt,language,ID,aust1307,,lrt,,,False,lara1260,aust1307/mala1545/mala1554/mala1538/nucl1806/vehi1234/east2743,"['aust1307', 'mala1545', 'mala1554', 'mala1538', 'nucl1806', 'vehi1234', 'east2743']",aust1307,mala1545,Austronesian,family,Malayo-Polynesian,family,Latn
853,dox,http://www.wikidata.org/entity/Q35123,Bussa,19020,,buss1239,Bussa,Africa,5.74987,37.2017,buss1239,dox,language,ET,afro1255,,dox,,,False,buss1239,afro1255/cush1243/east2699/lowl1267/sout3055/main1283/nucl1701/kons1242/gido1236,"['afro1255', 'cush1243', 'east2699', 'lowl1267', 'sout3055', 'main1283', 'nucl1701', 'kons1242', 'gido1236']",afro1255,cush1243,Afro-Asiatic,family,Cushitic,family,Ethi
854,mek,http://www.wikidata.org/entity/Q3304803,Mekeo,19000,,meke1243,Mekeo,Papunesia,-8.23853,146.586,meke1243,mek,language,PG,aust1307,,mek,,,False,meke1243,aust1307/mala1545/east2712/ocea1241/west2818/papu1253/peri1258/cent2070/west2850/nucl1506,"['aust1307', 'mala1545', 'east2712', 'ocea1241', 'west2818', 'papu1253', 'peri1258', 'cent2070', 'west2850', 'nucl1506']",aust1307,mala1545,Austronesian,family,Malayo-Polynesian,family,Latn
855,maa,http://www.wikidata.org/entity/Q7692927,Tecóatl Mazatec,18900,,sanj1286,San Jerónimo Tecóatl Mazatec,North America,18.1999,-96.8833,sanj1286,maa,language,MX,otom1299,,maa,,,False,sanj1286,otom1299/east2557/popo1292/popo1293/maza1295/teco1234,"['otom1299', 'east2557', 'popo1292', 'popo1293', 'maza1295', 'teco1234']",otom1299,east2557,Otomanguean,family,Eastern Otomanguean,family,Latn
856,xom,http://www.wikidata.org/entity/Q56681,Komo,18530,,komo1258,Komo (Sudan-Ethiopia),Africa,8.94162,34.0939,komo1258,xom,language,ET;SD;SS,koma1264,,xom,,,False,komo1258,koma1264/opuu1238/twam1235,"['koma1264', 'opuu1238', 'twam1235']",koma1264,opuu1238,Koman,family,Central Koman,family,Latn
857,kie,http://www.wikidata.org/entity/Q56893,Kibet,18500,,kibe1241,Kibet,Africa,11.32054,20.87674,kibe1241,kie,language,TD,maba1274,,kie,,,False,kibe1241,maba1274/maba1275/rung1257,"['maba1274', 'maba1275', 'rung1257']",maba1274,maba1275,Maban,family,Mabang,family,Latn
858,mpe,http://www.wikidata.org/entity/Q56724,Majang,18500,,maja1242,Majang,Africa,7.71,34.97,maja1242,mpe,language,ET,surm1244,,mpe,,,False,maja1242,surm1244,['surm1244'],surm1244,,Surmic,family,,,Latn
859,snc,http://www.wikidata.org/entity/Q4170719,Sinaugoro,18000,,sina1266,Sinaugoro,Papunesia,-9.79791,147.861,sina1266,snc,language,PG,aust1307,,snc,,,False,sina1266,aust1307/mala1545/east2712/ocea1241/west2818/papu1253/peri1258/cent2070/sina1272,"['aust1307', 'mala1545', 'east2712', 'ocea1241', 'west2818', 'papu1253', 'peri1258', 'cent2070', 'sina1272']",aust1307,mala1545,Austronesian,family,Malayo-Polynesian,family,Latn
860,alu,http://www.wikidata.org/entity/Q5160,'Are'are,18000,,area1240,'Are'are,Papunesia,-9.20699,161.158,area1240,alu,language,SB,aust1307,,alu,,,False,area1240,aust1307/mala1545/east2712/ocea1241/sout2853/mala1485/mala1540/mala1542/sout3198,"['aust1307', 'mala1545', 'east2712', 'ocea1241', 'sout2853', 'mala1485', 'mala1540', 'mala1542', 'sout3198']",aust1307,mala1545,Austronesian,family,Malayo-Polynesian,family,Latn
861,mfh,http://www.wikidata.org/entity/Q3501751,Matal,18000,,mata1306,Matal,Africa,10.9284,14.0474,mata1306,mfh,language,CM,afro1255,,mfh,,,False,mata1306,afro1255/chad1250/bium1280/nort3156/marg1267/mand1472/podo1243,"['afro1255', 'chad1250', 'bium1280', 'nort3156', 'marg1267', 'mand1472', 'podo1243']",afro1255,chad1250,Afro-Asiatic,family,Chadic,family,Latn
862,dow,http://www.wikidata.org/entity/Q35299,Dowayo,18000,,doya1240,Doyayo,Africa,8.68604,13.0768,doya1240,dow,language,CM,atla1278,,dow,,,False,doya1240,atla1278/volt1241/nort3149/came1255/samb1322/samb1323/nort3259,"['atla1278', 'volt1241', 'nort3149', 'came1255', 'samb1322', 'samb1323', 'nort3259']",atla1278,volt1241,Atlantic-Congo,family,Volta-Congo,family,Latn
863,rar,http://www.wikidata.org/entity/Q36745,Cook Islands Maori,17500,,raro1241,Southern Cook Island Maori,Papunesia,-21.23,-159.78,raro1241,rar,language,AU;CK;NZ;PF,aust1307,,rar,,,False,raro1241,aust1307/mala1545/east2712/ocea1241/cent2060/east2445/poly1242/nucl1485/nort3246/solo1260/cent2298/east2449/east2896/sout3383,"['aust1307', 'mala1545', 'east2712', 'ocea1241', 'cent2060', 'east2445', 'poly1242', 'nucl1485', 'nort3246', 'solo1260', 'cent2298', 'east2449', 'east2896', 'sout3383']",aust1307,mala1545,Austronesian,family,Malayo-Polynesian,family,Latn
864,bwe,http://www.wikidata.org/entity/Q56994,Bwe Karen,17200,,bwek1238,Bwe Karen,Eurasia,18.9796,96.9936,bwek1238,bwe,language,MM;TH,sino1245,,bwe,,,False,bwek1238,sino1245/kare1337/cent1999/geba1236,"['sino1245', 'kare1337', 'cent1999', 'geba1236']",sino1245,kare1337,Sino-Tibetan,family,Karenic,family,Mymr
865,pau,http://www.wikidata.org/entity/Q33776,Palauan,17000,,pala1344,Palauan,Papunesia,7.34138,134.476678,pala1344,pau,language,PW,aust1307,,pau,,,False,pala1344,aust1307/mala1545,"['aust1307', 'mala1545']",aust1307,mala1545,Austronesian,family,Malayo-Polynesian,family,Latn
866,alp,http://www.wikidata.org/entity/Q3327367,Alune,17000,,alun1238,Alune,Papunesia,-3.11477,128.394,alun1238,alp,language,ID,aust1307,,alp,,,False,alun1238,aust1307/mala1545/nunu1252/thre1238/amal1243/nort3221/ulat1237,"['aust1307', 'mala1545', 'nunu1252', 'thre1238', 'amal1243', 'nort3221', 'ulat1237']",aust1307,mala1545,Austronesian,family,Malayo-Polynesian,family,Latn
867,esu,http://www.wikidata.org/entity/Q21117,Central Alaskan Yup'ik,16900,,cent2127,Central Alaskan Yupik,North America,60.3062,-161.486,cent2127,esu,language,US,eski1264,,esu,,,False,cent2127,eski1264/eski1265/yupi1267,"['eski1264', 'eski1265', 'yupi1267']",eski1264,eski1265,Eskimo-Aleut,family,Eskimo,family,Latn
868,kcu,http://www.wikidata.org/entity/Q3915212,Kami,16400,,kami1256,Kami (Tanzania),Africa,-6.71075,37.98,kami1256,kcu,language,TZ,atla1278,,kcu,,,False,kami1256,atla1278/volt1241/benu1247/bant1294/sout3152/narr1281/east2731/nort3203/nort3209/ruvu1235/east2756/cent2287,"['atla1278', 'volt1241', 'benu1247', 'bant1294', 'sout3152', 'narr1281', 'east2731', 'nort3203', 'nort3209', 'ruvu1235', 'east2756', 'cent2287']",atla1278,volt1241,Atlantic-Congo,family,Volta-Congo,family,Latn
869,guu,http://www.wikidata.org/entity/Q8048928,Yanomamö,16200,,yano1261,Yanomamö,South America,1.67967,-64.8781,yano1261,guu,language,BR;VE,yano1268,,guu,,,False,yano1261,yano1268/nina1239/yano1266/yano1267,"['yano1268', 'nina1239', 'yano1266', 'yano1267']",yano1268,nina1239,Yanomamic,family,Ninam-Yanomam-Yaroame,family,Latn
870,xsr,http://www.wikidata.org/entity/Q36612,Sherpa,16012,,sher1255,Solu-Khumbu Sherpa,Eurasia,27.674,86.9994,sher1255,xsr,language,CN;IN;NP,sino1245,,xsr,,,False,sher1255,sino1245/bodi1256/bodi1257/oldm1245/tibe1276/late1253/cent2346/sout3216/sher1254/sher1260,"['sino1245', 'bodi1256', 'bodi1257', 'oldm1245', 'tibe1276', 'late1253', 'cent2346', 'sout3216', 'sher1254', 'sher1260']",sino1245,bodi1256,Sino-Tibetan,family,Bodic,family,Deva
871,srh,http://www.wikidata.org/entity/Q33873,Sarikoli,16000,,sari1246,Sarikoli,Eurasia,37.905,75.1449,sari1246,srh,language,CN,indo1319,,srh,,,False,sari1246,indo1319/clas1257/indo1320/iran1271/iran1269/cent2399/shug1237/shug1253,"['indo1319', 'clas1257', 'indo1320', 'iran1271', 'iran1269', 'cent2399', 'shug1237', 'shug1253']",indo1319,clas1257,Indo-European,family,Classical Indo-European,family,Arab
872,yec,http://www.wikidata.org/entity/Q1365342,Yenish,16000,,yeni1236,Yeniche,Eurasia,48.2483,8.47267,yeni1236,yec,language,AT;CH;DE;FR;NL,mixe1287,,yec,,,False,yeni1236,mixe1287/germ1288,"['mixe1287', 'germ1288']",mixe1287,germ1288,Mixed Language,family,German-Yiddish-Romani-Rotwelsch,family,Latn
873,yog,http://www.wikidata.org/entity/Q8054343,Yogad,16000,,yoga1237,Yogad,Papunesia,16.7015,121.718,yoga1237,yog,language,PH,aust1307,,yog,,,False,yoga1237,aust1307/mala1545/nort3238/caga1241/iban1268/gadd1245,"['aust1307', 'mala1545', 'nort3238', 'caga1241', 'iban1268', 'gadd1245']",aust1307,mala1545,Austronesian,family,Malayo-Polynesian,family,Latn
874,ter,http://www.wikidata.org/entity/Q3314742,Terêna,16000,,tere1279,Terena-Kinikinao-Chane,South America,-20.6614,-56.0329,tere1279,ter,language,BR,araw1281,,ter,,,False,tere1279,araw1281/sout3131/boli1260,"['araw1281', 'sout3131', 'boli1260']",araw1281,sout3131,Arawakan,family,Southern Maipuran,family,Latn
875,dhv,http://www.wikidata.org/entity/Q3039319,Drehu,15949,,dehu1237,Dehu,Papunesia,-20.8892,167.229,dehu1237,dhv,language,NC,aust1307,,dhv,,,False,dehu1237,aust1307/mala1545/east2712/ocea1241/sout3173/newc1243/loya1239,"['aust1307', 'mala1545', 'east2712', 'ocea1241', 'sout3173', 'newc1243', 'loya1239']",aust1307,mala1545,Austronesian,family,Malayo-Polynesian,family,Latn
876,evn,http://www.wikidata.org/entity/Q30004,Evenki,15800,,even1259,Evenki,Eurasia,61.972,94.689,even1259,evn,language,CN;MN;RU,tung1282,,evn,,,False,even1259,tung1282/nort3417/nort3147,"['tung1282', 'nort3417', 'nort3147']",tung1282,nort3417,Tungusic,family,Northeastern Tungusic,family,Cyrl
877,swb,http://www.wikidata.org/entity/Q34075,Maore,15200,,maor1244,Maore Comorian,Africa,-12.830306,45.154942,maor1244,swb,language,FR;KM;MG;RE;YT,atla1278,,swb,,,False,maor1244,atla1278/volt1241/benu1247/bant1294/sout3152/narr1281/east2731/nort3203/nort3209/coas1317/miji1240/como1260/shin1269,"['atla1278', 'volt1241', 'benu1247', 'bant1294', 'sout3152', 'narr1281', 'east2731', 'nort3203', 'nort3209', 'coas1317', 'miji1240', 'como1260', 'shin1269']",atla1278,volt1241,Atlantic-Congo,family,Volta-Congo,family,Arab
878,xkz,http://www.wikidata.org/entity/Q3695193,Kurtöp,15000,,kurt1248,Kurtokha,Eurasia,27.5365,90.9822,kurt1248,xkz,language,BT;CN,sino1245,,xkz,,,False,kurt1248,sino1245/bodi1256/bodi1257/phob1238/chal1266/bumt1238,"['sino1245', 'bodi1256', 'bodi1257', 'phob1238', 'chal1266', 'bumt1238']",sino1245,bodi1256,Sino-Tibetan,family,Bodic,family,Latn
879,qvs,http://www.wikidata.org/entity/Q35880,Lamas Quechua,15000,,sanm1289,San Martín Quechua,South America,-6.9582,-76.6608,sanm1289,qvs,language,PE,quec1387,,qvs,,,False,sanm1289,quec1387/sanm1306,"['quec1387', 'sanm1306']",quec1387,sanm1306,Quechuan,family,San Martin-Amazonas Quechua,family,Latn
880,dse,http://www.wikidata.org/entity/Q2201099,Dutch Sign Language,15000,,dutc1253,Dutch Sign Language,Eurasia,52.1251,4.91133,dutc1253,dse,language,NL,sign1238,,dse,,,False,dutc1253,sign1238/deaf1237/lsfi1234/dutc1259,"['sign1238', 'deaf1237', 'lsfi1234', 'dutc1259']",sign1238,deaf1237,Sign Language,family,L1 Sign Language,family,
881,sva,http://www.wikidata.org/entity/Q34067,Svan,15000,,svan1243,Svan,Eurasia,42.9134,42.5915,svan1243,sva,language,GE;RU,kart1248,,sva,,,False,svan1243,kart1248,['kart1248'],kart1248,,Kartvelian,family,,,Geor
882,tby,http://www.wikidata.org/entity/Q11732670,Tabaru,15000,,taba1263,Tabaru,Papunesia,1.46563,127.633,taba1263,tby,language,ID,nort2923,,tby,,,False,taba1263,nort2923/nort2924/main1282,"['nort2923', 'nort2924', 'main1282']",nort2923,nort2924,North Halmahera,family,Northern North Halmahera,family,Latn
883,klr,http://www.wikidata.org/entity/Q56381,Khaling,15000,,khal1275,Khaling,Eurasia,27.3912,87.5053,khal1275,klr,language,IN;NP,sino1245,,klr,,,False,khal1275,sino1245/hima1249/maha1306/kira1253/uppe1413,"['sino1245', 'hima1249', 'maha1306', 'kira1253', 'uppe1413']",sino1245,hima1249,Sino-Tibetan,family,Himalayish,family,Deva
884,ood,http://www.wikidata.org/entity/Q2393095,O'odham,15000,,toho1245,Tohono O'odham,North America,31.7973,-111.995,toho1245,ood,language,MX;US,utoa1244,,ood,,,False,toho1245,utoa1244/sout3136/tepi1240/pima1249,"['utoa1244', 'sout3136', 'tepi1240', 'pima1249']",utoa1244,sout3136,Uto-Aztecan,family,Southern Uto-Aztecan,family,Latn
885,ldm,http://www.wikidata.org/entity/Q35568,Landoma,15000,,land1256,Landoma,Africa,10.8753,-14.0895,land1256,ldm,language,GN,atla1278,,ldm,,,False,land1256,atla1278/mela1257/temn1245,"['atla1278', 'mela1257', 'temn1245']",atla1278,mela1257,Atlantic-Congo,family,Mel,family,Latn
886,mwl,http://www.wikidata.org/entity/Q13330,Mirandese,15000,,mira1251,Mirandese,Eurasia,41.5375,-6.38371,mira1251,mwl,language,ES;PT,indo1319,,mwl,,,False,mira1251,indo1319/clas1257/ital1284/lati1262/lati1263/impe1234/roma1334/ital1285/west2813/shif1234/sout3183/west2838/astu1244,"['indo1319', 'clas1257', 'ital1284', 'lati1262', 'lati1263', 'impe1234', 'roma1334', 'ital1285', 'west2813', 'shif1234', 'sout3183', 'west2838', 'astu1244']",indo1319,clas1257,Indo-European,family,Classical Indo-European,family,Latn
887,mbb,http://www.wikidata.org/entity/Q7987643,Western Bukidnon Manobo,15000,,west2555,Western Bukidnon Manobo,Papunesia,7.6682,124.825,west2555,mbb,language,PH,aust1307,,mbb,,,False,west2555,aust1307/mala1545/grea1284/mano1276/cent2255/east2778/west2829/west2554,"['aust1307', 'mala1545', 'grea1284', 'mano1276', 'cent2255', 'east2778', 'west2829', 'west2554']",aust1307,mala1545,Austronesian,family,Malayo-Polynesian,family,Latn
888,pmt,http://www.wikidata.org/entity/Q36763,Tuamotuan,15000,,tuam1242,Tuamotuan,Papunesia,-16.17259,-146.321755,tuam1242,pmt,language,PF,aust1307,,pmt,,,False,tuam1242,aust1307/mala1545/east2712/ocea1241/cent2060/east2445/poly1242/nucl1485/nort3246/solo1260/cent2298/east2449/east2896/sout3383,"['aust1307', 'mala1545', 'east2712', 'ocea1241', 'cent2060', 'east2445', 'poly1242', 'nucl1485', 'nort3246', 'solo1260', 'cent2298', 'east2449', 'east2896', 'sout3383']",aust1307,mala1545,Austronesian,family,Malayo-Polynesian,family,Latn
889,cto,http://www.wikidata.org/entity/Q3052039,Catio,15000,,embe1260,Emberá-Catío,South America,7.52721,-76.7476,embe1260,cto,language,CO;PA,choc1280,,cto,,,False,embe1260,choc1280/embe1258/atra1235,"['choc1280', 'embe1258', 'atra1235']",choc1280,embe1258,Chocoan,family,Embera,family,Latn
890,fse,http://www.wikidata.org/entity/Q33225,Finnish Sign Language,15000,,finn1310,Finnish Sign Language,Eurasia,60.661,25.0677,finn1310,fse,language,AX;FI,sign1238,,fse,,,False,finn1310,sign1238/deaf1237/swed1257/finn1319,"['sign1238', 'deaf1237', 'swed1257', 'finn1319']",sign1238,deaf1237,Sign Language,family,L1 Sign Language,family,
891,twh,http://www.wikidata.org/entity/Q7675751,Tai Dón,15000,,taid1250,Tai Dón,Eurasia,21.84898,103.570496667,taid1250,twh,language,CN;LA;VN,taik1256,,twh,,,False,taid1250,taik1256/kamt1241/daic1238/daic1237/cent2251/wenm1239/sapa1255/sout3184/sout2743/chia1264/whit1265,"['taik1256', 'kamt1241', 'daic1238', 'daic1237', 'cent2251', 'wenm1239', 'sapa1255', 'sout3184', 'sout2743', 'chia1264', 'whit1265']",taik1256,kamt1241,Tai-Kadai,family,Kam-Tai,family,Latn
892,yli,http://www.wikidata.org/entity/Q3514481,Angguruk Yali,15000,,angg1239,Angguruk Yali,Papunesia,-4.0836,139.457,angg1239,yli,language,ID,nucl1709,,yli,,,False,angg1239,nucl1709/dani1287/ngal1299/yali1257,"['nucl1709', 'dani1287', 'ngal1299', 'yali1257']",nucl1709,dani1287,Nuclear Trans New Guinea,family,Dani,family,Latn
893,lbj,http://www.wikidata.org/entity/Q35833,Ladakhi,14952,,lada1244,Leh Ladakhi,Eurasia,34.14649,77.56261,lada1244,lbj,language,CN;IN,sino1245,,lbj,,,False,lada1244,sino1245/bodi1256/bodi1257/oldm1245/lada1242/kenh1234,"['sino1245', 'bodi1256', 'bodi1257', 'oldm1245', 'lada1242', 'kenh1234']",sino1245,bodi1256,Sino-Tibetan,family,Bodic,family,Tibt
894,pug,http://www.wikidata.org/entity/Q36375,Puguli,14300,,phui1238,Phuie,Africa,11.02348,-3.47165,phui1238,pug,language,BF,atla1278,,pug,,,False,phui1238,atla1278/volt1241/nort3149/gura1261/cent2243/sout3164/grus1239/east2740/west2837,"['atla1278', 'volt1241', 'nort3149', 'gura1261', 'cent2243', 'sout3164', 'grus1239', 'east2740', 'west2837']",atla1278,volt1241,Atlantic-Congo,family,Volta-Congo,family,Latn
895,duu,http://www.wikidata.org/entity/Q56406,Derung,14225,,drun1238,Drung,Eurasia,28.00792,98.49449,drun1238,duu,language,CN;MM,sino1245,,duu,,,False,drun1238,sino1245/nung1293/guno1235,"['sino1245', 'nung1293', 'guno1235']",sino1245,nung1293,Sino-Tibetan,family,Nungish,family,Latn
896,bgj,http://www.wikidata.org/entity/Q34862,Bangolan,14000,,bang1356,Bangolan,Africa,6.0125,10.667,bang1356,bgj,language,CM,atla1278,,bgj,,,False,bang1356,atla1278/volt1241/benu1247/bant1294/sout3152/wide1239/narr1282/mbam1249/sout3350/mbam1253,"['atla1278', 'volt1241', 'benu1247', 'bant1294', 'sout3152', 'wide1239', 'narr1282', 'mbam1249', 'sout3350', 'mbam1253']",atla1278,volt1241,Atlantic-Congo,family,Volta-Congo,family,Latn
897,riu,http://www.wikidata.org/entity/Q7336938,Riung,14000,,riun1237,Riung,Papunesia,-8.60342,121.122,riun1237,riu,language,ID,aust1307,,riu,,,False,riun1237,aust1307/mala1545/bima1248/flor1244/flor1241/mang1430/mang1436,"['aust1307', 'mala1545', 'bima1248', 'flor1244', 'flor1241', 'mang1430', 'mang1436']",aust1307,mala1545,Austronesian,family,Malayo-Polynesian,family,Latn
899,cbt,http://www.wikidata.org/entity/Q1526525,Chayahuita,14000,,chay1248,Shawi,South America,-5.63764,-76.8252,chay1248,cbt,language,PE,cahu1265,,cbt,,,False,chay1248,cahu1265,['cahu1265'],cahu1265,,Cahuapanan,family,,,Latn
900,pid,http://www.wikidata.org/entity/Q3382207,Piaroa,13770,,piar1243,Piaroa,South America,4.41805,-67.7574,piar1243,pid,language,CO;VE,sali1297,,pid,,,False,piar1243,sali1297/maco1238,"['sali1297', 'maco1238']",sali1297,maco1238,Saliban,family,Maco-Piaroa,family,Latn
901,apw,http://www.wikidata.org/entity/Q28060,Western Apache,13445,,west2615,Western Apache,North America,33.8574,-110.123,west2615,apw,language,US,atha1245,,apw,,,False,west2615,atha1245/atha1246/atha1247/apac1239/sout3151/west2810,"['atha1245', 'atha1246', 'atha1247', 'apac1239', 'sout3151', 'west2810']",atha1245,atha1246,Athabaskan-Eyak-Tlingit,family,Athabaskan-Eyak,family,Latn
902,aiw,http://www.wikidata.org/entity/Q7495,Aari,13300,,aari1239,Aari,Africa,5.95034,36.5721,aari1239,aiw,language,ET,sout2845,,aiw,,,False,aari1239,sout2845/ahkk1235/aari1238,"['sout2845', 'ahkk1235', 'aari1238']",sout2845,ahkk1235,South Omotic,family,AHK,family,Latn
903,hsb,http://www.wikidata.org/entity/Q13248,Upper Sorbian,13300,,uppe1395,Upper Sorbian,Eurasia,51.2403,14.4098,uppe1395,hsb,language,DE,indo1319,,hsb,,,False,uppe1395,indo1319/clas1257/balt1263/slav1255/west2792/sorb1249,"['indo1319', 'clas1257', 'balt1263', 'slav1255', 'west2792', 'sorb1249']",indo1319,clas1257,Indo-European,family,Classical Indo-European,family,Latn
904,kzg,http://www.wikidata.org/entity/Q3196527,Kikai,13100,,kika1239,Kikai,Eurasia,28.31,129.982,kika1239,kzg,language,JP,japo1237,,kzg,,,False,kika1239,japo1237/ryuk1243/nort3255/amam1245,"['japo1237', 'ryuk1243', 'nort3255', 'amam1245']",japo1237,ryuk1243,Japonic,family,Ryukyuan,family,
905,gha,http://www.wikidata.org/entity/Q56747,Ghadamès,13100,,ghad1239,Ghadames,Africa,30.1168,10.0165,ghad1239,gha,language,DZ;LY;TN,afro1255,,gha,,,False,ghad1239,afro1255/berb1260,"['afro1255', 'berb1260']",afro1255,berb1260,Afro-Asiatic,family,Berber,family,Arab
906,kht,http://www.wikidata.org/entity/Q3915502,Khamti,13000,,kham1290,Khamti,Eurasia,27.6653,97.0359,kham1290,kht,language,IN;MM,taik1256,,kht,,,False,kham1290,taik1256/kamt1241/daic1238/daic1237/cent2251/wenm1239/sapa1255/sout3184/sout2743/shan1276/assa1264/assa1276,"['taik1256', 'kamt1241', 'daic1238', 'daic1237', 'cent2251', 'wenm1239', 'sapa1255', 'sout3184', 'sout2743', 'shan1276', 'assa1264', 'assa1276']",taik1256,kamt1241,Tai-Kadai,family,Kam-Tai,family,Mymr
907,wap,http://www.wikidata.org/entity/Q3450493,Wapishana,13000,,wapi1253,Wapishana,South America,2.58744,-59.8021,wapi1253,wap,language,BR;GY,araw1281,,wap,,,False,wapi1253,araw1281/negr1239/mapi1253/wapi1252/wapi1254,"['araw1281', 'negr1239', 'mapi1253', 'wapi1252', 'wapi1254']",araw1281,negr1239,Arawakan,family,Negro-Roraima,family,Latn
908,csq,http://www.wikidata.org/entity/Q3507506,Croatian Sign Language,13000,,croa1242,Croatian Sign Language,Eurasia,45.502,16.796,croa1242,csq,language,HR,sign1238,,csq,,,False,croa1242,sign1238/deaf1237/lsfi1234/yugo1239,"['sign1238', 'deaf1237', 'lsfi1234', 'yugo1239']",sign1238,deaf1237,Sign Language,family,L1 Sign Language,family,
909,tvl,http://www.wikidata.org/entity/Q34055,Tuvaluan,13000,,tuva1244,Tuvalu,Papunesia,-8.520813,179.198088,tuva1244,tvl,language,FJ;KI;NR;NZ;TV,aust1307,,tvl,,,False,tuva1244,aust1307/mala1545/east2712/ocea1241/cent2060/east2445/poly1242/nucl1485/elli1239,"['aust1307', 'mala1545', 'east2712', 'ocea1241', 'cent2060', 'east2445', 'poly1242', 'nucl1485', 'elli1239']",aust1307,mala1545,Austronesian,family,Malayo-Polynesian,family,Latn
910,ghs,http://www.wikidata.org/entity/Q11732219,Guhu-Samane,13000,,guhu1244,Guhu-Samane,Papunesia,-7.99922,147.228,guhu1244,ghs,language,PG,nucl1709,,ghs,,,False,guhu1244,nucl1709/bina1276,"['nucl1709', 'bina1276']",nucl1709,bina1276,Nuclear Trans New Guinea,family,Greater Binanderean,family,Latn
911,yul,http://www.wikidata.org/entity/Q3915595,Yulu,13000,,yulu1243,Yulu-Binga,Africa,8.04124,23.6166,yulu1243,yul,language,CD;CF;SD;SS,cent2225,,yul,,,False,yulu1243,cent2225/sara1341/sbbo1237,"['cent2225', 'sara1341', 'sbbo1237']",cent2225,sara1341,Central Sudanic,family,Sara-Bongo-Bagirmi,family,Latn
912,qux,http://www.wikidata.org/entity/Q36964,Yauyos–Chincha Quechua,13000,,yauy1235,Yauyos Quechua,South America,-12.62,-75.7,yauy1235,qux,language,PE,quec1387,,qux,,,False,yauy1235,quec1387/quec1386/huan1255,"['quec1387', 'quec1386', 'huan1255']",quec1387,quec1386,Quechuan,family,Quechua I,family,Latn
913,sqs,http://www.wikidata.org/entity/Q3915466,Sri Lankan Sign Language,12800,,sril1237,Sri Lankan Sign Language,Eurasia,7.10588,79.857,sril1237,sqs,language,LK,sign1238,,sqs,,,False,sril1237,sign1238/deaf1237/bsli1234,"['sign1238', 'deaf1237', 'bsli1234']",sign1238,deaf1237,Sign Language,family,L1 Sign Language,family,
914,ssn,http://www.wikidata.org/entity/Q3501553,Waata,12600,,waat1238,Waata,Africa,-3.25406,40.03761,waat1238,ssn,language,KE,afro1255,,ssn,,,False,waat1238,afro1255/cush1243/east2699/lowl1267/sout3055/main1283/nucl1701/nucl1736/cent2302/cent2424/tana1300,"['afro1255', 'cush1243', 'east2699', 'lowl1267', 'sout3055', 'main1283', 'nucl1701', 'nucl1736', 'cent2302', 'cent2424', 'tana1300']",afro1255,cush1243,Afro-Asiatic,family,Cushitic,family,Latn
915,abm,http://www.wikidata.org/entity/Q7502,Abanyom,12500,,aban1242,Abanyom,Africa,6.30619,8.63055,aban1242,abm,language,NG,atla1278,,abm,,,False,aban1242,atla1278/volt1241/benu1247/bant1294/sout3152/ekoi1237/ekoi1236/ejag1240/bako1254/nort3374/aban1245,"['atla1278', 'volt1241', 'benu1247', 'bant1294', 'sout3152', 'ekoi1237', 'ekoi1236', 'ejag1240', 'bako1254', 'nort3374', 'aban1245']",atla1278,volt1241,Atlantic-Congo,family,Volta-Congo,family,Latn
916,ddo,http://www.wikidata.org/entity/Q34033,Tsez,12467,,dido1241,Tsez,Eurasia,42.2646,45.8096,dido1241,ddo,language,GE;RU,nakh1245,,ddo,,,False,dido1241,nakh1245/dagh1238/avar1255/tsez1239/west2429,"['nakh1245', 'dagh1238', 'avar1255', 'tsez1239', 'west2429']",nakh1245,dagh1238,Nakh-Daghestanian,family,Daghestanian,family,Cyrl
917,chr,http://www.wikidata.org/entity/Q33388,Cherokee,12300,,cher1273,Cherokee,North America,35.4664,-83.163,cher1273,chr,language,US,iroq1247,,chr,,,False,cher1273,iroq1247,['iroq1247'],iroq1247,,Iroquoian,family,,,Cher
918,kwi,http://www.wikidata.org/entity/Q2603103,Awa Pit,12055,,awac1239,Awa-Cuaiquer,South America,1.21652,-78.3401,awac1239,kwi,language,CO;EC,barb1265,,kwi,,,False,awac1239,barb1265/awas1234,"['barb1265', 'awas1234']",barb1265,awas1234,Barbacoan,family,Awa-Southern Barbacoan,family,Latn
919,yai,http://www.wikidata.org/entity/Q34247,Yaghnobi,12000,,yagn1238,Yagnobi,Eurasia,39.1486,69.2422,yagn1238,yai,language,TJ,indo1319,,yai,,,False,yagn1238,indo1319/clas1257/indo1320/iran1271/iran1269/cent2317/sogd1247/sogd1248/sogd1246,"['indo1319', 'clas1257', 'indo1320', 'iran1271', 'iran1269', 'cent2317', 'sogd1247', 'sogd1248', 'sogd1246']",indo1319,clas1257,Indo-European,family,Classical Indo-European,family,Cyrl
920,atq,http://www.wikidata.org/entity/Q4783889,Aralle-Tabulahan,12000,,aral1243,Aralle-Tabulahan,Papunesia,-2.78397,119.319,aral1243,atq,language,ID,aust1307,,atq,,,False,aral1243,aust1307/mala1545/sout2923/sout3413/nort2894/pitu1237/mata1312,"['aust1307', 'mala1545', 'sout2923', 'sout3413', 'nort2894', 'pitu1237', 'mata1312']",aust1307,mala1545,Austronesian,family,Malayo-Polynesian,family,Latn
921,mqs,http://www.wikidata.org/entity/Q3033575,West Makian,12000,,west2600,West Makian,Papunesia,0.45332,127.63,west2600,mqs,language,ID,nort2923,,mqs,,,False,west2600,nort2923,['nort2923'],nort2923,,North Halmahera,family,,,Latn
922,szw,http://www.wikidata.org/entity/Q3447258,Sawai,12000,,sawa1247,Sawai,Papunesia,0.51111,128.086,sawa1247,szw,language,ID,aust1307,,szw,,,False,sawa1247,aust1307/mala1545/east2712/sout3229/raja1255/sout3231/gebe1238/cent2270/gamr1234,"['aust1307', 'mala1545', 'east2712', 'sout3229', 'raja1255', 'sout3231', 'gebe1238', 'cent2270', 'gamr1234']",aust1307,mala1545,Austronesian,family,Malayo-Polynesian,family,Latn
923,aut,http://www.wikidata.org/entity/Q2669261,Austral,12000,,aust1304,Austral,Papunesia,-23.3843,-149.462,aust1304,aut,language,PF,aust1307,,aut,,,False,aust1304,aust1307/mala1545/east2712/ocea1241/cent2060/east2445/poly1242/nucl1485/nort3246/solo1260/cent2298/east2449/east2896/sout3383/tahi1244,"['aust1307', 'mala1545', 'east2712', 'ocea1241', 'cent2060', 'east2445', 'poly1242', 'nucl1485', 'nort3246', 'solo1260', 'cent2298', 'east2449', 'east2896', 'sout3383', 'tahi1244']",aust1307,mala1545,Austronesian,family,Malayo-Polynesian,family,Latn
924,bbt,http://www.wikidata.org/entity/Q3441324,Mburku,12000,,mbur1239,Mburku,Africa,10.9276,9.81365,mbur1239,bbt,language,NG,afro1255,,bbt,,,False,mbur1239,afro1255/chad1250/west2785/west2790/west2712/nucl1830,"['afro1255', 'chad1250', 'west2785', 'west2790', 'west2712', 'nucl1830']",afro1255,chad1250,Afro-Asiatic,family,Chadic,family,Latn
925,mbf,http://www.wikidata.org/entity/Q18642798,Baba Malay,12000,,baba1267,Baba Malay,Eurasia,1.75414,103.076,baba1267,mbf,language,MY;SG,aust1307,,mbf,,,False,baba1267,aust1307/mala1545/mala1554/mala1538/nucl1806/vehi1234,"['aust1307', 'mala1545', 'mala1554', 'mala1538', 'nucl1806', 'vehi1234']",aust1307,mala1545,Austronesian,family,Malayo-Polynesian,family,Latn
926,aib,http://www.wikidata.org/entity/Q27927,Äynu,12000,,ainu1251,Ainu (China),Eurasia,39.2714,76.4209,ainu1251,aib,language,CN,turk1311,,aib,,,False,ainu1251,turk1311/comm1245/kipc1240/uygh1241/uygh1240/uigh1243,"['turk1311', 'comm1245', 'kipc1240', 'uygh1241', 'uygh1240', 'uigh1243']",turk1311,comm1245,Turkic,family,Common Turkic,family,Arab
927,lcl,http://www.wikidata.org/entity/Q6558753,Lisela,11900,,lise1239,Lisela,Papunesia,-3.27358,126.981,lise1239,lcl,language,ID,aust1307,,lcl,,,False,lise1239,aust1307/mala1545/west2817/sula1247/buru1322,"['aust1307', 'mala1545', 'west2817', 'sula1247', 'buru1322']",aust1307,mala1545,Austronesian,family,Malayo-Polynesian,family,Latn
928,wbl,http://www.wikidata.org/entity/Q34208,Wakhi,11900,,wakh1245,Wakhi,Eurasia,37.1768,73.9777,wakh1245,wbl,language,AF;CN;PK;TJ,indo1319,,wbl,,,False,wakh1245,indo1319/clas1257/indo1320/iran1271/iran1269/saka1303,"['indo1319', 'clas1257', 'indo1320', 'iran1271', 'iran1269', 'saka1303']",indo1319,clas1257,Indo-European,family,Classical Indo-European,family,Latn
929,wbk,http://www.wikidata.org/entity/Q34196,Waigali,11500,,waig1243,Nuristani Kalasha,Eurasia,35.191171,70.993533,waig1243,wbk,language,AF,indo1319,,wbk,,,False,waig1243,indo1319/clas1257/indo1320/iran1271/nuri1243/ashk1248/waig1246,"['indo1319', 'clas1257', 'indo1320', 'iran1271', 'nuri1243', 'ashk1248', 'waig1246']",indo1319,clas1257,Indo-European,family,Classical Indo-European,family,Arab
930,dbp,http://www.wikidata.org/entity/Q56301,Ɗuwai,11400,,duwa1244,Duwai,Africa,12.803,11.3367,duwa1244,dbp,language,NG,afro1255,,dbp,,,False,duwa1244,afro1255/chad1250/west2785/west2790/west2710,"['afro1255', 'chad1250', 'west2785', 'west2790', 'west2710']",afro1255,chad1250,Afro-Asiatic,family,Chadic,family,Latn
931,chp,http://www.wikidata.org/entity/Q27692,Chipewyan,11325,,chip1261,Chipewyan,North America,58.98,-104.44,chip1261,chp,language,CA,atha1245,,chp,,,False,chip1261,atha1245/atha1246/atha1247/nort3354,"['atha1245', 'atha1246', 'atha1247', 'nort3354']",atha1245,atha1246,Athabaskan-Eyak-Tlingit,family,Athabaskan-Eyak,family,Latn
932,bne,http://www.wikidata.org/entity/Q4914533,Bintauna,11200,,bint1245,Bintauna,Papunesia,0.75069,123.486,bint1245,bne,language,ID,aust1307,,bne,,,False,bint1245,aust1307/mala1545/grea1284/goro1257/goro1273,"['aust1307', 'mala1545', 'grea1284', 'goro1257', 'goro1273']",aust1307,mala1545,Austronesian,family,Malayo-Polynesian,family,Latn
933,moe,http://www.wikidata.org/entity/Q13351,Innu-aimun,11000,,mont1268,Montagnais,North America,49.0533,-68.7376,mont1268,moe,language,CA,algi1248,,moe,,,False,mont1268,algi1248/algo1256/algo1257/cree1271,"['algi1248', 'algo1256', 'algo1257', 'cree1271']",algi1248,algo1256,Algic,family,Algonquian-Blackfoot,family,Latn
934,fax,http://www.wikidata.org/entity/Q300402,Fala,11000,,fala1241,Fala,Eurasia,40.1651,-6.91452,fala1241,fax,language,ES;PT,indo1319,,fax,,,False,fala1241,indo1319/clas1257/ital1284/lati1262/lati1263/impe1234/roma1334/ital1285/west2813/shif1234/sout3183/west2838/gali1263,"['indo1319', 'clas1257', 'ital1284', 'lati1262', 'lati1263', 'impe1234', 'roma1334', 'ital1285', 'west2813', 'shif1234', 'sout3183', 'west2838', 'gali1263']",indo1319,clas1257,Indo-European,family,Classical Indo-European,family,Latn
935,kuh,http://www.wikidata.org/entity/Q3438747,Kushi,11000,,kush1236,Kushi,Africa,9.40731,10.9396,kush1236,kuh,language,NG,afro1255,,kuh,,,False,kush1236,afro1255/chad1250/west2785/west2714/west2799/west2715/tang1366/tang1367,"['afro1255', 'chad1250', 'west2785', 'west2714', 'west2799', 'west2715', 'tang1366', 'tang1367']",afro1255,chad1250,Afro-Asiatic,family,Chadic,family,Latn
936,ptn,http://www.wikidata.org/entity/Q7144242,Patani,10600,,pata1260,Patani,Papunesia,0.34096,128.634,pata1260,ptn,language,ID,aust1307,,ptn,,,False,pata1260,aust1307/mala1545/east2712/sout3229/raja1255/sout3231/gebe1238/cent2270/gamr1234/sout3422,"['aust1307', 'mala1545', 'east2712', 'sout3229', 'raja1255', 'sout3231', 'gebe1238', 'cent2270', 'gamr1234', 'sout3422']",aust1307,mala1545,Austronesian,family,Malayo-Polynesian,family,Latn
937,ojs,http://www.wikidata.org/entity/Q56494,Oji-Cree,10500,,seve1240,Severn Ojibwa,North America,53.9092,-89.9331,seve1240,ojs,language,CA,algi1248,,ojs,,,False,seve1240,algi1248/algo1256/algo1257/east2765/ojib1240/ojib1241/seve1242,"['algi1248', 'algo1256', 'algo1257', 'east2765', 'ojib1240', 'ojib1241', 'seve1242']",algi1248,algo1256,Algic,family,Algonquian-Blackfoot,family,Cans
938,dru,http://www.wikidata.org/entity/Q49232,Rukai,10500,,ruka1240,Rukai,Papunesia,22.7738,120.844,ruka1240,dru,language,CN,aust1307,,dru,,,False,ruka1240,aust1307,['aust1307'],aust1307,,Austronesian,family,,,Latn
939,asf,http://www.wikidata.org/entity/Q29525,Auslan,10100,,aust1271,Auslan,Australia,-30.0,145.0,aust1271,asf,language,AU,sign1238,,asf,,,False,aust1271,sign1238/deaf1237/bsli1234/banz1243/aust1310,"['sign1238', 'deaf1237', 'bsli1234', 'banz1243', 'aust1310']",sign1238,deaf1237,Sign Language,family,L1 Sign Language,family,
940,agu,http://www.wikidata.org/entity/Q35091,Awakatek,10100,,agua1252,Aguacateco,North America,15.3307,-91.3153,agua1252,agu,language,GT,maya1287,,agu,,,False,agua1252,maya1287/core1254/quic1274/grea1277/ixil1250,"['maya1287', 'core1254', 'quic1274', 'grea1277', 'ixil1250']",maya1287,core1254,Mayan,family,Core Mayan,family,Latn
941,deq,http://www.wikidata.org/entity/Q11003439,Dendi,10000,,dend1242,Dendi (Central African Republic),Africa,4.48146,22.566,dend1242,deq,language,CD;CF,atla1278,,deq,,,False,dend1242,atla1278/volt1241/nort3149/came1255/uban1244/ngba1290/ngba1280/nucl1737,"['atla1278', 'volt1241', 'nort3149', 'came1255', 'uban1244', 'ngba1290', 'ngba1280', 'nucl1737']",atla1278,volt1241,Atlantic-Congo,family,Volta-Congo,family,Latn
942,niu,http://www.wikidata.org/entity/Q33790,Niuean,10000,,niue1239,Niuean,Papunesia,-19.06,-169.86,niue1239,niu,language,CK;NU;NZ;TO,aust1307,,niu,,,False,niue1239,aust1307/mala1545/east2712/ocea1241/cent2060/east2445/poly1242/tong1324,"['aust1307', 'mala1545', 'east2712', 'ocea1241', 'cent2060', 'east2445', 'poly1242', 'tong1324']",aust1307,mala1545,Austronesian,family,Malayo-Polynesian,family,Latn
943,kot,http://www.wikidata.org/entity/Q3502264,Lagwan,10000,,lagw1237,Lagwan,Africa,11.5592,14.9884,lagw1237,kot,language,CM;NG;TD,afro1255,,kot,,,False,lagw1237,afro1255/chad1250/bium1280/nort3156/koto1267/koto1263,"['afro1255', 'chad1250', 'bium1280', 'nort3156', 'koto1267', 'koto1263']",afro1255,chad1250,Afro-Asiatic,family,Chadic,family,Latn
944,lou,http://www.wikidata.org/entity/Q1185127,Louisiana Creole,10000,,loui1240,Louisiana Creole French,North America,30.0412,-90.7475,loui1240,lou,language,US,indo1319,,lou,,,False,loui1240,indo1319/clas1257/ital1284/lati1262/lati1263/impe1234/roma1334/ital1285/west2813/shif1234/nort3208/gall1280/oila1234/cent2283/macr1273/circ1240,"['indo1319', 'clas1257', 'ital1284', 'lati1262', 'lati1263', 'impe1234', 'roma1334', 'ital1285', 'west2813', 'shif1234', 'nort3208', 'gall1280', 'oila1234', 'cent2283', 'macr1273', 'circ1240']",indo1319,clas1257,Indo-European,family,Classical Indo-European,family,Latn
945,car,http://www.wikidata.org/entity/Q56611,Carib,10000,,gali1262,Galibi Carib,South America,5.83772,-56.8323,gali1262,car,language,BR;GF;GY;SR;VE,cari1283,,car,,,False,gali1262,cari1283/guia1242,"['cari1283', 'guia1242']",cari1283,guia1242,Cariban,family,Guianan,family,Latn
946,kry,http://www.wikidata.org/entity/Q35861,Kryts,10000,,kryt1240,Kryz,Eurasia,41.1811,48.1846,kryt1240,kry,language,AZ,nakh1245,,kry,,,False,kryt1240,nakh1245/dagh1238/lezg1248/nucl1321/sout2753,"['nakh1245', 'dagh1238', 'lezg1248', 'nucl1321', 'sout2753']",nakh1245,dagh1238,Nakh-Daghestanian,family,Daghestanian,family,Latn
947,sea,http://www.wikidata.org/entity/Q3135426,Semai,10000,,sema1266,Semai,Eurasia,4.13257,101.477,sema1266,sea,language,MY,aust1305,,sea,,,False,sema1266,aust1305/asli1243/cent1987/seno1278,"['aust1305', 'asli1243', 'cent1987', 'seno1278']",aust1305,asli1243,Austroasiatic,family,Aslian,family,Latn
948,bis,http://www.wikidata.org/entity/Q35452,Bislama,10000,,bisl1239,Bislama,Papunesia,-15.4,166.89,bisl1239,bis,language,NC;VU,indo1319,,bis,,,False,bisl1239,indo1319/clas1257/germ1287/nort3152/west2793/nort3175/angl1264/angl1265/late1254/merc1242/macr1271/paci1280/earl1243,"['indo1319', 'clas1257', 'germ1287', 'nort3152', 'west2793', 'nort3175', 'angl1264', 'angl1265', 'late1254', 'merc1242', 'macr1271', 'paci1280', 'earl1243']",indo1319,clas1257,Indo-European,family,Classical Indo-European,family,
949,yva,http://www.wikidata.org/entity/Q3572020,Yawa,10000,,nucl1454,Yawa,Papunesia,-1.77196,136.263,nucl1454,yva,language,ID,yawa1259,,yva,,,False,nucl1454,yawa1259,['yawa1259'],yawa1259,,Yawa-Saweru,family,,,Latn
950,cbi,http://www.wikidata.org/entity/Q2591329,Cha'palaa,10000,,chac1249,Cha'palaa,South America,0.71489,-79.0508,chac1249,cbi,language,EC,barb1265,,cbi,,,False,chac1249,barb1265/awas1234/caya1244,"['barb1265', 'awas1234', 'caya1244']",barb1265,awas1234,Barbacoan,family,Awa-Southern Barbacoan,family,Latn
951,hvn,http://www.wikidata.org/entity/Q2319877,Hawu,10000,,sabu1255,Hawu,Papunesia,-10.5522,121.847,sabu1255,hvn,language,ID,aust1307,,hvn,,,False,sabu1255,aust1307/mala1545/bima1248/sumb1242/hawu1234,"['aust1307', 'mala1545', 'bima1248', 'sumb1242', 'hawu1234']",aust1307,mala1545,Austronesian,family,Malayo-Polynesian,family,Latn
952,beu,http://www.wikidata.org/entity/Q4923846,Blagar,10000,,blag1240,Blagar,Papunesia,-8.31787,124.251,blag1240,beu,language,ID,timo1261,,beu,,,False,blag1240,timo1261/alor1249/nucl1821/west2994/kaer1235/blag1241,"['timo1261', 'alor1249', 'nucl1821', 'west2994', 'kaer1235', 'blag1241']",timo1261,alor1249,Timor-Alor-Pantar,family,Alor-Pantar,family,Latn
953,peh,http://www.wikidata.org/entity/Q32983,Bonan,10000,,bona1250,Bonan,Eurasia,35.515,102.01778,bona1250,peh,language,CN,mong1349,,peh,,,False,bona1250,mong1349/mong1329/sout2705/shir1260/baoa1237,"['mong1349', 'mong1329', 'sout2705', 'shir1260', 'baoa1237']",mong1349,mong1329,Mongolic-Khitan,family,Mongolic,family,
954,scp,http://www.wikidata.org/entity/Q19841092,Yolmo,10000,,hela1238,Lamjung-Melamchi Yolmo,Eurasia,27.9212,85.6289,hela1238,scp,language,NP,sino1245,,scp,,,False,hela1238,sino1245/bodi1256/bodi1257/oldm1245/tibe1276/late1253/cent2346/sout3216/kyir1235/yolm1234,"['sino1245', 'bodi1256', 'bodi1257', 'oldm1245', 'tibe1276', 'late1253', 'cent2346', 'sout3216', 'kyir1235', 'yolm1234']",sino1245,bodi1256,Sino-Tibetan,family,Bodic,family,Deva
955,frr,http://www.wikidata.org/entity/Q28224,North Frisian,10000,,nort2626,Northern Frisian,Eurasia,54.6409,8.58489,nort2626,frr,language,DE;DK,indo1319,,frr,,,False,nort2626,indo1319/clas1257/germ1287/nort3152/west2793/nort3175/angl1264/fris1239,"['indo1319', 'clas1257', 'germ1287', 'nort3152', 'west2793', 'nort3175', 'angl1264', 'fris1239']",indo1319,clas1257,Indo-European,family,Classical Indo-European,family,Latn
956,ojw,http://www.wikidata.org/entity/Q3474222,Western Ojibwa,10000,,west1510,Western Ojibwa,North America,50.5664,-102.525,west1510,ojw,language,CA,algi1248,,ojw,,,False,west1510,algi1248/algo1256/algo1257/east2765/ojib1240/ojib1241/nucl1723/nort3181,"['algi1248', 'algo1256', 'algo1257', 'east2765', 'ojib1240', 'ojib1241', 'nucl1723', 'nort3181']",algi1248,algo1256,Algic,family,Algonquian-Blackfoot,family,Latn
957,rmf,http://www.wikidata.org/entity/Q2093214,Finnish Kalo,10000,,kalo1256,Kalo Finnish Romani,Eurasia,60.45,24.43,kalo1256,rmf,language,FI;SE,indo1319,,rmf,,,False,kalo1256,indo1319/clas1257/indo1320/indo1321/midd1375/cont1248/midl1245/shau1239/indo1322/roma1329/roma1330/nort3197,"['indo1319', 'clas1257', 'indo1320', 'indo1321', 'midd1375', 'cont1248', 'midl1245', 'shau1239', 'indo1322', 'roma1329', 'roma1330', 'nort3197']",indo1319,clas1257,Indo-European,family,Classical Indo-European,family,Latn
958,mcq,http://www.wikidata.org/entity/Q5397551,Ese,10000,,esee1247,Ese,Papunesia,-9.09451,148.376,esee1247,mcq,language,PG,koia1260,,mcq,,,False,esee1247,koia1260/bara1376,"['koia1260', 'bara1376']",koia1260,bara1376,Koiarian,family,Baraic,family,Latn
959,kvb,http://www.wikidata.org/entity/Q6441341,Kubu,10000,,kubu1239,Kubu,Papunesia,-2.42661,102.193,kubu1239,kvb,language,ID,aust1307,,kvb,,,False,kubu1239,aust1307/mala1545/mala1554/mala1538/nucl1806/cent2391,"['aust1307', 'mala1545', 'mala1554', 'mala1538', 'nucl1806', 'cent2391']",aust1307,mala1545,Austronesian,family,Malayo-Polynesian,family,Latn
960,phl,http://www.wikidata.org/entity/Q2449549,Palula,10000,,phal1254,Palula,Eurasia,35.5096,71.8421,phal1254,phl,language,PK,indo1319,,phl,,,False,phal1254,indo1319/clas1257/indo1320/indo1321/midd1375/dard1244/nucl1819/shin1270/west2860/palu1255,"['indo1319', 'clas1257', 'indo1320', 'indo1321', 'midd1375', 'dard1244', 'nucl1819', 'shin1270', 'west2860', 'palu1255']",indo1319,clas1257,Indo-European,family,Classical Indo-European,family,Arab
961,huy,http://www.wikidata.org/entity/Q33426,Hulaulá,10000,,hula1244,Hulaulá,Eurasia,31.9111,43.4865,hula1244,huy,language,IL;IR;US,afro1255,,huy,,,False,hula1244,afro1255/semi1276/west2786/cent2236/nort3165/aram1259/impe1236/midd1367/east2680/cent2217/nort3241/tran1290,"['afro1255', 'semi1276', 'west2786', 'cent2236', 'nort3165', 'aram1259', 'impe1236', 'midd1367', 'east2680', 'cent2217', 'nort3241', 'tran1290']",afro1255,semi1276,Afro-Asiatic,family,Semitic,family,Hebr
962,vgr,http://www.wikidata.org/entity/Q7908480,Vaghri,10000,,vagh1246,Vaghri,Eurasia,26.1404,68.6051,vagh1246,vgr,language,PK,indo1319,,vgr,,,False,vagh1246,indo1319/clas1257/indo1320/indo1321/midd1375/cont1248/midl1245/apab1234/guja1255/guja1256/west2830,"['indo1319', 'clas1257', 'indo1320', 'indo1321', 'midd1375', 'cont1248', 'midl1245', 'apab1234', 'guja1255', 'guja1256', 'west2830']",indo1319,clas1257,Indo-European,family,Classical Indo-European,family,Arab
963,ryn,http://www.wikidata.org/entity/Q2840988,Northern Amami Ōshima,10000,,nort2935,Northern Amami-Oshima,Eurasia,28.20991,129.45346,nort2935,ryn,language,JP,japo1237,,ryn,,,False,nort2935,japo1237/ryuk1243/nort3255/amam1245/nucl1644/oshi1235,"['japo1237', 'ryuk1243', 'nort3255', 'amam1245', 'nucl1644', 'oshi1235']",japo1237,ryuk1243,Japonic,family,Ryukyuan,family,
964,kth,http://www.wikidata.org/entity/Q713643,Karanga,10000,,kara1484,Karanga,Africa,13.1748,20.6354,kara1484,kth,language,TD,maba1274,,kth,,,False,kara1484,maba1274/maba1275/maba1276/nucl1441,"['maba1274', 'maba1275', 'maba1276', 'nucl1441']",maba1274,maba1275,Maban,family,Mabang,family,Latn
